path,method,source,coverage_class,evidence
/api/v1/connect/health,GET,backend,internal-or-infra-only,e2e-results:docs/e2e/results/social.md
/api/academy/admin/question-bank/item-analysis,GET,backend,uncovered,
/api/academy/admin/question-bank/items,GET,backend,uncovered,
/api/academy/admin/question-bank/items,POST,backend,uncovered,
/api/academy/admin/question-bank/items/:id,GET,backend,uncovered,
/api/academy/admin/question-bank/items/:id,PUT,backend,uncovered,
/api/academy/admin/question-bank/items/:id/transition,POST,backend,uncovered,
/api/finance/academy/mastery,GET,backend,uncovered,
/api/finance/academy/practice,GET,backend,uncovered,
/api/finance/academy/practice/submit,POST,backend,uncovered,
/api/finance/academy/progress,GET,backend,uncovered,
/api/academy/admin/analytics/comparison/class,GET,backend,uncovered,
/api/academy/admin/analytics/difficulty/subjects/:classId,GET,backend,uncovered,
/api/academy/admin/analytics/distribution/grades,GET,backend,uncovered,
/api/academy/admin/analytics/rankings/exam,GET,backend,uncovered,
/api/academy/admin/analytics/refresh,POST,backend,uncovered,
/api/academy/admin/analytics/retention/cohorts,GET,backend,uncovered,
/api/academy/admin/analytics/trends/performance,GET,backend,uncovered,
/api/academy/admin/mock-exams/analytics,GET,backend,uncovered,
/api/academy/admin/mock-exams/templates,GET,backend,uncovered,
/api/academy/admin/mock-exams/templates,POST,backend,uncovered,
/api/academy/admin/mock-exams/templates/:id,PUT,backend,uncovered,
/api/academy/admin/mock-exams/templates/:id,DELETE,backend,uncovered,
/api/finance/academy/mock-exams/analytics,GET,backend,uncovered,
/api/finance/academy/mock-exams/attempts/:attempt_id,GET,backend,uncovered,
/api/finance/academy/mock-exams/attempts/:attempt_id/save,POST,backend,uncovered,
/api/finance/academy/mock-exams/attempts/:attempt_id/submit,POST,backend,uncovered,
/api/finance/academy/mock-exams/results/:attempt_id,GET,backend,uncovered,
/api/finance/academy/mock-exams/start,POST,backend,uncovered,
/api/finance/academy/mock-exams/statistics/:template_id,GET,backend,uncovered,
/api/finance/academy/mock-exams/templates,GET,backend,uncovered,
/api/finance/academy/mock-exams/templates/:id,GET,backend,uncovered,
/api/academy/commerce/admin/access-cards,GET,backend,uncovered,
/api/academy/commerce/admin/access-cards/allocate,POST,backend,uncovered,
/api/academy/commerce/admin/access-cards/generate,POST,backend,uncovered,
/api/academy/commerce/admin/bundles,GET,backend,uncovered,
/api/academy/commerce/admin/orders/:id/refund,POST,backend,uncovered,
/api/academy/commerce/admin/payments/overview,GET,backend,uncovered,
/api/academy/commerce/admin/plans,GET,backend,uncovered,
/api/finance/academy/commerce/access-cards/activate,POST,backend,uncovered,
/api/finance/academy/commerce/bundles,GET,backend,uncovered,
/api/finance/academy/commerce/bundles/:id,GET,backend,uncovered,
/api/finance/academy/commerce/bundles/:id/manifest,GET,backend,uncovered,
/api/finance/academy/commerce/orders,POST,backend,uncovered,
/api/finance/academy/commerce/orders/:id/bnpl,POST,backend,uncovered,
/api/finance/academy/commerce/orders/:id/pay,POST,backend,uncovered,
/api/finance/academy/commerce/plans,GET,backend,uncovered,
/api/finance/academy/commerce/subscribe,POST,backend,uncovered,
/api/finance/academy/commerce/sync,POST,backend,uncovered,
/api/academy/admin/content/bundles/:id/publish,POST,backend,uncovered,
/api/academy/admin/content/items,GET,backend,uncovered,
/api/academy/admin/content/lessons/:id/publish,POST,backend,uncovered,
/api/academy/admin/content/localizations,GET,backend,uncovered,
/api/academy/admin/content/localizations,POST,backend,uncovered,
/api/academy/admin/content/localizations,DELETE,backend,uncovered,
/api/academy/admin/content/productions,GET,backend,uncovered,
/api/academy/admin/content/productions,POST,backend,uncovered,
/api/academy/admin/content/productions/:id,GET,backend,uncovered,
/api/academy/admin/content/productions/:id,PUT,backend,uncovered,
/api/academy/admin/content/productions/:id/advance,POST,backend,uncovered,
/api/academy/admin/content/productions/:id/block,POST,backend,uncovered,
/api/finance/academy/content/bundles,GET,backend,uncovered,
/api/finance/academy/content/bundles/:id/manifest,GET,backend,uncovered,
/api/finance/academy/content/lessons/:objectiveId,GET,backend,uncovered,
/api/academy/admin/credentials/:id/revoke,POST,backend,uncovered,
/api/academy/admin/earning/opportunities,GET,backend,uncovered,
/api/academy/admin/earning/opportunities,POST,backend,uncovered,
/api/academy/admin/earning/opportunities/:id,PUT,backend,uncovered,
/api/finance/academy/credentials,GET,backend,uncovered,
/api/finance/academy/credentials/:id,GET,backend,uncovered,
/api/finance/academy/credentials/verify/:verificationId,GET,backend,uncovered,
/api/finance/academy/earning/apply,POST,backend,uncovered,
/api/finance/academy/earning/opportunities,GET,backend,uncovered,
/api/finance/academy/earning/opportunities/:id,GET,backend,uncovered,
/api/academy/admin/curriculum/classes,POST,backend,uncovered,
/api/academy/admin/curriculum/classes/:id,PATCH,backend,uncovered,
/api/academy/admin/curriculum/objectives,POST,backend,uncovered,
/api/academy/admin/curriculum/objectives/:id,PATCH,backend,uncovered,
/api/academy/admin/curriculum/subjects,POST,backend,uncovered,
/api/academy/admin/curriculum/subjects/:id,PATCH,backend,uncovered,
/api/academy/admin/curriculum/subjects/:id/topics,GET,backend,uncovered,
/api/academy/admin/curriculum/topics,POST,backend,uncovered,
/api/academy/admin/curriculum/topics/:id,PATCH,backend,uncovered,
/api/academy/admin/curriculum/topics/:id/objectives,GET,backend,uncovered,
/api/academy/admin/curriculum/tree,GET,backend,uncovered,
/api/academy/admin/curriculum/versions,POST,backend,uncovered,
/api/academy/admin/curriculum/versions/:id,PATCH,backend,uncovered,
/api/academy/admin/curriculum/versions/:id/publish,POST,backend,uncovered,
/api/finance/academy/curriculum/classes,GET,backend,uncovered,
/api/finance/academy/curriculum/classes/:id/subjects,GET,backend,uncovered,
/api/finance/academy/curriculum/lessons/:id,GET,backend,uncovered,
/api/finance/academy/curriculum/streams,GET,backend,uncovered,
/api/finance/academy/curriculum/subjects/:id,GET,backend,uncovered,
/api/finance/academy/curriculum/subjects/:id/topics,GET,backend,uncovered,
/api/finance/academy/curriculum/topics/:id,GET,backend,uncovered,
/api/finance/academy/curriculum/topics/:id/lessons,GET,backend,uncovered,
/api/finance/academy/curriculum/topics/:id/objectives,GET,backend,uncovered,
/api/finance/academy/curriculum/trade-tracks,GET,backend,uncovered,
/api/finance/academy/curriculum/versions,GET,backend,uncovered,
/api/academy/admin/edupay/admin/disbursements,GET,backend,uncovered,
/api/academy/admin/edupay/admin/disbursements/:id/reconcile,POST,backend,uncovered,
/api/academy/admin/edupay/admin/fee-schedules,GET,backend,uncovered,
/api/academy/admin/edupay/admin/fee-schedules,POST,backend,uncovered,
/api/academy/admin/edupay/admin/pots,GET,backend,uncovered,
/api/academy/admin/edupay/admin/scholarships,GET,backend,uncovered,
/api/academy/admin/edupay/admin/scholarships,POST,backend,uncovered,
/api/academy/admin/edupay/admin/scholarships/award,POST,backend,uncovered,
/api/academy/admin/edupay/admin/schools,GET,backend,uncovered,
/api/academy/admin/edupay/admin/schools,POST,backend,uncovered,
/api/finance/academy/edupay/fee-schedules,GET,backend,uncovered,
/api/finance/academy/edupay/link,POST,backend,uncovered,
/api/finance/academy/edupay/me,GET,backend,uncovered,
/api/finance/academy/edupay/pay,POST,backend,uncovered,
/api/finance/academy/edupay/pots,GET,backend,uncovered,
/api/finance/academy/edupay/pots,POST,backend,uncovered,
/api/finance/academy/edupay/pots/:id/fund,POST,backend,uncovered,
/api/finance/academy/edupay/pots/:id/pay,POST,backend,uncovered,
/api/finance/academy/edupay/schools,GET,backend,uncovered,
/api/academy/admin/exam/arenas,GET,backend,uncovered,
/api/academy/admin/exam/arenas,POST,backend,uncovered,
/api/academy/admin/exam/arenas/:id,PUT,backend,uncovered,
/api/academy/admin/exam/arenas/:id/blueprints,POST,backend,uncovered,
/api/academy/admin/exam/blueprints,GET,backend,uncovered,
/api/academy/admin/exam/blueprints/:id,PUT,backend,uncovered,
/api/academy/admin/exam/combinations,GET,backend,uncovered,
/api/academy/admin/exam/combinations,POST,backend,uncovered,
/api/academy/admin/exam/combinations/:id,PUT,backend,uncovered,
/api/academy/admin/exam/combinations/:id,DELETE,backend,uncovered,
/api/finance/academy/exam/arenas,GET,backend,uncovered,
/api/finance/academy/exam/arenas/:id,GET,backend,uncovered,
/api/finance/academy/exam/arenas/:id/blueprints,GET,backend,uncovered,
/api/finance/academy/exam/attempts,POST,backend,uncovered,
/api/finance/academy/exam/attempts/:id,GET,backend,uncovered,
/api/finance/academy/exam/attempts/:id/pause,POST,backend,uncovered,
/api/finance/academy/exam/attempts/:id/result,GET,backend,uncovered,
/api/finance/academy/exam/attempts/:id/resume,POST,backend,uncovered,
/api/finance/academy/exam/attempts/:id/submit,POST,backend,uncovered,
/api/finance/academy/exam/utme/combinations,GET,backend,uncovered,
/api/academy/admin/fees/classes,GET,backend,uncovered,
/api/academy/admin/fees/classes,POST,backend,uncovered,
/api/academy/admin/fees/collections/overview,GET,backend,uncovered,
/api/academy/admin/fees/competitions,GET,backend,uncovered,
/api/academy/admin/fees/competitions/registrations,GET,backend,uncovered,
/api/academy/admin/fees/gov-export/opt-ins,GET,backend,uncovered,
/api/academy/admin/fees/gov-export/opt-ins,PATCH,backend,uncovered,
/api/academy/admin/fees/invoices,GET,backend,uncovered,
/api/academy/admin/fees/promotions,GET,backend,uncovered,
/api/academy/admin/fees/roles,GET,backend,uncovered,
/api/academy/admin/fees/schedules,GET,backend,uncovered,
/api/academy/admin/fees/schedules,POST,backend,uncovered,
/api/academy/admin/fees/schedules/:id/issue,POST,backend,uncovered,
/api/academy/admin/fees/schools,GET,backend,uncovered,
/api/academy/admin/fees/schools,POST,backend,uncovered,
/api/academy/admin/fees/schools/:schoolId/classes,GET,backend,uncovered,
/api/academy/admin/fees/schools/:schoolId/sessions,GET,backend,uncovered,
/api/academy/admin/fees/sessions,GET,backend,uncovered,
/api/academy/admin/fees/sessions,POST,backend,uncovered,
/api/academy/admin/competitions,POST,backend,uncovered,
/api/academy/admin/competitions/:id/register,POST,backend,uncovered,
/api/academy/admin/competitions/:id/scores,POST,backend,uncovered,
/api/academy/admin/competitions/:id/transition,POST,backend,uncovered,
/api/finance/academy/competitions/:id/leaderboard,GET,backend,uncovered,
/api/academy/admin/export/compliance,POST,backend,uncovered,
/api/academy/admin/export/compliance/:schoolId,GET,backend,uncovered,
/api/academy/admin/export/school-data,POST,backend,uncovered,
/api/finance/academy/fee-schedules/:id,GET,backend,uncovered,
/api/finance/academy/fee-schedules/:id,PATCH,backend,uncovered,
/api/finance/academy/fee-schedules/:id/lock,POST,backend,uncovered,
/api/finance/academy/schools/:schoolId/fee-schedules,POST,backend,uncovered,
/api/finance/academy/schools/:schoolId/fee-schedules,GET,backend,uncovered,
/api/academy/admin/hardship/admin,GET,backend,uncovered,
/api/academy/admin/hardship/admin/:id/approve,POST,backend,uncovered,
/api/academy/admin/hardship/admin/:id/deny,POST,backend,uncovered,
/api/finance/academy/hardship,POST,backend,uncovered,
/api/finance/academy/hardship/:id,GET,backend,uncovered,
/api/finance/academy/invoices,POST,backend,uncovered,
/api/finance/academy/invoices/:id,GET,backend,uncovered,
/api/finance/academy/invoices/:id/payments,GET,backend,uncovered,
/api/finance/academy/invoices/:id/payments,POST,backend,uncovered,
/api/finance/academy/students/:studentId/invoices,GET,backend,uncovered,
/api/finance/academy/payments/installment,POST,backend,uncovered,
/api/finance/academy/payments/intent,POST,backend,uncovered,
/api/finance/academy/schools/:schoolId/promotions/:promotionId,GET,backend,uncovered,
/api/finance/academy/schools/:schoolId/promotions/:promotionId/admin-approval,POST,backend,uncovered,
/api/finance/academy/schools/:schoolId/promotions/:promotionId/apply,POST,backend,uncovered,
/api/finance/academy/schools/:schoolId/promotions/:promotionId/teacher-approval,POST,backend,uncovered,
/api/finance/academy/schools/:schoolId/sessions/:sessionId/classes/:classId/compute,POST,backend,uncovered,
/api/finance/academy/schools/:schoolId/sessions/:sessionId/classes/:classId/scores,POST,backend,uncovered,
/api/academy/admin/schools/:schoolId/staff,POST,backend,uncovered,
/api/academy/admin/schools/:schoolId/staff,DELETE,backend,uncovered,
/api/academy/admin/schools/:schoolId/staff,GET,backend,uncovered,
/api/finance/academy/scholarship/pledges,POST,backend,uncovered,
/api/finance/academy/scholarship/pledges/:id,GET,backend,uncovered,
/api/finance/academy/scholarship/pledges/:id/apply,POST,backend,uncovered,
/api/finance/academy/scholarship/pledges/:id/awards,GET,backend,uncovered,
/api/finance/academy/scholarship/pledges/:id/fund,POST,backend,uncovered,
/api/academy/admin/schools/admin,GET,backend,uncovered,
/api/academy/admin/schools/admin/:schoolId/verify,POST,backend,uncovered,
/api/finance/academy/schools,POST,backend,uncovered,
/api/finance/academy/schools,GET,backend,uncovered,
/api/finance/academy/schools/:schoolId,GET,backend,uncovered,
/api/finance/academy/schools/:schoolId,PATCH,backend,uncovered,
/api/finance/academy/schools/:schoolId/export,GET,backend,uncovered,
/api/finance/academy/schools/:schoolId/classes,POST,backend,uncovered,
/api/finance/academy/schools/:schoolId/classes,GET,backend,uncovered,
/api/finance/academy/schools/:schoolId/classes/:classId,GET,backend,uncovered,
/api/finance/academy/schools/:schoolId/classes/:classId,PATCH,backend,uncovered,
/api/finance/academy/schools/:schoolId/sessions,POST,backend,uncovered,
/api/finance/academy/schools/:schoolId/sessions,GET,backend,uncovered,
/api/finance/academy/schools/:schoolId/sessions/:sessionId,GET,backend,uncovered,
/api/finance/academy/schools/:schoolId/sessions/:sessionId/status,POST,backend,uncovered,
/api/finance/academy/schools/:schoolId/students,POST,backend,uncovered,
/api/finance/academy/schools/:schoolId/students,GET,backend,uncovered,
/api/finance/academy/schools/:schoolId/students/:studentId,GET,backend,uncovered,
/api/finance/academy/schools/:schoolId/students/:studentId/guardians,POST,backend,uncovered,
/api/finance/academy/schools/:schoolId/students/:studentId/guardians/:guardianId,DELETE,backend,uncovered,
/api/finance/academy/schools/:schoolId/students/import/approve,POST,backend,uncovered,
/api/finance/academy/schools/:schoolId/students/import/preview,POST,backend,uncovered,
/api/academy/admin/trust-score/:schoolId,GET,backend,uncovered,
/api/academy/admin/trust-score/:schoolId/override,POST,backend,uncovered,
/api/finance/academy/vaults,POST,backend,uncovered,
/api/finance/academy/vaults,GET,backend,uncovered,
/api/finance/academy/vaults/:id,GET,backend,uncovered,
/api/finance/academy/vaults/:id/apply-to-invoice,POST,backend,uncovered,
/api/finance/academy/vaults/:id/contribute,POST,backend,uncovered,
/api/finance/academy/vaults/:id/lock,POST,backend,uncovered,
/api/finance/academy/vaults/:id/unlock,POST,backend,uncovered,
/api/finance/academy/vaults/:id/withdraw,POST,backend,uncovered,
/api/academy/admin/gamification/badges,GET,backend,uncovered,
/api/academy/admin/gamification/badges,POST,backend,uncovered,
/api/academy/admin/gamification/challenges,POST,backend,uncovered,
/api/academy/admin/gamification/config,GET,backend,uncovered,
/api/academy/admin/gamification/leaderboards,POST,backend,uncovered,
/api/finance/academy/gamification/badges,GET,backend,uncovered,
/api/finance/academy/gamification/challenges,GET,backend,uncovered,
/api/finance/academy/gamification/leaderboard/class,GET,backend,uncovered,
/api/finance/academy/gamification/leaderboards/:id,GET,backend,uncovered,
/api/finance/academy/gamification/profile,GET,backend,uncovered,
/api/academy/admin/guardians/:id/revoke,POST,backend,uncovered,
/api/academy/admin/users/:id,GET,backend,uncovered,
/api/finance/academy/guardians/:minorId/consent,POST,backend,uncovered,
/api/finance/academy/guardians/link,POST,backend,uncovered,
/api/finance/academy/me,GET,backend,uncovered,
/api/finance/academy/profile,PUT,backend,uncovered,
/api/finance/academy/roles,POST,backend,uncovered,
/api/finance/academy/announcements,GET,backend,uncovered,
/api/finance/academy/learner/bookmarks,GET,backend,uncovered,
/api/finance/academy/learner/bookmarks,POST,backend,uncovered,
/api/finance/academy/learner/bookmarks/:id,DELETE,backend,uncovered,
/api/finance/academy/learner/daily-goal,GET,backend,uncovered,
/api/finance/academy/learner/notes,GET,backend,uncovered,
/api/finance/academy/learner/notes,POST,backend,uncovered,
/api/finance/academy/learner/notes/:id,DELETE,backend,uncovered,
/api/finance/academy/learner/search,GET,backend,uncovered,
/api/finance/academy/notifications,GET,backend,uncovered,
/api/finance/academy/notifications/:id/read,POST,backend,uncovered,
/api/finance/academy/notifications/read-all,POST,backend,uncovered,
/api/academy/admin/live/replays,GET,backend,uncovered,
/api/academy/admin/live/sessions,GET,backend,uncovered,
/api/academy/admin/live/sessions,POST,backend,uncovered,
/api/academy/admin/live/sessions/:id/cancel,POST,backend,uncovered,
/api/academy/admin/live/sessions/:id/end,POST,backend,uncovered,
/api/academy/admin/live/sessions/:id/start,POST,backend,uncovered,
/api/academy/admin/moderation/reports,GET,backend,uncovered,
/api/academy/admin/moderation/reports/:id/decide,POST,backend,uncovered,
/api/academy/admin/moderation/reports/:id/escalate,POST,backend,uncovered,
/api/academy/admin/moderation/reports/:id/triage,POST,backend,uncovered,
/api/finance/academy/community/discussions,GET,backend,uncovered,
/api/finance/academy/community/discussions,POST,backend,uncovered,
/api/finance/academy/community/groups,GET,backend,uncovered,
/api/finance/academy/community/groups,POST,backend,uncovered,
/api/finance/academy/community/groups/:id/join,POST,backend,uncovered,
/api/finance/academy/live/sessions,GET,backend,uncovered,
/api/finance/academy/live/sessions/:id,GET,backend,uncovered,
/api/finance/academy/live/sessions/:id/join,POST,backend,uncovered,
/api/finance/academy/moderation/report,POST,backend,uncovered,
/api/finance/academy/sync,POST,backend,uncovered,
/api/academy/admin/notification-templates,GET,backend,uncovered,
/api/academy/admin/notification-templates,POST,backend,uncovered,
/api/academy/admin/notification-templates,PUT,backend,uncovered,
/api/academy/admin/notification-templates/:key,GET,backend,uncovered,
/api/academy/admin/notification-templates/:key,DELETE,backend,uncovered,
/api/finance/academy/parent/approvals,GET,backend,uncovered,
/api/finance/academy/parent/approvals/:id/decide,POST,backend,uncovered,
/api/finance/academy/parent/children,GET,backend,uncovered,
/api/finance/academy/parent/children/:minorId/controls,PUT,backend,uncovered,
/api/finance/academy/parent/children/:minorId/dashboard,GET,backend,uncovered,
/api/finance/academy/parent/children/:minorId/reports,GET,backend,uncovered,
/api/finance/academy/parent/children/:minorId/subjects/:subjectId,GET,backend,uncovered,
/api/finance/academy/parent/reports/generate,POST,backend,uncovered,
/api/finance/academy/placement,GET,backend,uncovered,
/api/finance/academy/placement/submit,POST,backend,uncovered,
/api/academy/admin/progression/adaptive-config,GET,backend,uncovered,
/api/academy/admin/progression/adaptive-config,PUT,backend,uncovered,
/api/finance/academy/progression/paths,POST,backend,uncovered,
/api/finance/academy/progression/paths/:subjectId,GET,backend,uncovered,
/api/finance/academy/progression/practice/adaptive,POST,backend,uncovered,
/api/finance/academy/progression/recommendations,GET,backend,uncovered,
/api/finance/academy/progression/steps/:objectiveId/advance,POST,backend,uncovered,
/api/academy/admin/rewards/catalog,GET,backend,uncovered,
/api/academy/admin/rewards/catalog,POST,backend,uncovered,
/api/academy/admin/rewards/ledger,GET,backend,uncovered,
/api/academy/admin/rewards/pools,GET,backend,uncovered,
/api/academy/admin/rewards/pools,POST,backend,uncovered,
/api/academy/admin/rewards/pools/:id/fund,POST,backend,uncovered,
/api/academy/admin/rewards/pools/:id/ledger,GET,backend,uncovered,
/api/finance/academy/rewards/balance,GET,backend,uncovered,
/api/finance/academy/rewards/catalog,GET,backend,uncovered,
/api/finance/academy/rewards/history,GET,backend,uncovered,
/api/finance/academy/rewards/redeem,POST,backend,uncovered,
/api/academy/admin/schools/admin/billing,GET,backend,uncovered,
/api/academy/admin/schools/admin/billing,POST,backend,uncovered,
/api/academy/admin/schools/admin/billing/:id/charge,POST,backend,uncovered,
/api/academy/admin/schools/admin/class-groups,GET,backend,uncovered,
/api/academy/admin/schools/admin/class-groups,POST,backend,uncovered,
/api/academy/admin/schools/admin/enrollments,DELETE,backend,uncovered,
/api/academy/admin/schools/admin/enrollments/bulk,POST,backend,uncovered,
/api/academy/admin/schools/admin/institutions,POST,backend,uncovered,
/api/academy/admin/schools/admin/institutions,GET,backend,uncovered,
/api/academy/admin/schools/admin/institutions/:id/class-groups,GET,backend,uncovered,
/api/academy/admin/schools/admin/institutions/:id/overview,GET,backend,uncovered,
/api/academy/admin/schools/admin/licences,GET,backend,uncovered,
/api/academy/admin/schools/admin/licences,POST,backend,uncovered,
/api/academy/admin/schools/admin/licences/:id/expire,POST,backend,uncovered,
/api/academy/admin/schools/admin/licences/:id/reactivate,POST,backend,uncovered,
/api/academy/admin/schools/admin/licences/:id/suspend,POST,backend,uncovered,
/api/academy/admin/schools/admin/overview,GET,backend,uncovered,
/api/finance/academy/schools/:id/overview,GET,backend,uncovered,
/api/finance/academy/schools/mine,GET,backend,uncovered,
/api/academy/admin/trade/lessons,POST,backend,uncovered,
/api/academy/admin/trade/lessons/:id,PUT,backend,uncovered,
/api/academy/admin/trade/matches/:id/accept,POST,backend,uncovered,
/api/academy/admin/trade/mentors,POST,backend,uncovered,
/api/academy/admin/trade/modules,POST,backend,uncovered,
/api/academy/admin/trade/modules/:id,PUT,backend,uncovered,
/api/academy/admin/trade/projects,POST,backend,uncovered,
/api/academy/admin/trade/projects/:id,PUT,backend,uncovered,
/api/academy/admin/trade/skill-assessments,POST,backend,uncovered,
/api/academy/admin/trade/skill-assessments/:id,PUT,backend,uncovered,
/api/academy/admin/trade/submissions/:id/review,POST,backend,uncovered,
/api/finance/academy/trade/assessments,GET,backend,uncovered,
/api/finance/academy/trade/assessments/:id,GET,backend,uncovered,
/api/finance/academy/trade/assessments/:id/take,POST,backend,uncovered,
/api/finance/academy/trade/hub,GET,backend,uncovered,
/api/finance/academy/trade/matches/:id/close,POST,backend,uncovered,
/api/finance/academy/trade/mentors,GET,backend,uncovered,
/api/finance/academy/trade/mentors/:id/request,POST,backend,uncovered,
/api/finance/academy/trade/modules/:id,GET,backend,uncovered,
/api/finance/academy/trade/projects/:id,GET,backend,uncovered,
/api/finance/academy/trade/projects/:id/submit,POST,backend,uncovered,
/api/finance/academy/trade/submissions,GET,backend,uncovered,
/api/finance/academy/trade/tracks,GET,backend,uncovered,
/api/academy/admin/tutor,GET,backend,uncovered,
/api/academy/admin/tutor/:id/suspend,POST,backend,uncovered,
/api/academy/admin/tutor/:id/verify,POST,backend,uncovered,
/api/academy/admin/tutor/payouts,GET,backend,uncovered,
/api/finance/academy/tutor/assignments,POST,backend,uncovered,
/api/finance/academy/tutor/assignments,GET,backend,uncovered,
/api/finance/academy/tutor/cohorts,GET,backend,uncovered,
/api/finance/academy/tutor/earnings,GET,backend,uncovered,
/api/finance/academy/tutor/grades,POST,backend,uncovered,
/api/finance/academy/tutor/me,GET,backend,uncovered,
/api/finance/academy/tutor/onboard,POST,backend,uncovered,
/api/finance/academy/tutor/payouts,POST,backend,uncovered,
/api/finance/academy/tutor/submissions,GET,backend,uncovered,
/api/finance/academy/tutors,GET,backend,uncovered,
/api/academy/admin/platform/audit-log,GET,backend,uncovered,
/api/academy/admin/platform/collections,GET,backend,uncovered,
/api/academy/admin/platform/competitions,GET,backend,uncovered,
/api/academy/admin/platform/competitions/:id/transition,POST,backend,uncovered,
/api/academy/admin/platform/compliance-exports,GET,backend,uncovered,
/api/academy/admin/platform/compliance-posture,GET,backend,uncovered,
/api/academy/admin/platform/flags,GET,backend,uncovered,
/api/academy/admin/platform/flags,PUT,backend,uncovered,
/api/academy/admin/platform/flags/toggle,POST,backend,uncovered,
/api/academy/admin/platform/gov-sync,GET,backend,uncovered,
/api/academy/admin/platform/risk,GET,backend,uncovered,
/api/academy/admin/platform/risk/:id/action,POST,backend,uncovered,
/api/academy/admin/platform/scholarship-pledges,GET,backend,uncovered,
/api/academy/admin/platform/schools,GET,backend,uncovered,
/api/academy/admin/platform/schools/:id/verify,POST,backend,uncovered,
/api/academy/admin/platform/support-tickets,GET,backend,uncovered,
/api/academy/admin/platform/trust-scores,GET,backend,uncovered,
/api/academy/admin/platform/trust-scores/:schoolId/override,POST,backend,uncovered,
/api/academy/admin/platform/verification-queue,GET,backend,uncovered,
/api/academy/admin/platform/verification-queue/:id/review,POST,backend,uncovered,
/api/finance/academy/wallet,GET,backend,uncovered,
/api/academy/admin/tuition/payments/:id/waive,PATCH,backend,uncovered,
/api/academy/admin/tuition/plans,POST,backend,uncovered,
/api/academy/admin/tuition/plans/:id/mark-complete,PATCH,backend,uncovered,
/api/finance/academy/tuition/confirm,POST,backend,uncovered,
/api/finance/academy/tuition/status/:application_id,GET,backend,uncovered,
/api/finance/academy/tuition/validate,POST,backend,uncovered,
/internal/finance/academy/tuition/confirm,POST,backend,internal-or-infra-only,unit:backend/internal/app/academy_internal_tuition_test.go
/internal/webhooks/academy/billing,POST,backend,internal-or-infra-only,
/internal/webhooks/academy/bnpl,POST,backend,internal-or-infra-only,
/internal/webhooks/academy/disburse,POST,backend,internal-or-infra-only,
/internal/webhooks/academy/payout,POST,backend,internal-or-infra-only,
/api/connect/admin/audit,GET,backend,uncovered,
/api/connect/admin/business/verification,POST,backend,uncovered,
/api/connect/admin/cases,GET,backend,uncovered,
/api/connect/admin/cases/:id,GET,backend,uncovered,
/api/connect/admin/cases/:id,PATCH,backend,uncovered,
/api/connect/admin/config,GET,backend,uncovered,
/api/connect/admin/creator/verification,GET,backend,uncovered,
/api/connect/admin/creator/verification,POST,backend,uncovered,
/api/connect/admin/moderation/conversations,GET,backend,uncovered,
/api/connect/admin/moderation/conversations/:id,PATCH,backend,uncovered,
/api/connect/admin/moderation/decisions,GET,backend,uncovered,
/api/connect/admin/moderation/decisions,POST,backend,uncovered,
/api/connect/admin/moderation/messages,GET,backend,uncovered,
/api/connect/admin/orders,GET,backend,uncovered,
/api/connect/admin/orders/:id/refund,POST,backend,uncovered,
/api/connect/admin/plans,POST,backend,uncovered,
/api/connect/admin/scam-shield,GET,backend,uncovered,
/api/connect/admin/subscriptions/run-renewals,POST,backend,uncovered,
/api/connect/admin/verification/status,GET,backend,uncovered,
/api/v1/connect/account,DELETE,backend,uncovered,
/api/v1/connect/ai/assist,POST,backend,uncovered,
/api/v1/connect/boosts,POST,backend,uncovered,
/api/v1/connect/config,GET,backend,uncovered,
/api/v1/connect/conversations/:id/messages,GET,backend,exercised-by-live-e2e,e2e-via-bff(app/api/v1/connect/[...path]/route.ts):frontend-web/tests/e2e/social/soc-002-connect-hub.spec.ts|e2e:frontend-web/tests/e2e/social/soc-002-connect-hub.spec.ts
/api/v1/connect/conversations/:id/messages,POST,backend,exercised-by-live-e2e,e2e-via-bff(app/api/v1/connect/[...path]/route.ts):frontend-web/tests/e2e/social/soc-002-connect-hub.spec.ts|e2e:frontend-web/tests/e2e/social/soc-002-connect-hub.spec.ts|e2e-results:docs/e2e/results/social.md
/api/v1/connect/creator/collab-requests,POST,backend,uncovered,
/api/v1/connect/creator/collab-requests,GET,backend,uncovered,
/api/v1/connect/creator/collab-requests/:id/respond,POST,backend,uncovered,
/api/v1/connect/creator/fan-messages,PATCH,backend,uncovered,
/api/v1/connect/creator/portfolio,POST,backend,uncovered,
/api/v1/connect/creator/portfolio,GET,backend,uncovered,
/api/v1/connect/creator/profile,GET,backend,uncovered,
/api/v1/connect/creator/profile,PATCH,backend,uncovered,
/api/v1/connect/creator/verification,POST,backend,uncovered,
/api/v1/connect/credits,GET,backend,uncovered,
/api/v1/connect/date-plans,POST,backend,uncovered,
/api/v1/connect/date-plans/:id/checkin,POST,backend,uncovered,
/api/v1/connect/date-plans/:id/feedback,POST,backend,uncovered,
/api/v1/connect/date-plans/:id/ride,POST,backend,uncovered,
/api/v1/connect/date-plans/:id/share,POST,backend,uncovered,
/api/v1/connect/date-plans/:id/tickets,POST,backend,uncovered,
/api/v1/connect/discovery,GET,backend,uncovered,
/api/v1/connect/discovery/boosts,GET,backend,uncovered,
/api/v1/connect/discovery/boosts,POST,backend,uncovered,
/api/v1/connect/discovery/likes-you,GET,backend,uncovered,
/api/v1/connect/discovery/nearby,GET,backend,uncovered,
/api/v1/connect/discovery/rewind,POST,backend,uncovered,
/api/v1/connect/discovery/stack,GET,backend,exercised-by-live-e2e,e2e-results:docs/e2e/results/social.md
/api/v1/connect/discovery/swipe,POST,backend,exercised-by-live-e2e,e2e:frontend-web/tests/e2e/social/soc-006-edge.spec.ts|e2e-via-bff(app/api/v1/connect/[...path]/route.ts):frontend-web/tests/e2e/social/soc-006-edge.spec.ts|e2e-results:docs/e2e/results/social.md
/api/v1/connect/entitlements,GET,backend,uncovered,
/api/v1/connect/events/:id/attendees,GET,backend,uncovered,
/api/v1/connect/events/:id/checkin,POST,backend,uncovered,
/api/v1/connect/events/:id/contacts,POST,backend,uncovered,
/api/v1/connect/events/:id/networking/opt-in,POST,backend,uncovered,
/api/v1/connect/events/:id/qr/scan,POST,backend,uncovered,
/api/v1/connect/events/contacts,GET,backend,uncovered,
/api/v1/connect/likes,POST,backend,exercised-by-live-e2e,e2e-via-bff(app/api/v1/connect/[...path]/route.ts):frontend-web/tests/e2e/social/soc-002-connect-hub.spec.ts|e2e:frontend-web/tests/e2e/social/soc-002-connect-hub.spec.ts|e2e-via-bff(app/api/v1/connect/[...path]/route.ts):frontend-web/tests/e2e/social/soc-006-edge.spec.ts|e2e:frontend-web/tests/e2e/social/soc-006-edge.spec.ts
/api/v1/connect/matches,GET,backend,exercised-by-live-e2e,e2e-via-bff(app/api/v1/connect/[...path]/route.ts):frontend-web/tests/e2e/social/soc-002-connect-hub.spec.ts|e2e:frontend-web/tests/e2e/social/soc-002-connect-hub.spec.ts|e2e-results:docs/e2e/results/social.md
/api/v1/connect/matches/:matchId/conversation,POST,backend,exercised-by-live-e2e,e2e-via-bff(app/api/v1/connect/[...path]/route.ts):frontend-web/tests/e2e/social/soc-002-connect-hub.spec.ts|e2e:frontend-web/tests/e2e/social/soc-002-connect-hub.spec.ts|e2e-results:docs/e2e/results/social.md
/api/v1/connect/onboarding/age-gate,POST,backend,exercised-by-live-e2e,e2e-via-bff(app/api/v1/connect/[...path]/route.ts):frontend-web/tests/e2e/social/soc-002-connect-hub.spec.ts|e2e:frontend-web/tests/e2e/social/soc-002-connect-hub.spec.ts
/api/v1/connect/onboarding/consent,POST,backend,exercised-by-live-e2e,e2e-via-bff(app/api/v1/connect/[...path]/route.ts):frontend-web/tests/e2e/social/soc-002-connect-hub.spec.ts|e2e:frontend-web/tests/e2e/social/soc-002-connect-hub.spec.ts
/api/v1/connect/onboarding/status,GET,backend,exercised-by-live-e2e,e2e-via-bff(app/api/v1/connect/[...path]/route.ts):frontend-web/tests/e2e/social/soc-001-discovery.spec.ts|e2e:frontend-web/tests/e2e/social/soc-001-discovery.spec.ts|e2e-via-bff(app/api/v1/connect/[...path]/route.ts):frontend-web/tests/e2e/social/soc-002-connect-hub.spec.ts|e2e:frontend-web/tests/e2e/social/soc-002-connect-hub.spec.ts
/api/v1/connect/passes,POST,backend,uncovered,
/api/v1/connect/plans,GET,backend,uncovered,
/api/v1/connect/professional/business-card,PATCH,backend,uncovered,
/api/v1/connect/professional/contacts,POST,backend,uncovered,
/api/v1/connect/professional/contacts,GET,backend,uncovered,
/api/v1/connect/professional/discovery,GET,backend,uncovered,
/api/v1/connect/professional/intro,POST,backend,uncovered,
/api/v1/connect/professional/intro/:id/respond,POST,backend,uncovered,
/api/v1/connect/professional/profile,GET,backend,uncovered,
/api/v1/connect/professional/profile,PATCH,backend,uncovered,
/api/v1/connect/professional/rooms,POST,backend,uncovered,
/api/v1/connect/professional/rooms/:id/join,POST,backend,uncovered,
/api/v1/connect/professional/rooms/:id/moderate,POST,backend,uncovered,
/api/v1/connect/professional/verification,POST,backend,uncovered,
/api/v1/connect/profile,GET,backend,exercised-by-live-e2e,e2e-via-bff(app/api/v1/connect/[...path]/route.ts):frontend-web/tests/e2e/social/soc-001-discovery.spec.ts|e2e:frontend-web/tests/e2e/social/soc-001-discovery.spec.ts|e2e:frontend-web/tests/e2e/social/soc-002-connect-hub.spec.ts|e2e-via-bff(app/api/v1/connect/[...path]/route.ts):frontend-web/tests/e2e/social/soc-002-connect-hub.spec.ts
/api/v1/connect/profile,PATCH,backend,exercised-by-live-e2e,e2e:frontend-web/tests/e2e/social/soc-001-discovery.spec.ts|e2e-via-bff(app/api/v1/connect/[...path]/route.ts):frontend-web/tests/e2e/social/soc-001-discovery.spec.ts|e2e-via-bff(app/api/v1/connect/[...path]/route.ts):frontend-web/tests/e2e/social/soc-002-connect-hub.spec.ts|e2e:frontend-web/tests/e2e/social/soc-002-connect-hub.spec.ts
/api/v1/connect/profile/media,POST,backend,uncovered,
/api/v1/connect/profile/modes,GET,backend,uncovered,
/api/v1/connect/profile/modes/:mode,PATCH,backend,exercised-by-live-e2e,e2e-via-bff(app/api/v1/connect/[...path]/route.ts):frontend-web/tests/e2e/social/soc-002-connect-hub.spec.ts|e2e:frontend-web/tests/e2e/social/soc-002-connect-hub.spec.ts|e2e-via-bff(app/api/v1/connect/[...path]/route.ts):frontend-web/tests/e2e/social/soc-006-edge.spec.ts|e2e:frontend-web/tests/e2e/social/soc-006-edge.spec.ts
/api/v1/connect/safety/block,POST,backend,uncovered,
/api/v1/connect/safety/block/:blockedId,DELETE,backend,uncovered,
/api/v1/connect/safety/report,POST,backend,uncovered,
/api/v1/connect/safety/trusted-contacts,GET,backend,uncovered,
/api/v1/connect/safety/trusted-contacts,POST,backend,uncovered,
/api/v1/connect/safety/trusted-contacts/:id,DELETE,backend,uncovered,
/api/v1/connect/search,GET,backend,uncovered,
/api/v1/connect/subscriptions,POST,backend,uncovered,
/api/v1/connect/subscriptions/cancel,POST,backend,uncovered,
/api/v1/connect/verification/selfie,POST,backend,uncovered,
/api/v1/connect/verification/status,GET,backend,uncovered,
/api/v1/kyc/limits,GET,backend,exercised-by-unit-or-integration-test,unit:backend/internal/handlers/connect_money_path_test.go
/api/v1/kyc/status,GET,backend,uncovered,
/api/v1/kyc/tier1,POST,backend,exercised-by-unit-or-integration-test,unit:backend/internal/handlers/kyc_tier1_verify_test.go
/api/v1/kyc/tier2,POST,backend,uncovered,
/api/v1/kyc/tier3,POST,backend,uncovered,
/api/v1/me/tier,GET,backend,exercised-by-unit-or-integration-test,unit:backend/internal/handlers/tier_status_allowance_live_db_test.go
/api/v1/wallet/fund,POST,backend,uncovered,
/api/v1/wallet/gifting/catalog,GET,backend,uncovered,
/api/v1/wallet/gifting/catalog/:id,GET,backend,uncovered,
/api/v1/wallet/gifting/quote,GET,backend,uncovered,
/api/v1/wallet/gifting/received,GET,backend,uncovered,
/api/v1/wallet/gifting/recipients,GET,backend,uncovered,
/api/v1/wallet/gifting/send,POST,backend,uncovered,
/api/v1/wallet/gifting/sent,GET,backend,uncovered,
/api/v1/wallet/gifting/transactions/:id,GET,backend,uncovered,
/api/v1/wallet/history,GET,backend,uncovered,
/api/v1/wallet/history/:id,GET,backend,uncovered,
/api/v1/wallet/payouts/eligibility,GET,backend,uncovered,
/api/v1/wallet/payouts/history,GET,backend,uncovered,
/api/v1/wallet/payouts/request,POST,backend,uncovered,
/api/v1/wallet/summary,GET,backend,uncovered,
/api/finance/estate-admin/content/announcements,GET,backend,uncovered,
/api/finance/estate-admin/content/documents,GET,backend,uncovered,
/api/finance/estate-admin/dues/invoices,GET,backend,uncovered,
/api/finance/estate-admin/dues/payments,GET,backend,uncovered,
/api/finance/estate-admin/dues/reconciliation,GET,backend,uncovered,
/api/finance/estate-admin/dues/restrictions,GET,backend,uncovered,
/api/finance/estate-admin/elections,GET,backend,uncovered,
/api/finance/estate-admin/elections/:electionId/audit,GET,backend,uncovered,
/api/finance/estate-admin/elections/:electionId/results,GET,backend,uncovered,
/api/finance/estate-admin/ops/facilities,GET,backend,uncovered,
/api/finance/estate-admin/ops/meetings,GET,backend,uncovered,
/api/finance/estate-admin/ops/repairs,GET,backend,uncovered,
/api/finance/estate-admin/ops/tasks,GET,backend,uncovered,
/api/finance/estate-admin/security/emergencies,GET,backend,uncovered,
/api/finance/estate-admin/security/gates,GET,backend,uncovered,
/api/finance/estate-admin/security/guard-shifts,GET,backend,uncovered,
/api/finance/estate-admin/security/incidents,GET,backend,uncovered,
/api/finance/estate-admin/security/visitor-logs,GET,backend,uncovered,
/api/crowdfunding/admin/campaigns,GET,backend,uncovered,
/api/crowdfunding/admin/campaigns/:id,GET,backend,uncovered,
/api/crowdfunding/admin/campaigns/:id/decision,POST,backend,uncovered,
/api/crowdfunding/admin/stats,GET,backend,uncovered,
/api/finance/admin/disputes/:id/resolve,POST,backend,uncovered,
/api/finance/admin/fx/markup,GET,backend,uncovered,
/api/finance/admin/fx/markup,PUT,backend,uncovered,
/api/finance/admin/fx/markup/audit,GET,backend,uncovered,
/api/finance/admin/kyc/cases/:id,GET,backend,uncovered,
/api/finance/admin/kyc/cases/:id/approve,POST,backend,uncovered,
/api/finance/admin/kyc/cases/:id/reject,POST,backend,uncovered,
/api/finance/admin/kyc/events,GET,backend,uncovered,
/api/finance/admin/kyc/review-queue,GET,backend,uncovered,
/api/finance/admin/kyc/routing-rules,GET,backend,uncovered,
/api/finance/admin/kyc/routing-rules/:check_type,PUT,backend,uncovered,
/api/finance/admin/transactions,GET,backend,exercised-by-unit-or-integration-test,unit:backend/internal/finance/ledger/admin_transactions_live_db_test.go
/api/finance/admin/transactions/:id,GET,backend,exercised-by-unit-or-integration-test,unit:backend/internal/finance/ledger/admin_transactions_live_db_test.go
/api/finance/admin/transfers,GET,backend,uncovered,
/api/finance/admin/transfers/:id,GET,backend,uncovered,
/api/finance/admin/transfers/:id/retry,POST,backend,uncovered,
/api/finance/admin/transfers/:id/reverse,POST,backend,uncovered,
/api/finance/admin/transfers/provider-health,GET,backend,uncovered,
/api/finance/admin/transport/audit,GET,backend,uncovered,
/api/finance/admin/transport/bus/manifest,GET,backend,uncovered,
/api/finance/admin/transport/bus/operators,GET,backend,uncovered,
/api/finance/admin/transport/bus/operators/:id/verification,PATCH,backend,uncovered,
/api/finance/admin/transport/bus/routes,GET,backend,uncovered,
/api/finance/admin/transport/bus/routes,POST,backend,uncovered,
/api/finance/admin/transport/bus/schedules,POST,backend,uncovered,
/api/finance/admin/transport/bus/schedules/:id/approve-fare,POST,backend,uncovered,
/api/finance/admin/transport/business/accounts,GET,backend,uncovered,
/api/finance/admin/transport/business/accounts/:id/status,PATCH,backend,uncovered,
/api/finance/admin/transport/business/deliveries,GET,backend,uncovered,
/api/finance/admin/transport/business/deliveries/:id/status,PATCH,backend,uncovered,
/api/finance/admin/transport/business/invoices,GET,backend,uncovered,
/api/finance/admin/transport/business/invoices/:id/issue,POST,backend,uncovered,
/api/finance/admin/transport/business/invoices/:id/mark-paid,POST,backend,uncovered,
/api/finance/admin/transport/car-hire,GET,backend,uncovered,
/api/finance/admin/transport/car-hire/:id/status,PATCH,backend,uncovered,
/api/finance/admin/transport/commission,GET,backend,uncovered,
/api/finance/admin/transport/commission/:tier,PATCH,backend,uncovered,
/api/finance/admin/transport/dashboard,GET,backend,uncovered,
/api/finance/admin/transport/dispatch/:trip_id/assign,POST,backend,uncovered,
/api/finance/admin/transport/dispatch/live,GET,backend,uncovered,
/api/finance/admin/transport/drivers,GET,backend,uncovered,
/api/finance/admin/transport/drivers/:id,GET,backend,uncovered,
/api/finance/admin/transport/drivers/:id/verification,PATCH,backend,uncovered,
/api/finance/admin/transport/events/bookings,GET,backend,uncovered,
/api/finance/admin/transport/events/offers,GET,backend,uncovered,
/api/finance/admin/transport/events/offers/:id/status,PATCH,backend,uncovered,
/api/finance/admin/transport/movers,GET,backend,uncovered,
/api/finance/admin/transport/movers/:id,GET,backend,uncovered,
/api/finance/admin/transport/movers/:id/status,PATCH,backend,uncovered,
/api/finance/admin/transport/parcels,GET,backend,uncovered,
/api/finance/admin/transport/parcels/:id/status,PATCH,backend,uncovered,
/api/finance/admin/transport/pricing,GET,backend,uncovered,
/api/finance/admin/transport/pricing,PATCH,backend,uncovered,
/api/finance/admin/transport/reports/summary,GET,backend,uncovered,
/api/finance/admin/transport/safety/incidents,GET,backend,uncovered,
/api/finance/admin/transport/safety/incidents/:id,PATCH,backend,uncovered,
/api/finance/admin/transport/scheduled,GET,backend,uncovered,
/api/finance/admin/transport/scheduled/:id,GET,backend,uncovered,
/api/finance/admin/transport/scheduled/:id/cancel,POST,backend,uncovered,
/api/finance/admin/transport/scheduled/:id/force-dispatch,POST,backend,uncovered,
/api/finance/admin/transport/scheduled/:id/reassign,POST,backend,uncovered,
/api/finance/admin/transport/towing,GET,backend,uncovered,
/api/finance/admin/transport/towing/:id/status,PATCH,backend,uncovered,
/api/finance/admin/transport/trips,GET,backend,uncovered,
/api/finance/admin/transport/vehicles,GET,backend,uncovered,
/api/finance/admin/transport/vehicles/:id/status,PATCH,backend,uncovered,
/api/finance/admin/wallets/:user_id/balance,GET,backend,exercised-by-live-e2e,e2e:frontend-web/tests/e2e/finance/fin-007-edge.spec.ts|e2e-via-bff(app/api/finance/[...path]/route.ts):frontend-web/tests/e2e/finance/fin-007-edge.spec.ts
/api/finance/admin/wallets/:user_id/transactions,GET,backend,exercised-by-live-e2e,e2e:frontend-web/tests/e2e/finance/fin-007-edge.spec.ts|e2e-via-bff(app/api/finance/[...path]/route.ts):frontend-web/tests/e2e/finance/fin-007-edge.spec.ts
/api/finance/crowdfunding/campaigns,GET,backend,uncovered,
/api/finance/crowdfunding/campaigns,POST,backend,uncovered,
/api/finance/crowdfunding/campaigns/:id,GET,backend,uncovered,
/api/finance/crowdfunding/campaigns/:id/contribute,POST,backend,uncovered,
/api/finance/crowdfunding/campaigns/:id/publish,POST,backend,uncovered,
/api/finance/crowdfunding/campaigns/:id/refund,POST,backend,uncovered,
/api/finance/crowdfunding/campaigns/:id/release,POST,backend,uncovered,
/api/finance/crowdfunding/categories,GET,backend,uncovered,
/api/finance/disputes,POST,backend,uncovered,
/api/finance/disputes,GET,backend,uncovered,
/api/finance/driver/bus/validate,POST,backend,uncovered,
/api/finance/driver/business/:id/accept,POST,backend,uncovered,
/api/finance/driver/business/:id/deliver,POST,backend,uncovered,
/api/finance/driver/business/:id/fail,POST,backend,uncovered,
/api/finance/driver/business/:id/picked-up,POST,backend,uncovered,
/api/finance/driver/business/requests,GET,backend,uncovered,
/api/finance/driver/documents,POST,backend,uncovered,
/api/finance/driver/documents/presign,POST,backend,uncovered,
/api/finance/driver/earnings,GET,backend,uncovered,
/api/finance/driver/events/validate,POST,backend,uncovered,
/api/finance/driver/me,GET,backend,uncovered,
/api/finance/driver/movers/:id/bid,POST,backend,uncovered,
/api/finance/driver/movers/:id/complete,POST,backend,uncovered,
/api/finance/driver/movers/:id/start,POST,backend,uncovered,
/api/finance/driver/movers/open,GET,backend,uncovered,
/api/finance/driver/onboarding/submit,POST,backend,uncovered,
/api/finance/driver/parcels/:id/accept,POST,backend,uncovered,
/api/finance/driver/parcels/:id/picked-up,POST,backend,uncovered,
/api/finance/driver/parcels/:id/verify-dropoff,POST,backend,uncovered,
/api/finance/driver/parcels/:id/verify-pickup-pin,POST,backend,uncovered,
/api/finance/driver/parcels/requests,GET,backend,uncovered,
/api/finance/driver/requests,GET,backend,uncovered,
/api/finance/driver/requests/:id/accept,POST,backend,uncovered,
/api/finance/driver/requests/:id/counter,POST,backend,uncovered,
/api/finance/driver/sos,POST,backend,uncovered,
/api/finance/driver/status,PATCH,backend,uncovered,
/api/finance/driver/towing/:id/accept,POST,backend,uncovered,
/api/finance/driver/towing/:id/complete,POST,backend,uncovered,
/api/finance/driver/towing/:id/en-route,POST,backend,uncovered,
/api/finance/driver/towing/:id/start,POST,backend,uncovered,
/api/finance/driver/towing/:id/verify-pin,POST,backend,uncovered,
/api/finance/driver/towing/requests,GET,backend,uncovered,
/api/finance/driver/trips/:id/arrive,POST,backend,uncovered,
/api/finance/driver/trips/:id/complete,POST,backend,uncovered,
/api/finance/driver/trips/:id/messages,GET,backend,uncovered,
/api/finance/driver/trips/:id/messages,POST,backend,uncovered,
/api/finance/driver/trips/:id/start,POST,backend,uncovered,
/api/finance/driver/trips/:id/verify-pin,POST,backend,uncovered,
/api/finance/driver/vehicle,POST,backend,uncovered,
/api/finance/estate,GET,backend,uncovered,
/api/finance/estate,POST,backend,uncovered,
/api/finance/estate/:id/access-codes,POST,backend,uncovered,
/api/finance/estate/:id/access-codes,GET,backend,uncovered,
/api/finance/estate/:id/access-codes/:cid,GET,backend,uncovered,
/api/finance/estate/:id/access-codes/:cid/blacklist,POST,backend,uncovered,
/api/finance/estate/:id/access-codes/:cid/extend,POST,backend,uncovered,
/api/finance/estate/:id/access-codes/:cid/history,GET,backend,uncovered,
/api/finance/estate/:id/access-codes/:cid/revoke,POST,backend,uncovered,
/api/finance/estate/:id/access-request,POST,backend,uncovered,
/api/finance/estate/:id/access-request/me,GET,backend,uncovered,
/api/finance/estate/:id/access-requests,GET,backend,uncovered,
/api/finance/estate/:id/access-requests/:reqId/review,POST,backend,uncovered,
/api/finance/estate/:id/account,DELETE,backend,uncovered,
/api/finance/estate/:id/admin/audit-log,GET,backend,uncovered,
/api/finance/estate/:id/admin/config,GET,backend,uncovered,
/api/finance/estate/:id/admin/dashboard,GET,backend,uncovered,
/api/finance/estate/:id/admin/residents,GET,backend,uncovered,
/api/finance/estate/:id/admin/residents/:uid/ban,POST,backend,uncovered,
/api/finance/estate/:id/admin/residents/:uid/restore,POST,backend,uncovered,
/api/finance/estate/:id/admin/rules,PUT,backend,uncovered,
/api/finance/estate/:id/admin/run-maintenance,POST,backend,uncovered,
/api/finance/estate/:id/admin/subscription-plan,PUT,backend,uncovered,
/api/finance/estate/:id/ai-notes,GET,backend,uncovered,
/api/finance/estate/:id/ai-notes/:sid,GET,backend,uncovered,
/api/finance/estate/:id/ai-notes/:sid/approve,POST,backend,uncovered,
/api/finance/estate/:id/analytics/:type,GET,backend,uncovered,
/api/finance/estate/:id/announcements,GET,backend,uncovered,
/api/finance/estate/:id/announcements,POST,backend,uncovered,
/api/finance/estate/:id/announcements/:annId/read,POST,backend,uncovered,
/api/finance/estate/:id/bookings,GET,backend,uncovered,
/api/finance/estate/:id/dashboard,GET,backend,uncovered,
/api/finance/estate/:id/documents,GET,backend,uncovered,
/api/finance/estate/:id/documents,POST,backend,uncovered,
/api/finance/estate/:id/documents/:did/download-url,GET,backend,uncovered,
/api/finance/estate/:id/dues/invoices,GET,backend,uncovered,
/api/finance/estate/:id/dues/invoices,POST,backend,uncovered,
/api/finance/estate/:id/dues/invoices/:invoiceId/pay,POST,backend,uncovered,
/api/finance/estate/:id/dues/restrictions,POST,backend,uncovered,
/api/finance/estate/:id/dues/restrictions/:residentId/lift,POST,backend,uncovered,
/api/finance/estate/:id/elections,POST,backend,uncovered,
/api/finance/estate/:id/elections/:electionId/eligibility,GET,backend,uncovered,
/api/finance/estate/:id/elections/:electionId/eligibility,POST,backend,uncovered,
/api/finance/estate/:id/elections/:electionId/results,GET,backend,uncovered,
/api/finance/estate/:id/elections/:electionId/vote,POST,backend,uncovered,
/api/finance/estate/:id/emergencies,GET,backend,uncovered,
/api/finance/estate/:id/emergencies,POST,backend,uncovered,
/api/finance/estate/:id/emergencies/:alertId/status,PATCH,backend,uncovered,
/api/finance/estate/:id/facilities,GET,backend,uncovered,
/api/finance/estate/:id/facilities,POST,backend,uncovered,
/api/finance/estate/:id/facilities/:facilityId/book,POST,backend,uncovered,
/api/finance/estate/:id/finance/dashboard,GET,backend,uncovered,
/api/finance/estate/:id/gates,GET,backend,uncovered,
/api/finance/estate/:id/guard/checkin,POST,backend,uncovered,
/api/finance/estate/:id/guard/checkout,POST,backend,uncovered,
/api/finance/estate/:id/guard/expected-visitors,GET,backend,uncovered,
/api/finance/estate/:id/guard/incident,POST,backend,uncovered,
/api/finance/estate/:id/guard/incidents,GET,backend,uncovered,
/api/finance/estate/:id/guard/lookup,GET,backend,uncovered,
/api/finance/estate/:id/guard/shift-handover,POST,backend,uncovered,
/api/finance/estate/:id/guard/sync,POST,backend,uncovered,
/api/finance/estate/:id/invite-codes,POST,backend,uncovered,
/api/finance/estate/:id/meetings,POST,backend,uncovered,
/api/finance/estate/:id/meetings,GET,backend,uncovered,
/api/finance/estate/:id/meetings/:mid,GET,backend,uncovered,
/api/finance/estate/:id/meetings/:mid/ai-notes,POST,backend,uncovered,
/api/finance/estate/:id/meetings/:mid/cancel,POST,backend,uncovered,
/api/finance/estate/:id/meetings/:mid/checkin,POST,backend,uncovered,
/api/finance/estate/:id/meetings/:mid/documents,GET,backend,uncovered,
/api/finance/estate/:id/meetings/:mid/documents,POST,backend,uncovered,
/api/finance/estate/:id/meetings/:mid/end,POST,backend,uncovered,
/api/finance/estate/:id/meetings/:mid/minutes,GET,backend,uncovered,
/api/finance/estate/:id/meetings/:mid/minutes,POST,backend,uncovered,
/api/finance/estate/:id/meetings/:mid/minutes/approve,POST,backend,uncovered,
/api/finance/estate/:id/meetings/:mid/reschedule,POST,backend,uncovered,
/api/finance/estate/:id/meetings/:mid/rsvp,POST,backend,uncovered,
/api/finance/estate/:id/meetings/:mid/start,POST,backend,uncovered,
/api/finance/estate/:id/notifications,GET,backend,uncovered,
/api/finance/estate/:id/passes,POST,backend,uncovered,
/api/finance/estate/:id/passes/scan,POST,backend,uncovered,
/api/finance/estate/:id/profile,GET,backend,uncovered,
/api/finance/estate/:id/profile,PUT,backend,uncovered,
/api/finance/estate/:id/profile/household,GET,backend,uncovered,
/api/finance/estate/:id/profile/household,POST,backend,uncovered,
/api/finance/estate/:id/profile/household/:mid,DELETE,backend,uncovered,
/api/finance/estate/:id/profile/id-card,GET,backend,uncovered,
/api/finance/estate/:id/profile/staff,GET,backend,uncovered,
/api/finance/estate/:id/profile/staff,POST,backend,uncovered,
/api/finance/estate/:id/profile/staff/:sid/status,PATCH,backend,uncovered,
/api/finance/estate/:id/profile/vehicles,GET,backend,uncovered,
/api/finance/estate/:id/profile/vehicles,POST,backend,uncovered,
/api/finance/estate/:id/profile/vehicles/:vid/verify,POST,backend,uncovered,
/api/finance/estate/:id/properties,GET,backend,uncovered,
/api/finance/estate/:id/properties,POST,backend,uncovered,
/api/finance/estate/:id/properties/:pid,GET,backend,uncovered,
/api/finance/estate/:id/properties/:pid,PATCH,backend,uncovered,
/api/finance/estate/:id/properties/:pid/analytics,GET,backend,uncovered,
/api/finance/estate/:id/properties/:pid/archive,POST,backend,uncovered,
/api/finance/estate/:id/properties/:pid/claim,POST,backend,uncovered,
/api/finance/estate/:id/properties/:pid/claims/:claimId/review,POST,backend,uncovered,
/api/finance/estate/:id/properties/:pid/landlord,POST,backend,uncovered,
/api/finance/estate/:id/properties/:pid/occupancy,POST,backend,uncovered,
/api/finance/estate/:id/properties/:pid/tenancy,POST,backend,uncovered,
/api/finance/estate/:id/properties/:pid/tenancy/:tid/review,POST,backend,uncovered,
/api/finance/estate/:id/properties/:pid/tenant,POST,backend,uncovered,
/api/finance/estate/:id/properties/:pid/transfer-request,POST,backend,uncovered,
/api/finance/estate/:id/property-transfers,GET,backend,uncovered,
/api/finance/estate/:id/property-transfers/:reqId/review,POST,backend,uncovered,
/api/finance/estate/:id/repairs,GET,backend,uncovered,
/api/finance/estate/:id/repairs,POST,backend,uncovered,
/api/finance/estate/:id/repairs/:repairId/updates,GET,backend,uncovered,
/api/finance/estate/:id/repairs/:repairId/updates,POST,backend,uncovered,
/api/finance/estate/:id/reports,GET,backend,uncovered,
/api/finance/estate/:id/residents,POST,backend,uncovered,
/api/finance/estate/:id/settings,GET,backend,uncovered,
/api/finance/estate/:id/settings,PATCH,backend,uncovered,
/api/finance/estate/:id/tasks,GET,backend,uncovered,
/api/finance/estate/:id/tasks,POST,backend,uncovered,
/api/finance/estate/:id/tasks/:taskId/status,PATCH,backend,uncovered,
/api/finance/estate/:id/uploads/presign,POST,backend,exercised-by-unit-or-integration-test,unit:backend/internal/estate/presign_test.go
/api/finance/estate/:id/vendor/assign-job,POST,backend,uncovered,
/api/finance/estate/:id/vendor/earnings,GET,backend,uncovered,
/api/finance/estate/:id/vendor/jobs,GET,backend,uncovered,
/api/finance/estate/:id/vendor/jobs/:jid/accept,POST,backend,uncovered,
/api/finance/estate/:id/vendor/jobs/:jid/checkin,POST,backend,uncovered,
/api/finance/estate/:id/vendor/jobs/:jid/complete,POST,backend,uncovered,
/api/finance/estate/:id/vendor/jobs/:jid/evidence,POST,backend,uncovered,
/api/finance/estate/:id/vendor/jobs/:jid/invoice,POST,backend,uncovered,
/api/finance/estate/:id/vendor/jobs/:jid/payout,POST,backend,uncovered,
/api/finance/estate/:id/vendor/jobs/:jid/quote,POST,backend,uncovered,
/api/finance/estate/:id/vendor/jobs/:jid/reject,POST,backend,uncovered,
/api/finance/estate/:id/vendor/jobs/:jid/start,POST,backend,uncovered,
/api/finance/estate/:id/vendor/onboard,POST,backend,uncovered,
/api/finance/estate/:id/vendor/profile,GET,backend,uncovered,
/api/finance/estate/:id/vendors,GET,backend,uncovered,
/api/finance/estate/:id/vendors,POST,backend,uncovered,
/api/finance/estate/:id/vendors/:vendorId/verify,POST,backend,uncovered,
/api/finance/estate/join/invite,POST,backend,uncovered,
/api/finance/fx/convert,POST,backend,uncovered,
/api/finance/fx/history,GET,backend,uncovered,
/api/finance/fx/quote,POST,backend,uncovered,
/api/finance/fx/wallets/:currency,GET,backend,uncovered,
/api/finance/groups,POST,backend,exercised-by-live-e2e,e2e-via-bff(app/api/v1/groups/route.ts):frontend-web/tests/e2e/social/soc-001-discovery.spec.ts|e2e:frontend-web/tests/e2e/social/soc-001-discovery.spec.ts|e2e-via-bff(app/api/finance/[...path]/route.ts):frontend-web/tests/e2e/social/soc-001-discovery.spec.ts|e2e:frontend-web/tests/e2e/social/soc-003-groups.spec.ts
/api/finance/groups,GET,backend,exercised-by-live-e2e,e2e-via-bff(app/api/v1/groups/route.ts):frontend-web/tests/e2e/social/soc-001-discovery.spec.ts|e2e:frontend-web/tests/e2e/social/soc-001-discovery.spec.ts|e2e-via-bff(app/api/finance/[...path]/route.ts):frontend-web/tests/e2e/social/soc-001-discovery.spec.ts|e2e-via-bff(app/api/v1/groups/route.ts):frontend-web/tests/e2e/social/soc-003-groups.spec.ts
/api/finance/groups/:id,GET,backend,exercised-by-live-e2e,e2e:frontend-web/tests/e2e/social/soc-003-groups.spec.ts|e2e-via-bff(app/api/finance/[...path]/route.ts):frontend-web/tests/e2e/social/soc-003-groups.spec.ts|e2e:frontend-web/tests/e2e/social/soc-006-edge.spec.ts|e2e-via-bff(app/api/finance/[...path]/route.ts):frontend-web/tests/e2e/social/soc-006-edge.spec.ts
/api/finance/groups/:id/dues,POST,backend,uncovered,
/api/finance/groups/:id/invite,POST,backend,exercised-by-live-e2e,e2e:frontend-web/tests/e2e/social/soc-003-groups.spec.ts|e2e-via-bff(app/api/finance/[...path]/route.ts):frontend-web/tests/e2e/social/soc-003-groups.spec.ts|e2e:frontend-web/tests/e2e/social/soc-006-edge.spec.ts|e2e-via-bff(app/api/finance/[...path]/route.ts):frontend-web/tests/e2e/social/soc-006-edge.spec.ts
/api/finance/kyc/checks/aml,POST,backend,uncovered,
/api/finance/kyc/checks/document,POST,backend,uncovered,
/api/finance/kyc/checks/facial,POST,backend,uncovered,
/api/finance/kyc/checks/id-number,POST,backend,uncovered,
/api/finance/kyc/checks/liveness,POST,backend,uncovered,
/api/finance/kyc/consent,POST,backend,uncovered,
/api/finance/kyc/me,GET,backend,uncovered,
/api/finance/kyc/sdk-token,POST,backend,uncovered,
/api/finance/kyc/session,POST,backend,uncovered,
/api/finance/kyc/session/:id,GET,backend,uncovered,
/api/finance/maplerad/bills,POST,backend,uncovered,
/api/finance/maplerad/customer,POST,backend,uncovered,
/api/finance/maplerad/transfers,POST,backend,uncovered,
/api/finance/maplerad/transfers/:ref,GET,backend,uncovered,
/api/finance/maplerad/virtual-account,POST,backend,uncovered,
/api/finance/mobility/bus/book,POST,backend,uncovered,
/api/finance/mobility/bus/provider/bookings,GET,backend,uncovered,
/api/finance/mobility/bus/provider/me,GET,backend,uncovered,
/api/finance/mobility/bus/provider/me,PATCH,backend,uncovered,
/api/finance/mobility/bus/provider/register,POST,backend,uncovered,
/api/finance/mobility/bus/provider/routes,POST,backend,uncovered,
/api/finance/mobility/bus/provider/routes/:id,PATCH,backend,uncovered,
/api/finance/mobility/bus/provider/routes/:id/schedules,POST,backend,uncovered,
/api/finance/mobility/bus/provider/templates,POST,backend,uncovered,
/api/finance/mobility/bus/provider/templates,GET,backend,uncovered,
/api/finance/mobility/bus/provider/templates/:id,PATCH,backend,uncovered,
/api/finance/mobility/bus/provider/templates/:id,DELETE,backend,uncovered,
/api/finance/mobility/bus/providers,GET,backend,uncovered,
/api/finance/mobility/bus/providers/:id,GET,backend,uncovered,
/api/finance/mobility/bus/routes,GET,backend,uncovered,
/api/finance/mobility/bus/schedules,GET,backend,uncovered,
/api/finance/mobility/bus/schedules/:id/seats,GET,backend,uncovered,
/api/finance/mobility/bus/search,GET,backend,uncovered,
/api/finance/mobility/bus/tickets,GET,backend,uncovered,
/api/finance/mobility/bus/tickets/:id/cancel,POST,backend,uncovered,
/api/finance/mobility/bus/tickets/:id/rate,POST,backend,uncovered,
/api/finance/mobility/business/accounts,POST,backend,uncovered,
/api/finance/mobility/business/accounts/me,GET,backend,uncovered,
/api/finance/mobility/business/analytics,GET,backend,uncovered,
/api/finance/mobility/business/batches,POST,backend,uncovered,
/api/finance/mobility/business/batches,GET,backend,uncovered,
/api/finance/mobility/business/batches/:id,GET,backend,uncovered,
/api/finance/mobility/business/deliveries,POST,backend,uncovered,
/api/finance/mobility/business/deliveries,GET,backend,uncovered,
/api/finance/mobility/business/deliveries/:id,GET,backend,uncovered,
/api/finance/mobility/business/deliveries/:id/cancel,POST,backend,uncovered,
/api/finance/mobility/business/invoices,GET,backend,uncovered,
/api/finance/mobility/car-hire,GET,backend,uncovered,
/api/finance/mobility/car-hire/:id,GET,backend,uncovered,
/api/finance/mobility/car-hire/:id/activate,POST,backend,uncovered,
/api/finance/mobility/car-hire/:id/cancel,POST,backend,uncovered,
/api/finance/mobility/car-hire/:id/complete,POST,backend,uncovered,
/api/finance/mobility/car-hire/:id/extend,POST,backend,uncovered,
/api/finance/mobility/car-hire/book,POST,backend,uncovered,
/api/finance/mobility/car-hire/quote,POST,backend,uncovered,
/api/finance/mobility/config/pricing,GET,backend,uncovered,
/api/finance/mobility/events/bookings,GET,backend,uncovered,
/api/finance/mobility/events/bookings/:id/cancel,POST,backend,uncovered,
/api/finance/mobility/events/transport,GET,backend,uncovered,
/api/finance/mobility/events/transport,POST,backend,uncovered,
/api/finance/mobility/events/transport/:id,GET,backend,uncovered,
/api/finance/mobility/events/transport/:id/book,POST,backend,uncovered,
/api/finance/mobility/history,GET,backend,uncovered,
/api/finance/mobility/home,GET,backend,uncovered,
/api/finance/mobility/movers,GET,backend,uncovered,
/api/finance/mobility/movers/:id,GET,backend,uncovered,
/api/finance/mobility/movers/:id/accept-bid,POST,backend,uncovered,
/api/finance/mobility/movers/:id/cancel,POST,backend,uncovered,
/api/finance/mobility/movers/:id/confirm-completion,POST,backend,uncovered,
/api/finance/mobility/movers/:id/rate,POST,backend,uncovered,
/api/finance/mobility/movers/quote,POST,backend,uncovered,
/api/finance/mobility/parcels,POST,backend,uncovered,
/api/finance/mobility/parcels,GET,backend,uncovered,
/api/finance/mobility/parcels/:id,GET,backend,uncovered,
/api/finance/mobility/parcels/:id/cancel,POST,backend,uncovered,
/api/finance/mobility/parcels/:id/rate,POST,backend,uncovered,
/api/finance/mobility/parcels/estimate,POST,backend,uncovered,
/api/finance/mobility/profile,GET,backend,uncovered,
/api/finance/mobility/profile,PUT,backend,uncovered,
/api/finance/mobility/public/track/:token,GET,backend,uncovered,
/api/finance/mobility/rides/:id,GET,backend,uncovered,
/api/finance/mobility/rides/:id/accept-counter,POST,backend,uncovered,
/api/finance/mobility/rides/:id/cancel,POST,backend,uncovered,
/api/finance/mobility/rides/:id/offer,POST,backend,uncovered,
/api/finance/mobility/rides/:id/rate,POST,backend,uncovered,
/api/finance/mobility/rides/:id/share,POST,backend,uncovered,
/api/finance/mobility/rides/:id/sos,POST,backend,uncovered,
/api/finance/mobility/rides/active,GET,backend,uncovered,
/api/finance/mobility/rides/estimate,POST,backend,uncovered,
/api/finance/mobility/rides/request,POST,backend,uncovered,
/api/finance/mobility/scheduled,POST,backend,uncovered,
/api/finance/mobility/scheduled,GET,backend,uncovered,
/api/finance/mobility/scheduled/:id,GET,backend,uncovered,
/api/finance/mobility/scheduled/:id,PATCH,backend,uncovered,
/api/finance/mobility/scheduled/:id/cancel,POST,backend,uncovered,
/api/finance/mobility/scheduled/estimate,POST,backend,uncovered,
/api/finance/mobility/towing,POST,backend,uncovered,
/api/finance/mobility/towing,GET,backend,uncovered,
/api/finance/mobility/towing/:id,GET,backend,uncovered,
/api/finance/mobility/towing/:id/cancel,POST,backend,uncovered,
/api/finance/mobility/towing/:id/rate,POST,backend,uncovered,
/api/finance/mobility/towing/estimate,POST,backend,uncovered,
/api/finance/mobility/trips/:id/messages,GET,backend,uncovered,
/api/finance/mobility/trips/:id/messages,POST,backend,uncovered,
/api/finance/mobility/trips/:id/track,POST,backend,uncovered,
/api/finance/mobility/trusted-contacts,GET,backend,uncovered,
/api/finance/mobility/trusted-contacts,POST,backend,uncovered,
/api/finance/mobility/trusted-contacts/:id,DELETE,backend,uncovered,
/api/finance/mobility/ws,GET,backend,uncovered,
/api/finance/modules/access,GET,backend,uncovered,
/api/finance/property/context,GET,backend,exercised-by-unit-or-integration-test,unit:backend/tests/property_authz_test.go
/api/finance/property/context/switch,POST,backend,exercised-by-unit-or-integration-test,unit:backend/tests/property_authz_test.go
/api/finance/property/rent-passport/lookup/:userId,GET,backend,exercised-by-unit-or-integration-test,unit:backend/tests/property_authz_test.go
/api/finance/property/rent-passport/me,GET,backend,exercised-by-unit-or-integration-test,unit:backend/tests/property_authz_test.go
/api/finance/ratings,POST,backend,uncovered,
/api/finance/ratings/:entity_id,GET,backend,uncovered,
/api/finance/realtor/stays/:bookingId/gate-pass,GET,backend,uncovered,
/api/finance/referrals/me,GET,backend,exercised-by-live-e2e,e2e:frontend-web/tests/e2e/finance/fin-004-referrals.spec.ts|e2e-via-bff(app/api/finance/[...path]/route.ts):frontend-web/tests/e2e/finance/fin-004-referrals.spec.ts|e2e:frontend-web/tests/e2e/finance/fin-007-edge.spec.ts|e2e-via-bff(app/api/finance/[...path]/route.ts):frontend-web/tests/e2e/finance/fin-007-edge.spec.ts
/api/finance/restaurant,GET,backend,exercised-by-live-e2e,e2e-via-bff(app/api/v1/restaurant/route.ts):frontend-web/tests/e2e/provider/helpers.ts|e2e-via-bff(app/api/v1/restaurant/route.ts):frontend-web/tests/e2e/provider/provider-001-onboarding.spec.ts|e2e-via-bff(app/api/v1/restaurant/route.ts):frontend-web/tests/e2e/provider/provider-002-kyb-approval.spec.ts|e2e-via-bff(app/api/v1/restaurant/route.ts):frontend-web/tests/e2e/provider/provider-004-visibility-order.spec.ts
/api/finance/restaurant,POST,backend,exercised-by-live-e2e,e2e-via-bff(app/api/v1/restaurant/route.ts):frontend-web/tests/e2e/provider/helpers.ts|e2e-via-bff(app/api/v1/restaurant/route.ts):frontend-web/tests/e2e/provider/provider-001-onboarding.spec.ts|e2e-via-bff(app/api/v1/restaurant/route.ts):frontend-web/tests/e2e/provider/provider-002-kyb-approval.spec.ts|e2e-via-bff(app/api/v1/restaurant/route.ts):frontend-web/tests/e2e/provider/provider-004-visibility-order.spec.ts
/api/finance/restaurant/:id,GET,backend,exercised-by-live-e2e,e2e-via-bff(app/api/v1/restaurant/[id]/route.ts):frontend-web/tests/e2e/provider/provider-001-onboarding.spec.ts|e2e-via-bff(app/api/v1/restaurant/[id]/route.ts):frontend-web/tests/e2e/provider/provider-003-menu-offering.spec.ts|e2e-via-bff(app/api/v1/restaurant/[id]/route.ts):frontend-web/tests/e2e/provider/provider-004-visibility-order.spec.ts|e2e-via-bff(app/api/v1/restaurant/[id]/route.ts):docs/e2e/results/provider.md
/api/finance/restaurant/:id,PATCH,backend,exercised-by-live-e2e,e2e-via-bff(app/api/v1/restaurant/[id]/route.ts):frontend-web/tests/e2e/provider/provider-001-onboarding.spec.ts|e2e-via-bff(app/api/v1/restaurant/[id]/route.ts):frontend-web/tests/e2e/provider/provider-003-menu-offering.spec.ts|e2e-via-bff(app/api/v1/restaurant/[id]/route.ts):frontend-web/tests/e2e/provider/provider-004-visibility-order.spec.ts|e2e-via-bff(app/api/v1/restaurant/[id]/route.ts):docs/e2e/results/provider.md
/api/finance/restaurant/:id/availability,PATCH,backend,exercised-by-live-e2e,e2e-via-bff(app/api/v1/restaurant/[id]/availability/route.ts):frontend-web/tests/e2e/provider/provider-001-onboarding.spec.ts|e2e-via-bff(app/api/v1/restaurant/[id]/availability/route.ts):frontend-web/tests/e2e/user/user-004-pagination.spec.ts|e2e-via-bff(app/api/v1/restaurant/[id]/availability/route.ts):docs/e2e/results/provider.md|e2e-via-bff(app/api/v1/restaurant/[id]/availability/route.ts):docs/e2e/results/user.md
/api/finance/restaurant/:id/delivery-quote,POST,backend,uncovered,
/api/finance/restaurant/:id/group,POST,backend,uncovered,
/api/finance/restaurant/:id/kyb,GET,backend,exercised-by-live-e2e,e2e:frontend-web/tests/e2e/cross/cross-001-order-completion.spec.ts|e2e-via-bff(app/api/finance/[...path]/route.ts):frontend-web/tests/e2e/cross/cross-001-order-completion.spec.ts|e2e:frontend-web/tests/e2e/provider/provider-002-kyb-approval.spec.ts|e2e-via-bff(app/api/finance/[...path]/route.ts):frontend-web/tests/e2e/provider/provider-002-kyb-approval.spec.ts
/api/finance/restaurant/:id/kyb,PUT,backend,exercised-by-live-e2e,e2e:frontend-web/tests/e2e/cross/cross-001-order-completion.spec.ts|e2e-via-bff(app/api/finance/[...path]/route.ts):frontend-web/tests/e2e/cross/cross-001-order-completion.spec.ts|e2e:frontend-web/tests/e2e/cross/cross-004-audit-continuity.spec.ts|e2e-via-bff(app/api/finance/[...path]/route.ts):frontend-web/tests/e2e/cross/cross-004-audit-continuity.spec.ts
/api/finance/restaurant/:id/kyb/documents,POST,backend,exercised-by-live-e2e,e2e-results:docs/e2e/results/provider.md
/api/finance/restaurant/:id/kyb/submit,POST,backend,exercised-by-live-e2e,e2e:frontend-web/tests/e2e/cross/cross-001-order-completion.spec.ts|e2e-via-bff(app/api/finance/[...path]/route.ts):frontend-web/tests/e2e/cross/cross-001-order-completion.spec.ts|e2e:frontend-web/tests/e2e/cross/cross-004-audit-continuity.spec.ts|e2e-via-bff(app/api/finance/[...path]/route.ts):frontend-web/tests/e2e/cross/cross-004-audit-continuity.spec.ts
/api/finance/restaurant/:id/like,POST,backend,uncovered,
/api/finance/restaurant/:id/like,DELETE,backend,uncovered,
/api/finance/restaurant/:id/menu/categories,POST,backend,exercised-by-live-e2e,e2e-via-bff(app/api/v1/restaurant/[id]/menu/[...path]/route.ts):frontend-web/tests/e2e/cross/cross-001-order-completion.spec.ts|e2e-via-bff(app/api/v1/restaurant/[id]/menu/[...path]/route.ts):frontend-web/tests/e2e/cross/cross-004-audit-continuity.spec.ts|e2e-via-bff(app/api/v1/restaurant/[id]/menu/[...path]/route.ts):frontend-web/tests/e2e/provider/provider-001-onboarding.spec.ts|e2e-via-bff(app/api/v1/restaurant/[id]/menu/[...path]/route.ts):frontend-web/tests/e2e/provider/provider-003-menu-offering.spec.ts
/api/finance/restaurant/:id/menu/categories/:categoryId,DELETE,backend,uncovered,
/api/finance/restaurant/:id/menu/items,POST,backend,exercised-by-live-e2e,e2e-via-bff(app/api/v1/restaurant/[id]/menu/[...path]/route.ts):frontend-web/tests/e2e/cross/cross-001-order-completion.spec.ts|e2e-via-bff(app/api/v1/restaurant/[id]/menu/[...path]/route.ts):frontend-web/tests/e2e/cross/cross-004-audit-continuity.spec.ts|e2e-via-bff(app/api/v1/restaurant/[id]/menu/[...path]/route.ts):frontend-web/tests/e2e/provider/provider-003-menu-offering.spec.ts|e2e-via-bff(app/api/v1/restaurant/[id]/menu/[...path]/route.ts):frontend-web/tests/e2e/provider/provider-004-visibility-order.spec.ts
/api/finance/restaurant/:id/menu/items/:itemId,PATCH,backend,exercised-by-live-e2e,e2e-via-bff(app/api/v1/restaurant/[id]/menu/[...path]/route.ts):frontend-web/tests/e2e/provider/provider-003-menu-offering.spec.ts
/api/finance/restaurant/:id/menu/items/:itemId,DELETE,backend,exercised-by-live-e2e,e2e-via-bff(app/api/v1/restaurant/[id]/menu/[...path]/route.ts):frontend-web/tests/e2e/provider/provider-003-menu-offering.spec.ts
/api/finance/restaurant/:id/orders,POST,backend,exercised-by-live-e2e,e2e-via-bff(app/api/v1/restaurant/[id]/orders/route.ts):frontend-web/tests/e2e/cross/cross-001-order-completion.spec.ts|e2e-via-bff(app/api/v1/restaurant/[id]/orders/route.ts):frontend-web/tests/e2e/cross/cross-004-audit-continuity.spec.ts|e2e-via-bff(app/api/v1/restaurant/[id]/orders/route.ts):docs/e2e/results/cross.md|e2e-via-bff(app/api/v1/restaurant/[id]/orders/route.ts):docs/e2e/results/provider.md
/api/finance/restaurant/:id/orders/:orderId,DELETE,backend,uncovered,
/api/finance/restaurant/:id/orders/:orderId/status,PATCH,backend,exercised-by-live-e2e,e2e-via-bff(app/api/v1/restaurant/[id]/orders/[orderId]/status/route.ts):frontend-web/tests/e2e/cross/cross-001-order-completion.spec.ts|e2e-via-bff(app/api/v1/restaurant/[id]/orders/[orderId]/status/route.ts):frontend-web/tests/e2e/cross/cross-004-audit-continuity.spec.ts|e2e-via-bff(app/api/v1/restaurant/[id]/orders/[orderId]/status/route.ts):frontend-web/tests/e2e/provider/provider-004-visibility-order.spec.ts|e2e-via-bff(app/api/v1/restaurant/[id]/orders/[orderId]/status/route.ts):docs/e2e/results/cross.md
/api/finance/restaurant/:id/staff,GET,backend,uncovered,
/api/finance/restaurant/:id/staff,POST,backend,uncovered,
/api/finance/restaurant/:id/staff/:userId,PATCH,backend,uncovered,
/api/finance/restaurant/bank-accounts,POST,backend,uncovered,
/api/finance/restaurant/bank-accounts,GET,backend,uncovered,
/api/finance/restaurant/bank-accounts/:accountId,DELETE,backend,uncovered,
/api/finance/restaurant/bank-accounts/:accountId/default,PATCH,backend,uncovered,
/api/finance/restaurant/bank-accounts/verify,POST,backend,uncovered,
/api/finance/restaurant/disputes/:id,GET,backend,uncovered,
/api/finance/restaurant/earnings,GET,backend,uncovered,
/api/finance/restaurant/group/:groupId,GET,backend,uncovered,
/api/finance/restaurant/group/:groupId/finalize,POST,backend,uncovered,
/api/finance/restaurant/group/:groupId/items,POST,backend,uncovered,
/api/finance/restaurant/lookup/user,GET,backend,uncovered,
/api/finance/restaurant/mine,GET,backend,exercised-by-live-e2e,e2e-via-bff(app/api/v1/restaurant/mine/route.ts):frontend-web/tests/e2e/provider/provider-001-onboarding.spec.ts|e2e-via-bff(app/api/v1/restaurant/mine/route.ts):docs/e2e/results/cross.md|e2e-via-bff(app/api/v1/restaurant/mine/route.ts):docs/e2e/results/provider.md
/api/finance/restaurant/orders,GET,backend,exercised-by-live-e2e,e2e-via-bff(app/api/v1/restaurant/[id]/route.ts):frontend-web/tests/e2e/provider/provider-004-visibility-order.spec.ts|e2e-via-bff(app/api/v1/restaurant/[id]/route.ts):docs/e2e/results/provider.md
/api/finance/restaurant/orders/:orderId,GET,backend,exercised-by-live-e2e,e2e:frontend-web/tests/e2e/cross/cross-001-order-completion.spec.ts|e2e-via-bff(app/api/finance/[...path]/route.ts):frontend-web/tests/e2e/cross/cross-001-order-completion.spec.ts|e2e-results:docs/e2e/results/cross.md
/api/finance/restaurant/orders/:orderId/accept,POST,backend,exercised-by-live-e2e,e2e:frontend-web/tests/e2e/cross/cross-001-order-completion.spec.ts|e2e-via-bff(app/api/finance/[...path]/route.ts):frontend-web/tests/e2e/cross/cross-001-order-completion.spec.ts
/api/finance/restaurant/orders/:orderId/assign,POST,backend,uncovered,
/api/finance/restaurant/orders/:orderId/decline,POST,backend,uncovered,
/api/finance/restaurant/orders/:orderId/dispatch,POST,backend,uncovered,
/api/finance/restaurant/orders/:orderId/dispute,POST,backend,uncovered,
/api/finance/restaurant/orders/:orderId/handoff,POST,backend,exercised-by-live-e2e,e2e:frontend-web/tests/e2e/cross/cross-001-order-completion.spec.ts|e2e-via-bff(app/api/finance/[...path]/route.ts):frontend-web/tests/e2e/cross/cross-001-order-completion.spec.ts
/api/finance/restaurant/orders/:orderId/location,POST,backend,uncovered,
/api/finance/restaurant/orders/:orderId/messages,GET,backend,uncovered,
/api/finance/restaurant/orders/:orderId/messages,POST,backend,uncovered,
/api/finance/restaurant/orders/:orderId/pickup,POST,backend,exercised-by-live-e2e,e2e:frontend-web/tests/e2e/cross/cross-001-order-completion.spec.ts|e2e-via-bff(app/api/finance/[...path]/route.ts):frontend-web/tests/e2e/cross/cross-001-order-completion.spec.ts
/api/finance/restaurant/orders/:orderId/rate,POST,backend,uncovered,
/api/finance/restaurant/orders/:orderId/ws,GET,backend,uncovered,
/api/finance/restaurant/payout-readiness,GET,backend,uncovered,
/api/finance/restaurant/rider/active,GET,backend,uncovered,
/api/finance/restaurant/rider/offers,GET,backend,exercised-by-live-e2e,e2e:frontend-web/tests/e2e/cross/cross-001-order-completion.spec.ts|e2e-via-bff(app/api/finance/[...path]/route.ts):frontend-web/tests/e2e/cross/cross-001-order-completion.spec.ts|e2e-results:docs/e2e/results/cross.md
/api/finance/restaurant/staff/accept,POST,backend,uncovered,
/api/finance/restaurant/withdrawals,POST,backend,uncovered,
/api/finance/restaurant/withdrawals,GET,backend,uncovered,
/api/finance/restaurant/withdrawals/:withdrawalId,GET,backend,uncovered,
/api/finance/restaurant/ws,GET,backend,uncovered,
/api/finance/support/sessions,POST,backend,uncovered,
/api/finance/support/sessions/:id/escalate,POST,backend,uncovered,
/api/finance/support/sessions/:id/messages,GET,backend,uncovered,
/api/finance/support/sessions/:id/messages,POST,backend,uncovered,
/api/finance/support/sessions/:id/resolve,POST,backend,uncovered,
/api/finance/telemedicine/appointments,POST,backend,uncovered,
/api/finance/telemedicine/appointments/:id,DELETE,backend,uncovered,
/api/finance/telemedicine/appointments/:id/complete,POST,backend,uncovered,
/api/finance/telemedicine/appointments/:id/prescription,POST,backend,uncovered,
/api/finance/telemedicine/doctors,GET,backend,uncovered,
/api/finance/telemedicine/doctors,POST,backend,uncovered,
/api/finance/transfers/bank,POST,backend,uncovered,
/api/finance/transfers/bank-to-bank,POST,backend,uncovered,
/api/finance/transfers/banks,GET,backend,uncovered,
/api/finance/transfers/beneficiaries,GET,backend,uncovered,
/api/finance/transfers/beneficiaries,POST,backend,uncovered,
/api/finance/transfers/beneficiaries/:id,DELETE,backend,uncovered,
/api/finance/transfers/paymax,POST,backend,exercised-by-live-e2e,e2e:frontend-web/tests/e2e/cross/cross-003-transfer.spec.ts|e2e-via-bff(app/api/finance/[...path]/route.ts):frontend-web/tests/e2e/cross/cross-003-transfer.spec.ts|e2e:frontend-web/tests/e2e/cross/cross-004-audit-continuity.spec.ts|e2e-via-bff(app/api/finance/[...path]/route.ts):frontend-web/tests/e2e/cross/cross-004-audit-continuity.spec.ts
/api/finance/transfers/paymax/resolve,GET,backend,exercised-by-live-e2e,e2e:frontend-web/tests/e2e/cross/cross-003-transfer.spec.ts|e2e-via-bff(app/api/finance/[...path]/route.ts):frontend-web/tests/e2e/cross/cross-003-transfer.spec.ts|e2e-results:docs/e2e/results/cross.md
/api/finance/transfers/pin,POST,backend,uncovered,
/api/finance/transfers/pin/status,GET,backend,exercised-by-live-e2e,e2e:frontend-web/tests/e2e/finance/fin-007-edge.spec.ts|e2e-via-bff(app/api/finance/[...path]/route.ts):frontend-web/tests/e2e/finance/fin-007-edge.spec.ts
/api/finance/transfers/pin/verify,POST,backend,uncovered,
/api/finance/transfers/resolve-account,POST,backend,uncovered,
/api/finance/transport/drivers,POST,backend,uncovered,
/api/finance/transport/drivers/status,PATCH,backend,uncovered,
/api/finance/va/me,GET,backend,uncovered,
/api/finance/vote-bridge/debit,POST,backend,exercised-by-live-e2e,e2e-results:docs/e2e/results/cross.md
/api/finance/vote-bridge/reverse,POST,backend,uncovered,
/api/finance/wallet/balance,GET,backend,exercised-by-live-e2e,e2e:frontend-web/tests/e2e/finance/fin-001-wallet.spec.ts|e2e-via-bff(app/api/finance/[...path]/route.ts):frontend-web/tests/e2e/finance/fin-001-wallet.spec.ts|e2e:frontend-web/tests/e2e/finance/fin-002-savings.spec.ts|e2e-via-bff(app/api/finance/[...path]/route.ts):frontend-web/tests/e2e/finance/fin-002-savings.spec.ts
/api/finance/wallet/transactions,GET,backend,exercised-by-live-e2e,e2e:frontend-web/tests/e2e/finance/fin-001-wallet.spec.ts|e2e-via-bff(app/api/finance/[...path]/route.ts):frontend-web/tests/e2e/finance/fin-001-wallet.spec.ts|e2e:frontend-web/tests/e2e/finance/fin-007-edge.spec.ts|e2e-via-bff(app/api/finance/[...path]/route.ts):frontend-web/tests/e2e/finance/fin-007-edge.spec.ts
/api/kyc/webhooks/:provider,POST,backend,internal-or-infra-only,
/api/promotions/admin/banners,POST,backend,uncovered,
/api/promotions/admin/banners/:id,PATCH,backend,uncovered,
/api/promotions/admin/banners/:id,DELETE,backend,uncovered,
/api/restaurant/admin/activate-scheduled,POST,backend,uncovered,
/api/restaurant/admin/delivery-config,GET,backend,exercised-by-unit-or-integration-test,unit:backend/internal/modules/modulegate/gate_test.go
/api/restaurant/admin/delivery-config,PUT,backend,exercised-by-unit-or-integration-test,unit:backend/internal/modules/modulegate/gate_test.go
/api/restaurant/admin/dispatch/queue,GET,backend,uncovered,
/api/restaurant/admin/disputes,GET,backend,uncovered,
/api/restaurant/admin/disputes/:id/resolve,POST,backend,uncovered,
/api/restaurant/admin/listings/:id/decision,POST,backend,uncovered,
/api/restaurant/admin/listings/pending,GET,backend,uncovered,
/api/restaurant/admin/onboarding,GET,backend,exercised-by-live-e2e,e2e:frontend-web/tests/e2e/provider/provider-002-kyb-approval.spec.ts|e2e-results:docs/e2e/results/provider.md
/api/restaurant/admin/onboarding/:id/:decision,POST,backend,exercised-by-live-e2e,e2e:frontend-web/tests/e2e/cross/cross-001-order-completion.spec.ts|e2e:frontend-web/tests/e2e/cross/cross-004-audit-continuity.spec.ts|e2e:frontend-web/tests/e2e/provider/provider-002-kyb-approval.spec.ts|e2e:frontend-web/tests/e2e/provider/provider-004-visibility-order.spec.ts
/api/restaurant/admin/orders,GET,backend,exercised-by-live-e2e,e2e:frontend-web/tests/e2e/cross/cross-001-order-completion.spec.ts|e2e-results:docs/e2e/results/cross.md
/api/restaurant/admin/orders/:id/assign,POST,backend,uncovered,
/api/restaurant/admin/orders/:id/dispatch,POST,backend,uncovered,
/api/restaurant/admin/payouts,GET,backend,uncovered,
/api/restaurant/admin/payouts/:id,GET,backend,uncovered,
/api/restaurant/admin/payouts/:id/process,POST,backend,uncovered,
/api/restaurant/admin/payouts/build,POST,backend,uncovered,
/api/restaurant/admin/restaurants,GET,backend,uncovered,
/api/restaurant/admin/restaurants/:id,GET,backend,uncovered,
/api/restaurant/admin/restaurants/:id,PATCH,backend,uncovered,
/api/restaurant/admin/restaurants/:id/availability,PATCH,backend,uncovered,
/api/restaurant/admin/restaurants/:id/menu/categories,POST,backend,uncovered,
/api/restaurant/admin/restaurants/:id/menu/categories/:categoryId,DELETE,backend,uncovered,
/api/restaurant/admin/restaurants/:id/menu/items,POST,backend,uncovered,
/api/restaurant/admin/restaurants/:id/menu/items/:itemId,PATCH,backend,uncovered,
/api/restaurant/admin/restaurants/:id/menu/items/:itemId,DELETE,backend,uncovered,
/api/restaurant/admin/restaurants/unclaimed,GET,backend,uncovered,
/api/restaurant/admin/riders,GET,backend,uncovered,
/api/restaurant/admin/withdrawals,GET,backend,uncovered,
/api/restaurant/admin/withdrawals/:withdrawalId,GET,backend,uncovered,
/api/restaurant/admin/withdrawals/:withdrawalId/failed,POST,backend,uncovered,
/api/restaurant/admin/withdrawals/:withdrawalId/paid,POST,backend,uncovered,
/api/v1/doctor/account/review-notice,GET,backend,uncovered,
/api/v1/doctor/account/status,GET,backend,uncovered,
/api/v1/doctor/adherence-checks,GET,backend,uncovered,
/api/v1/doctor/adherence-checks,POST,backend,uncovered,
/api/v1/doctor/ai/lab-explanation,POST,backend,uncovered,
/api/v1/doctor/ai/lab-explanation/:resultId,GET,backend,uncovered,
/api/v1/doctor/ai/note-summary,POST,backend,uncovered,
/api/v1/doctor/ai/note-summary/:appointmentId,GET,backend,uncovered,
/api/v1/doctor/ai/note-summary/accept,POST,backend,uncovered,
/api/v1/doctor/ai/rx-safety,POST,backend,uncovered,
/api/v1/doctor/ai/rx-safety/:id,GET,backend,uncovered,
/api/v1/doctor/analytics/quality,GET,backend,uncovered,
/api/v1/doctor/announcements/:announcementId/dismiss,POST,backend,uncovered,
/api/v1/doctor/announcements/latest,GET,backend,uncovered,
/api/v1/doctor/app-status,GET,backend,uncovered,
/api/v1/doctor/appointment-requests,GET,backend,uncovered,
/api/v1/doctor/appointment-requests/:id,GET,backend,uncovered,
/api/v1/doctor/appointments,GET,backend,uncovered,
/api/v1/doctor/appointments/:appointmentId,GET,backend,uncovered,
/api/v1/doctor/appointments/:appointmentId/accept,POST,backend,uncovered,
/api/v1/doctor/appointments/:appointmentId/cancel,POST,backend,uncovered,
/api/v1/doctor/appointments/:appointmentId/clinical-note,GET,backend,uncovered,
/api/v1/doctor/appointments/:appointmentId/clinical-note,PUT,backend,uncovered,
/api/v1/doctor/appointments/:appointmentId/end,POST,backend,uncovered,
/api/v1/doctor/appointments/:appointmentId/hmo-eligibility,GET,backend,uncovered,
/api/v1/doctor/appointments/:appointmentId/no-show,POST,backend,uncovered,
/api/v1/doctor/appointments/:appointmentId/notes,GET,backend,uncovered,
/api/v1/doctor/appointments/:appointmentId/notes,POST,backend,uncovered,
/api/v1/doctor/appointments/:appointmentId/reject,POST,backend,uncovered,
/api/v1/doctor/appointments/:appointmentId/request-reschedule,POST,backend,uncovered,
/api/v1/doctor/appointments/:appointmentId/reschedule,POST,backend,uncovered,
/api/v1/doctor/appointments/:appointmentId/start,POST,backend,uncovered,
/api/v1/doctor/appointments/:appointmentId/status,POST,backend,uncovered,
/api/v1/doctor/audit-trail,GET,backend,uncovered,
/api/v1/doctor/auth/logout,POST,backend,uncovered,
/api/v1/doctor/availability,GET,backend,uncovered,
/api/v1/doctor/availability,PUT,backend,uncovered,
/api/v1/doctor/calls/:appointmentId,GET,backend,uncovered,
/api/v1/doctor/calls/:appointmentId/dispute,POST,backend,uncovered,
/api/v1/doctor/calls/:appointmentId/feedback,POST,backend,uncovered,
/api/v1/doctor/calls/:appointmentId/join,POST,backend,uncovered,
/api/v1/doctor/calls/:appointmentId/leave,POST,backend,uncovered,
/api/v1/doctor/calls/:appointmentId/pre-check,GET,backend,uncovered,
/api/v1/doctor/calls/:appointmentId/rich,GET,backend,uncovered,
/api/v1/doctor/calls/:appointmentId/switch-provider,POST,backend,uncovered,
/api/v1/doctor/calls/:appointmentId/token,POST,backend,uncovered,
/api/v1/doctor/calls/disputes,GET,backend,uncovered,
/api/v1/doctor/care-plans,GET,backend,uncovered,
/api/v1/doctor/care-plans,POST,backend,uncovered,
/api/v1/doctor/care-plans/:id,GET,backend,uncovered,
/api/v1/doctor/care-team/:threadId,GET,backend,uncovered,
/api/v1/doctor/care-team/:threadId/messages,POST,backend,uncovered,
/api/v1/doctor/case-summaries/:caseRef,GET,backend,uncovered,
/api/v1/doctor/chat/:threadId/attachments,POST,backend,uncovered,
/api/v1/doctor/chat/:threadId/end,POST,backend,uncovered,
/api/v1/doctor/chat/:threadId/escalate,POST,backend,uncovered,
/api/v1/doctor/chat/:threadId/messages,GET,backend,uncovered,
/api/v1/doctor/chat/:threadId/messages,POST,backend,uncovered,
/api/v1/doctor/chat/:threadId/presence,GET,backend,uncovered,
/api/v1/doctor/chat/:threadId/rich-messages,GET,backend,uncovered,
/api/v1/doctor/chat/:threadId/share,POST,backend,uncovered,
/api/v1/doctor/chat/:threadId/state,GET,backend,uncovered,
/api/v1/doctor/chat/:threadId/transcript,GET,backend,uncovered,
/api/v1/doctor/chat/:threadId/voice,POST,backend,uncovered,
/api/v1/doctor/chat/messages/:messageId/annotations,PUT,backend,uncovered,
/api/v1/doctor/chat/messages/:messageId/report,POST,backend,uncovered,
/api/v1/doctor/chat/threads,GET,backend,uncovered,
/api/v1/doctor/chronic-monitoring,GET,backend,uncovered,
/api/v1/doctor/chronic-monitoring,POST,backend,uncovered,
/api/v1/doctor/clinical-notes/:noteId/finalize,POST,backend,uncovered,
/api/v1/doctor/clinical-notes/:noteId/share,POST,backend,uncovered,
/api/v1/doctor/clinics,GET,backend,uncovered,
/api/v1/doctor/clinics/:clinicId/schedule,PATCH,backend,uncovered,
/api/v1/doctor/clinics/active,POST,backend,uncovered,
/api/v1/doctor/compliance,GET,backend,uncovered,
/api/v1/doctor/compliance/policies/:policyKey/ack,POST,backend,uncovered,
/api/v1/doctor/dashboard,GET,backend,uncovered,
/api/v1/doctor/delivery-alerts,GET,backend,uncovered,
/api/v1/doctor/disputes,GET,backend,uncovered,
/api/v1/doctor/disputes,POST,backend,uncovered,
/api/v1/doctor/disputes/:id,GET,backend,uncovered,
/api/v1/doctor/disputes/:id/evidence,POST,backend,uncovered,
/api/v1/doctor/drug-deliveries,GET,backend,uncovered,
/api/v1/doctor/earnings,GET,backend,uncovered,
/api/v1/doctor/earnings/breakdown,GET,backend,uncovered,
/api/v1/doctor/earnings/commission,GET,backend,uncovered,
/api/v1/doctor/earnings/tax-vat,GET,backend,uncovered,
/api/v1/doctor/emergency/cases,POST,backend,uncovered,
/api/v1/doctor/emergency/cases,GET,backend,uncovered,
/api/v1/doctor/emergency/cases/:id,GET,backend,uncovered,
/api/v1/doctor/emergency/contacts/:patientId/notify,POST,backend,uncovered,
/api/v1/doctor/emergency/escalate/ambulance,POST,backend,uncovered,
/api/v1/doctor/emergency/escalate/hospital,POST,backend,uncovered,
/api/v1/doctor/emergency/escalations,GET,backend,uncovered,
/api/v1/doctor/emergency/facilities,GET,backend,uncovered,
/api/v1/doctor/feedback,GET,backend,uncovered,
/api/v1/doctor/follow-ups,GET,backend,uncovered,
/api/v1/doctor/follow-ups,POST,backend,uncovered,
/api/v1/doctor/follow-ups/:id,GET,backend,uncovered,
/api/v1/doctor/follow-ups/:id/complete,POST,backend,uncovered,
/api/v1/doctor/follow-ups/:id/reminder,POST,backend,uncovered,
/api/v1/doctor/follow-ups/:id/review,POST,backend,uncovered,
/api/v1/doctor/hmo/claims,GET,backend,uncovered,
/api/v1/doctor/hmo/claims,POST,backend,uncovered,
/api/v1/doctor/hmo/claims/:id,GET,backend,uncovered,
/api/v1/doctor/hmo/claims/:id/dispute,POST,backend,uncovered,
/api/v1/doctor/hmo/coverage/:patientId,GET,backend,uncovered,
/api/v1/doctor/hmo/covered-services,GET,backend,uncovered,
/api/v1/doctor/hmo/fraud-warnings,GET,backend,uncovered,
/api/v1/doctor/hmo/fraud-warnings/:warningId/ack,POST,backend,uncovered,
/api/v1/doctor/hmo/pre-auth,GET,backend,uncovered,
/api/v1/doctor/hmo/pre-auth,POST,backend,uncovered,
/api/v1/doctor/hmo/pre-auth/:id,GET,backend,uncovered,
/api/v1/doctor/hmo/support/:threadId,GET,backend,uncovered,
/api/v1/doctor/hmo/support/:threadId/messages,POST,backend,uncovered,
/api/v1/doctor/invoices,GET,backend,uncovered,
/api/v1/doctor/lab-catalogue,GET,backend,uncovered,
/api/v1/doctor/lab-orders,GET,backend,uncovered,
/api/v1/doctor/lab-orders,POST,backend,uncovered,
/api/v1/doctor/lab-orders/:orderId/cancel,POST,backend,uncovered,
/api/v1/doctor/lab-orders/:orderId/result,GET,backend,uncovered,
/api/v1/doctor/lab-orders/:orderId/rich,GET,backend,uncovered,
/api/v1/doctor/lab-orders/:orderId/share,POST,backend,uncovered,
/api/v1/doctor/lab-packages,GET,backend,uncovered,
/api/v1/doctor/lab-providers,GET,backend,uncovered,
/api/v1/doctor/lab-results/:resultId/comparisons,GET,backend,uncovered,
/api/v1/doctor/lab-results/:resultId/interpretation,PUT,backend,uncovered,
/api/v1/doctor/lab-results/:resultId/report,POST,backend,uncovered,
/api/v1/doctor/lab-results/:resultId/review,POST,backend,uncovered,
/api/v1/doctor/lab-results/:resultId/rich,GET,backend,uncovered,
/api/v1/doctor/lab-results/:resultId/share-explanation,POST,backend,uncovered,
/api/v1/doctor/lab-results/inbox,GET,backend,uncovered,
/api/v1/doctor/licence/expiry-warning,GET,backend,uncovered,
/api/v1/doctor/licence/renew,POST,backend,uncovered,
/api/v1/doctor/notifications,GET,backend,uncovered,
/api/v1/doctor/notifications/:id/read,POST,backend,uncovered,
/api/v1/doctor/notifications/groups,GET,backend,uncovered,
/api/v1/doctor/notifications/preferences,GET,backend,uncovered,
/api/v1/doctor/notifications/preferences,PUT,backend,uncovered,
/api/v1/doctor/notifications/read-all,POST,backend,uncovered,
/api/v1/doctor/onboarding/consents,GET,backend,uncovered,
/api/v1/doctor/onboarding/consents,POST,backend,uncovered,
/api/v1/doctor/onboarding/legal,GET,backend,uncovered,
/api/v1/doctor/onboarding/merchant-upgrade,GET,backend,uncovered,
/api/v1/doctor/onboarding/merchant-upgrade,POST,backend,uncovered,
/api/v1/doctor/onboarding/permissions,GET,backend,uncovered,
/api/v1/doctor/onboarding/permissions,POST,backend,uncovered,
/api/v1/doctor/onboarding/provider-type,POST,backend,uncovered,
/api/v1/doctor/onboarding/slides,GET,backend,uncovered,
/api/v1/doctor/opinions,GET,backend,uncovered,
/api/v1/doctor/opinions,POST,backend,uncovered,
/api/v1/doctor/opinions/:id,GET,backend,uncovered,
/api/v1/doctor/patients/:patientId,GET,backend,uncovered,
/api/v1/doctor/patients/:patientId/follow-up-eligibility,GET,backend,uncovered,
/api/v1/doctor/patients/:patientId/full-profile,GET,backend,uncovered,
/api/v1/doctor/patients/:patientId/record-hub,GET,backend,uncovered,
/api/v1/doctor/payout-account,PUT,backend,uncovered,
/api/v1/doctor/payout-report,GET,backend,uncovered,
/api/v1/doctor/payouts,POST,backend,exercised-by-unit-or-integration-test,unit:backend/internal/doctor/handler_test.go
/api/v1/doctor/payouts,GET,backend,exercised-by-unit-or-integration-test,unit:backend/internal/doctor/handler_test.go
/api/v1/doctor/payouts/:id,GET,backend,uncovered,
/api/v1/doctor/payouts/:id/dispute,POST,backend,uncovered,
/api/v1/doctor/payouts/disputes,GET,backend,uncovered,
/api/v1/doctor/pharmacies,GET,backend,uncovered,
/api/v1/doctor/pharmacies/:pharmacyId/report,POST,backend,uncovered,
/api/v1/doctor/pharmacies/:pharmacyId/stock,GET,backend,uncovered,
/api/v1/doctor/pharmacies/preferred,GET,backend,uncovered,
/api/v1/doctor/pharmacy/:fulfilmentId/messages,GET,backend,uncovered,
/api/v1/doctor/pharmacy/:fulfilmentId/messages,POST,backend,uncovered,
/api/v1/doctor/pharmacy/:fulfilmentId/received,POST,backend,uncovered,
/api/v1/doctor/pharmacy/fulfilments,GET,backend,uncovered,
/api/v1/doctor/pharmacy/fulfilments/:id,GET,backend,uncovered,
/api/v1/doctor/pharmacy/fulfilments/:id/delivery,GET,backend,uncovered,
/api/v1/doctor/pharmacy/fulfilments/:id/substitute,POST,backend,uncovered,
/api/v1/doctor/preferences,GET,backend,uncovered,
/api/v1/doctor/preferences,PUT,backend,uncovered,
/api/v1/doctor/prescriptions,GET,backend,uncovered,
/api/v1/doctor/prescriptions,POST,backend,uncovered,
/api/v1/doctor/prescriptions/:id,GET,backend,uncovered,
/api/v1/doctor/prescriptions/:id/cancel,POST,backend,uncovered,
/api/v1/doctor/prescriptions/:id/issue,POST,backend,uncovered,
/api/v1/doctor/prescriptions/:id/issued,GET,backend,uncovered,
/api/v1/doctor/prescriptions/:id/pharmacy,POST,backend,uncovered,
/api/v1/doctor/prescriptions/:id/refill-consultation,POST,backend,uncovered,
/api/v1/doctor/prescriptions/:id/send-to-pharmacy,POST,backend,uncovered,
/api/v1/doctor/prescriptions/:id/share,POST,backend,uncovered,
/api/v1/doctor/presence,PUT,backend,uncovered,
/api/v1/doctor/privacy,GET,backend,uncovered,
/api/v1/doctor/privacy,PUT,backend,uncovered,
/api/v1/doctor/privacy/delete,POST,backend,uncovered,
/api/v1/doctor/privacy/export,POST,backend,uncovered,
/api/v1/doctor/profile,GET,backend,uncovered,
/api/v1/doctor/profile/bank-account,POST,backend,uncovered,
/api/v1/doctor/profile/bank-account/verify,POST,backend,uncovered,
/api/v1/doctor/profile/documents,GET,backend,uncovered,
/api/v1/doctor/profile/documents,POST,backend,uncovered,
/api/v1/doctor/profile/draft,GET,backend,uncovered,
/api/v1/doctor/profile/draft,PUT,backend,uncovered,
/api/v1/doctor/profile/photo,POST,backend,uncovered,
/api/v1/doctor/profile/publish,POST,backend,uncovered,
/api/v1/doctor/profile/tax-info,PUT,backend,uncovered,
/api/v1/doctor/quality/ranking,GET,backend,uncovered,
/api/v1/doctor/quality/recommendations,GET,backend,uncovered,
/api/v1/doctor/quality/score,GET,backend,uncovered,
/api/v1/doctor/queue,GET,backend,uncovered,
/api/v1/doctor/records/:patientId/access-request,POST,backend,uncovered,
/api/v1/doctor/records/:patientId/export,POST,backend,uncovered,
/api/v1/doctor/records/:patientId/index,GET,backend,uncovered,
/api/v1/doctor/records/:patientId/restricted-warnings,GET,backend,uncovered,
/api/v1/doctor/records/:patientId/restrictions,GET,backend,uncovered,
/api/v1/doctor/records/:patientId/share,POST,backend,uncovered,
/api/v1/doctor/records/dashboard,GET,backend,uncovered,
/api/v1/doctor/records/shares,GET,backend,uncovered,
/api/v1/doctor/red-flag-alerts,GET,backend,uncovered,
/api/v1/doctor/referrals,GET,backend,uncovered,
/api/v1/doctor/referrals,POST,backend,uncovered,
/api/v1/doctor/referrals/:id,GET,backend,uncovered,
/api/v1/doctor/referrals/incoming,GET,backend,uncovered,
/api/v1/doctor/referrals/incoming/:id,GET,backend,uncovered,
/api/v1/doctor/referrals/incoming/:id/accept,POST,backend,uncovered,
/api/v1/doctor/referrals/incoming/:id/reject,POST,backend,uncovered,
/api/v1/doctor/refills,GET,backend,uncovered,
/api/v1/doctor/refills/:id,GET,backend,uncovered,
/api/v1/doctor/refills/:id/review,POST,backend,uncovered,
/api/v1/doctor/reputation,GET,backend,uncovered,
/api/v1/doctor/reviews/:reviewId/dispute,POST,backend,uncovered,
/api/v1/doctor/reviews/:reviewId/removal-request,POST,backend,uncovered,
/api/v1/doctor/reviews/:reviewId/report,POST,backend,uncovered,
/api/v1/doctor/reviews/disputes,GET,backend,uncovered,
/api/v1/doctor/safety-issues,GET,backend,uncovered,
/api/v1/doctor/safety-issues,POST,backend,uncovered,
/api/v1/doctor/schedule,GET,backend,uncovered,
/api/v1/doctor/schedule/blocked-dates,GET,backend,uncovered,
/api/v1/doctor/schedule/blocked-dates,POST,backend,uncovered,
/api/v1/doctor/schedule/emergency,PUT,backend,uncovered,
/api/v1/doctor/schedule/recurring,GET,backend,uncovered,
/api/v1/doctor/schedule/recurring,PUT,backend,uncovered,
/api/v1/doctor/schedule/reminders,GET,backend,uncovered,
/api/v1/doctor/schedule/reminders,PUT,backend,uncovered,
/api/v1/doctor/schedule/timezone,PUT,backend,uncovered,
/api/v1/doctor/schedule/vacation,GET,backend,uncovered,
/api/v1/doctor/schedule/vacation,PUT,backend,uncovered,
/api/v1/doctor/security,GET,backend,uncovered,
/api/v1/doctor/security/2fa,PUT,backend,uncovered,
/api/v1/doctor/security/biometric,PUT,backend,uncovered,
/api/v1/doctor/security/devices,GET,backend,uncovered,
/api/v1/doctor/security/devices/:deviceId,DELETE,backend,uncovered,
/api/v1/doctor/security/password,POST,backend,uncovered,
/api/v1/doctor/settings,GET,backend,uncovered,
/api/v1/doctor/settings,PUT,backend,uncovered,
/api/v1/doctor/specialists,GET,backend,uncovered,
/api/v1/doctor/support/:threadId/messages,GET,backend,uncovered,
/api/v1/doctor/support/:threadId/messages,POST,backend,uncovered,
/api/v1/doctor/support/faqs,GET,backend,uncovered,
/api/v1/doctor/support/help-articles,GET,backend,uncovered,
/api/v1/doctor/support/technical,POST,backend,uncovered,
/api/v1/doctor/support/tickets,GET,backend,uncovered,
/api/v1/doctor/support/tickets,POST,backend,uncovered,
/api/v1/doctor/training,GET,backend,uncovered,
/api/v1/doctor/training/:moduleId/complete,POST,backend,uncovered,
/api/v1/doctor/uploads/presign,POST,backend,uncovered,
/api/v1/doctor/verification,GET,backend,uncovered,
/api/v1/doctor/verification,POST,backend,uncovered,
/api/v1/doctor/verification/decision,GET,backend,uncovered,
/api/v1/doctor/vet/appointments,GET,backend,uncovered,
/api/v1/doctor/vet/consults/:consultId/summary,GET,backend,uncovered,
/api/v1/doctor/vet/consults/history,GET,backend,uncovered,
/api/v1/doctor/vet/dashboard,GET,backend,uncovered,
/api/v1/doctor/vet/lab-catalogue,GET,backend,uncovered,
/api/v1/doctor/vet/lab-orders,GET,backend,uncovered,
/api/v1/doctor/vet/lab-orders,POST,backend,uncovered,
/api/v1/doctor/vet/lab-orders/:orderId/result,GET,backend,uncovered,
/api/v1/doctor/vet/lab-results/:resultId/interpretation,POST,backend,uncovered,
/api/v1/doctor/vet/lab-results/:resultId/review,POST,backend,uncovered,
/api/v1/doctor/vet/lab-results/inbox,GET,backend,uncovered,
/api/v1/doctor/vet/licence,GET,backend,uncovered,
/api/v1/doctor/vet/licence/renew,POST,backend,uncovered,
/api/v1/doctor/vet/mode,POST,backend,uncovered,
/api/v1/doctor/vet/owner-requests,GET,backend,uncovered,
/api/v1/doctor/vet/pets/:petId,GET,backend,uncovered,
/api/v1/doctor/vet/pets/:petId/call,GET,backend,uncovered,
/api/v1/doctor/vet/pets/:petId/chat,GET,backend,uncovered,
/api/v1/doctor/vet/pets/:petId/chronic-monitoring,GET,backend,uncovered,
/api/v1/doctor/vet/pets/:petId/chronic-monitoring,POST,backend,uncovered,
/api/v1/doctor/vet/pets/:petId/emergency-warnings,GET,backend,uncovered,
/api/v1/doctor/vet/pets/:petId/growth,GET,backend,uncovered,
/api/v1/doctor/vet/pets/:petId/growth,POST,backend,uncovered,
/api/v1/doctor/vet/pets/:petId/health-record,GET,backend,uncovered,
/api/v1/doctor/vet/pets/:petId/prescription,GET,backend,uncovered,
/api/v1/doctor/vet/pets/:petId/recommendations,GET,backend,uncovered,
/api/v1/doctor/vet/pets/:petId/referrals,GET,backend,uncovered,
/api/v1/doctor/vet/pets/:petId/soap-note,GET,backend,uncovered,
/api/v1/doctor/vet/pets/:petId/vaccination-recommendations,GET,backend,uncovered,
/api/v1/doctor/vet/pets/:petId/vaccination-reminders,GET,backend,uncovered,
/api/v1/doctor/vet/pharmacies,GET,backend,uncovered,
/api/v1/doctor/vet/prescriptions,POST,backend,uncovered,
/api/v1/doctor/vet/prescriptions/:prescriptionId/issue,POST,backend,uncovered,
/api/v1/doctor/vet/prescriptions/:prescriptionId/issued,GET,backend,uncovered,
/api/v1/doctor/vet/prescriptions/:prescriptionId/send,POST,backend,uncovered,
/api/v1/doctor/vet/product-fulfilments,GET,backend,uncovered,
/api/v1/doctor/vet/product-fulfilments/:id,GET,backend,uncovered,
/api/v1/doctor/vet/products,GET,backend,uncovered,
/api/v1/doctor/vet/products/:productId,GET,backend,uncovered,
/api/v1/doctor/vet/profile/documents,GET,backend,uncovered,
/api/v1/doctor/vet/profile/draft,PUT,backend,uncovered,
/api/v1/doctor/vet/profile/draft,GET,backend,uncovered,
/api/v1/doctor/vet/profile/publish,POST,backend,uncovered,
/api/v1/doctor/vet/recommendations,POST,backend,uncovered,
/api/v1/doctor/vet/recommendations,GET,backend,uncovered,
/api/v1/doctor/vet/recommendations/:recommendationId/share,POST,backend,uncovered,
/api/v1/doctor/vet/referrals,POST,backend,uncovered,
/api/v1/doctor/vet/refills,GET,backend,uncovered,
/api/v1/doctor/vet/refills,POST,backend,uncovered,
/api/v1/doctor/vet/refills/:refillId/review,POST,backend,uncovered,
/api/v1/doctor/vet/requests/:requestId/respond,POST,backend,uncovered,
/api/v1/doctor/vet/soap-notes,POST,backend,uncovered,
/api/v1/doctor/vet/specialists,GET,backend,uncovered,
/api/v1/doctor/vet/vaccination-reminders,POST,backend,uncovered,
/api/v1/doctor/vet/verification,POST,backend,uncovered,
/api/v1/doctor/vet/verification,GET,backend,uncovered,
/api/v1/doctor/wallet/balance,GET,backend,uncovered,
/api/v1/doctor/ws,GET,backend,uncovered,
/api/v1/fx/activity,GET,backend,uncovered,
/api/v1/fx/api-keys,GET,backend,uncovered,
/api/v1/fx/api-keys,POST,backend,uncovered,
/api/v1/fx/api-keys/:id/rotate,POST,backend,uncovered,
/api/v1/fx/approvals,GET,backend,uncovered,
/api/v1/fx/approvals/:id/approve,POST,backend,uncovered,
/api/v1/fx/approvals/:id/reject,POST,backend,uncovered,
/api/v1/fx/approvals/thresholds,GET,backend,uncovered,
/api/v1/fx/approvals/thresholds/:id,PATCH,backend,uncovered,
/api/v1/fx/balances,GET,backend,uncovered,
/api/v1/fx/balances,POST,backend,uncovered,
/api/v1/fx/beneficiaries,GET,backend,uncovered,
/api/v1/fx/beneficiaries,POST,backend,uncovered,
/api/v1/fx/beneficiaries/:id,PUT,backend,uncovered,
/api/v1/fx/beneficiaries/:id,PATCH,backend,uncovered,
/api/v1/fx/beneficiaries/:id,DELETE,backend,uncovered,
/api/v1/fx/beneficiaries/validate,POST,backend,uncovered,
/api/v1/fx/cards,GET,backend,uncovered,
/api/v1/fx/cards,POST,backend,uncovered,
/api/v1/fx/cards/:id,GET,backend,uncovered,
/api/v1/fx/cards/:id/controls,PATCH,backend,uncovered,
/api/v1/fx/cards/:id/freeze,POST,backend,uncovered,
/api/v1/fx/cards/:id/fund,POST,backend,uncovered,
/api/v1/fx/cards/:id/reveal,POST,backend,uncovered,
/api/v1/fx/cards/:id/terminate,POST,backend,uncovered,
/api/v1/fx/cards/:id/transactions,GET,backend,uncovered,
/api/v1/fx/cards/:id/unfreeze,POST,backend,uncovered,
/api/v1/fx/collections,GET,backend,uncovered,
/api/v1/fx/collections/virtual-accounts,POST,backend,uncovered,
/api/v1/fx/collections/virtual-accounts,GET,backend,uncovered,
/api/v1/fx/conversions,POST,backend,uncovered,
/api/v1/fx/customers,POST,backend,uncovered,
/api/v1/fx/customers/verification,GET,backend,uncovered,
/api/v1/fx/customers/verification/restart,POST,backend,uncovered,
/api/v1/fx/limits,GET,backend,uncovered,
/api/v1/fx/notifications,GET,backend,uncovered,
/api/v1/fx/notifications/:id,PATCH,backend,uncovered,
/api/v1/fx/notifications/read-all,POST,backend,uncovered,
/api/v1/fx/quotes,POST,backend,uncovered,
/api/v1/fx/quotes/:id/lock,POST,backend,uncovered,
/api/v1/fx/rate-alerts,GET,backend,uncovered,
/api/v1/fx/rate-alerts,POST,backend,uncovered,
/api/v1/fx/rate-alerts/:id,DELETE,backend,uncovered,
/api/v1/fx/rates,GET,backend,uncovered,
/api/v1/fx/rates/history,GET,backend,uncovered,
/api/v1/fx/settings,GET,backend,uncovered,
/api/v1/fx/settings,PATCH,backend,uncovered,
/api/v1/fx/settings/notifications,PATCH,backend,uncovered,
/api/v1/fx/settings/stablecoin-addresses,POST,backend,uncovered,
/api/v1/fx/settings/stablecoin-addresses/:id,DELETE,backend,uncovered,
/api/v1/fx/team,GET,backend,uncovered,
/api/v1/fx/team/:id,PATCH,backend,uncovered,
/api/v1/fx/transactions,GET,backend,uncovered,
/api/v1/fx/transactions/:id,GET,backend,uncovered,
/api/v1/fx/transactions/:id/dispute,POST,backend,uncovered,
/api/v1/fx/transfers,POST,backend,uncovered,
/api/v1/fx/transfers/:reference,GET,backend,uncovered,
/api/v1/fx/webhooks,GET,backend,internal-or-infra-only,
/api/v1/fx/webhooks,POST,backend,internal-or-infra-only,
/api/v1/fx/webhooks/:id,PATCH,backend,internal-or-infra-only,
/api/v1/fx/webhooks/:id,DELETE,backend,internal-or-infra-only,
/api/v1/fx/webhooks/:provider,POST,backend,internal-or-infra-only,
/api/v1/pharmacy/cart,GET,backend,uncovered,
/api/v1/pharmacy/cart,POST,backend,uncovered,
/api/v1/pharmacy/cart,DELETE,backend,uncovered,
/api/v1/pharmacy/cart/:product_id,PATCH,backend,uncovered,
/api/v1/pharmacy/cart/:product_id,DELETE,backend,uncovered,
/api/v1/pharmacy/products,GET,backend,uncovered,
/api/v1/promotions/banners,GET,backend,exercised-by-live-e2e,e2e:frontend-web/tests/e2e/social/soc-001-discovery.spec.ts|e2e-via-bff(app/api/v1/[...path]/route.ts):frontend-web/tests/e2e/social/soc-001-discovery.spec.ts|e2e:frontend-web/tests/e2e/social/soc-005-creators-events.spec.ts|e2e-via-bff(app/api/v1/[...path]/route.ts):frontend-web/tests/e2e/social/soc-005-creators-events.spec.ts
/api/v1/telemedicine/admin/appointments,GET,backend,uncovered,
/api/v1/telemedicine/admin/dashboard,GET,backend,uncovered,
/api/v1/telemedicine/admin/doctors,GET,backend,uncovered,
/api/v1/telemedicine/admin/doctors/:userId/verify,POST,backend,uncovered,
/api/v1/telemedicine/appointments,POST,backend,uncovered,
/api/v1/telemedicine/appointments,GET,backend,uncovered,
/api/v1/telemedicine/appointments/:id,GET,backend,uncovered,
/api/v1/telemedicine/appointments/:id,DELETE,backend,uncovered,
/api/v1/telemedicine/appointments/:id/cancel,POST,backend,uncovered,
/api/v1/telemedicine/appointments/:id/complete,POST,backend,uncovered,
/api/v1/telemedicine/appointments/:id/confirm,POST,backend,uncovered,
/api/v1/telemedicine/appointments/:id/prescription,POST,backend,uncovered,
/api/v1/telemedicine/appointments/:id/prescription,GET,backend,uncovered,
/api/v1/telemedicine/appointments/:id/reschedule,POST,backend,uncovered,
/api/v1/telemedicine/appointments/:id/review,POST,backend,uncovered,
/api/v1/telemedicine/appointments/:id/summary,GET,backend,uncovered,
/api/v1/telemedicine/doctor/availability,PATCH,backend,uncovered,
/api/v1/telemedicine/doctor/dashboard,GET,backend,uncovered,
/api/v1/telemedicine/doctor/licence,POST,backend,uncovered,
/api/v1/telemedicine/doctor/notes,POST,backend,uncovered,
/api/v1/telemedicine/doctor/register,POST,backend,uncovered,
/api/v1/telemedicine/doctors,GET,backend,uncovered,
/api/v1/telemedicine/doctors,POST,backend,uncovered,
/api/v1/telemedicine/doctors/:id,GET,backend,uncovered,
/api/v1/telemedicine/doctors/:id/availability,GET,backend,uncovered,
/api/v1/telemedicine/doctors/:id/reviews,GET,backend,uncovered,
/api/v1/telemedicine/specialties,GET,backend,uncovered,
/api/webhooks/maplerad/go,POST,backend,internal-or-infra-only,
/api/webhooks/monnify/go,POST,backend,internal-or-infra-only,
/api/webhooks/paystack/go,POST,backend,internal-or-infra-only,
/api/finance/health/lab/orders,POST,backend,uncovered,
/api/finance/health/lab/orders,GET,backend,uncovered,
/api/finance/health/lab/orders/:id,GET,backend,uncovered,
/api/finance/health/lab/orders/:id/cancel,POST,backend,uncovered,
/api/finance/health/lab/orders/:id/collect,POST,backend,uncovered,
/api/finance/health/lab/orders/:id/custody,GET,backend,uncovered,
/api/finance/health/lab/orders/:id/release,POST,backend,uncovered,
/api/finance/health/lab/orders/:id/results,GET,backend,uncovered,
/api/finance/health/lab/orders/:id/results,POST,backend,uncovered,
/api/finance/health/lab/orders/:id/schedule,POST,backend,uncovered,
/api/finance/health/lab/packages,GET,backend,uncovered,
/api/finance/health/lab/provider/orders,GET,backend,uncovered,
/api/finance/health/lab/samples/:id/accession,POST,backend,uncovered,
/api/finance/health/lab/samples/:id/breach,POST,backend,uncovered,
/api/finance/health/lab/samples/:id/handover,POST,backend,uncovered,
/api/finance/health/lab/tests,GET,backend,uncovered,
/api/finance/health/lab/tests,POST,backend,uncovered,
/api/health/lab/admin/custody-audit,GET,backend,uncovered,
/api/health/lab/admin/dashboard,GET,backend,uncovered,
/api/health/lab/admin/escalations,GET,backend,uncovered,
/api/health/lab/admin/orders,GET,backend,uncovered,
/api/health/lab/admin/tests/:id/deactivate,POST,backend,uncovered,
/api/finance/health/pharmacy/earnings,GET,backend,uncovered,
/api/finance/health/pharmacy/orders,POST,backend,uncovered,
/api/finance/health/pharmacy/orders,GET,backend,uncovered,
/api/finance/health/pharmacy/orders/:id,GET,backend,uncovered,
/api/finance/health/pharmacy/orders/:id/cancel,POST,backend,uncovered,
/api/finance/health/pharmacy/orders/:id/complete,POST,backend,uncovered,
/api/finance/health/pharmacy/orders/:id/confirm,POST,backend,uncovered,
/api/finance/health/pharmacy/orders/:id/dispatch,POST,backend,uncovered,
/api/finance/health/pharmacy/orders/:id/dispense,POST,backend,uncovered,
/api/finance/health/pharmacy/orders/:id/reviews,POST,backend,uncovered,
/api/finance/health/pharmacy/orders/mine,GET,backend,uncovered,
/api/finance/health/pharmacy/pharmacies,GET,backend,uncovered,
/api/finance/health/pharmacy/pharmacies/:id,GET,backend,uncovered,
/api/finance/health/pharmacy/pharmacies/:id/profile,POST,backend,uncovered,
/api/finance/health/pharmacy/pharmacies/:id/reviews,GET,backend,uncovered,
/api/finance/health/pharmacy/prescriptions,GET,backend,uncovered,
/api/finance/health/pharmacy/prescriptions/:id/verify,POST,backend,uncovered,
/api/finance/health/pharmacy/products,GET,backend,uncovered,
/api/finance/health/pharmacy/products,POST,backend,uncovered,
/api/finance/health/pharmacy/products/:id,GET,backend,uncovered,
/api/finance/health/pharmacy/products/mine,GET,backend,uncovered,
/api/health/pharmacy/admin/dashboard,GET,backend,uncovered,
/api/health/pharmacy/admin/dispense-audit,GET,backend,uncovered,
/api/health/pharmacy/admin/orders,GET,backend,uncovered,
/api/health/pharmacy/admin/orders/:id,GET,backend,uncovered,
/api/health/pharmacy/admin/products/:id/recall,POST,backend,uncovered,
/api/finance/health/appointments,POST,backend,uncovered,
/api/finance/health/appointments,GET,backend,uncovered,
/api/finance/health/appointments/:id/reschedule,POST,backend,uncovered,
/api/finance/health/appointments/:id/transition,POST,backend,uncovered,
/api/finance/health/consent,POST,backend,uncovered,
/api/finance/health/consent,GET,backend,uncovered,
/api/finance/health/consults/:id/complete,POST,backend,uncovered,
/api/finance/health/consults/:id/lobby,GET,backend,uncovered,
/api/finance/health/consults/:id/notes,POST,backend,uncovered,
/api/finance/health/consults/:id/start,POST,backend,uncovered,
/api/finance/health/intake/:schemaId,GET,backend,uncovered,
/api/finance/health/intake/:schemaId/responses,POST,backend,uncovered,
/api/finance/health/intake/appointments/:appointmentId,GET,backend,uncovered,
/api/finance/health/intake/appointments/:appointmentId/attachments,POST,backend,uncovered,
/api/finance/health/intake/appointments/:appointmentId/attachments/presign,POST,backend,uncovered,
/api/finance/health/intake/appointments/:appointmentId/doctor-summary,GET,backend,uncovered,
/api/finance/health/intake/appointments/:appointmentId/draft,PUT,backend,uncovered,
/api/finance/health/intake/appointments/:appointmentId/submit,POST,backend,uncovered,
/api/finance/health/intake/health-profile,GET,backend,uncovered,
/api/finance/health/intake/symptom-assist,POST,backend,uncovered,
/api/finance/health/pharmacy/classes/:id/skus,GET,backend,uncovered,
/api/finance/health/pharmacy/symptom-search,POST,backend,uncovered,
/api/finance/health/prescriptions,POST,backend,uncovered,
/api/finance/health/prescriptions/:id,GET,backend,uncovered,
/api/finance/health/prescriptions/:id/dispense,POST,backend,uncovered,
/api/finance/health/prescriptions/:id/send,POST,backend,uncovered,
/api/finance/health/prescriptions/:id/verify,POST,backend,uncovered,
/api/finance/health/providers/applications,POST,backend,uncovered,
/api/finance/health/providers/applications,GET,backend,uncovered,
/api/finance/health/providers/applications/:id,GET,backend,uncovered,
/api/finance/health/providers/applications/:id/credentials,POST,backend,uncovered,
/api/finance/health/providers/applications/:id/credentials/presign,POST,backend,uncovered,
/api/finance/health/providers/applications/:id/submit,POST,backend,uncovered,
/api/finance/health/records,POST,backend,uncovered,
/api/finance/health/records/:subjectId,GET,backend,uncovered,
/api/finance/health/records/:subjectId,DELETE,backend,uncovered,
/api/finance/health/records/:subjectId/access-log,GET,backend,uncovered,
/api/finance/health/records/:subjectId/docs,POST,backend,uncovered,
/api/finance/health/vet/verification/documents/:docId/url,GET,backend,uncovered,
/api/finance/health/vet/verification/status,GET,backend,uncovered,
/api/finance/health/vet/verification/submit,POST,backend,uncovered,
/api/health/admin/intake/access-log,GET,backend,uncovered,
/api/health/admin/intake/analytics,GET,backend,uncovered,
/api/health/admin/intake/config/:key,GET,backend,uncovered,
/api/health/admin/intake/config/:key,PUT,backend,uncovered,
/api/health/admin/intake/consent-versions,GET,backend,uncovered,
/api/health/admin/intake/consent-versions,POST,backend,uncovered,
/api/health/admin/intake/monitoring,GET,backend,uncovered,
/api/health/admin/intake/records/:appointmentId,GET,backend,uncovered,
/api/health/admin/intake/red-flag-queue,GET,backend,uncovered,
/api/health/admin/intake/rules,GET,backend,uncovered,
/api/health/admin/intake/rules,POST,backend,uncovered,
/api/health/admin/intake/rules/:code/toggle,POST,backend,uncovered,
/api/health/admin/intake/schemas,POST,backend,uncovered,
/api/health/admin/intake/vocab,GET,backend,uncovered,
/api/health/admin/intake/vocab,POST,backend,uncovered,
/api/health/admin/providers/applications/:id/decision,POST,backend,uncovered,
/api/health/doctor/admin/verification/:verificationId,GET,backend,uncovered,
/api/health/doctor/admin/verification/:verificationId/decision,POST,backend,uncovered,
/api/health/doctor/admin/verification/documents/:docId/url,GET,backend,uncovered,
/api/health/doctor/admin/verification/queue,GET,backend,uncovered,
/api/health/pharmacy/admin/symptom/mappings,GET,backend,uncovered,
/api/health/pharmacy/admin/symptom/mappings,POST,backend,uncovered,
/api/health/pharmacy/admin/symptom/metrics,GET,backend,internal-or-infra-only,
/api/health/pharmacy/admin/symptom/reviews,GET,backend,uncovered,
/api/health/pharmacy/admin/symptom/reviews/:id,GET,backend,uncovered,
/api/health/pharmacy/admin/symptom/reviews/:id/decision,POST,backend,uncovered,
/api/health/vet/admin/verification/:recordId,GET,backend,uncovered,
/api/health/vet/admin/verification/:recordId/decision,POST,backend,uncovered,
/api/health/vet/admin/verification/documents/:docId/url,GET,backend,uncovered,
/api/health/vet/admin/verification/queue,GET,backend,uncovered,
/api/finance/health/vet/appointments,POST,backend,uncovered,
/api/finance/health/vet/appointments,GET,backend,uncovered,
/api/finance/health/vet/appointments/:id,GET,backend,uncovered,
/api/finance/health/vet/appointments/:id/accept,POST,backend,uncovered,
/api/finance/health/vet/appointments/:id/cancel,POST,backend,uncovered,
/api/finance/health/vet/appointments/:id/confirm,POST,backend,uncovered,
/api/finance/health/vet/appointments/:id/dispatch,POST,backend,uncovered,
/api/finance/health/vet/consults/:id/complete,POST,backend,uncovered,
/api/finance/health/vet/consults/:id/start,POST,backend,uncovered,
/api/finance/health/vet/pets,POST,backend,uncovered,
/api/finance/health/vet/pets,GET,backend,uncovered,
/api/finance/health/vet/pets/:id/vaccinations,POST,backend,uncovered,
/api/finance/health/vet/services,POST,backend,uncovered,
/api/finance/health/vet/sos,POST,backend,uncovered,
/api/finance/health/vet/vets,GET,backend,uncovered,
/api/health/vet/admin/appointments,GET,backend,uncovered,
/api/health/vet/admin/dashboard,GET,backend,uncovered,
/api/health/vet/admin/erx-audit,GET,backend,uncovered,
/api/health/vet/admin/services/:id/deactivate,POST,backend,uncovered,
/api/health/vet/admin/vcn-audit,GET,backend,uncovered,
/api/finance/insurance/consent,GET,backend,uncovered,
/api/finance/insurance/consent,POST,backend,uncovered,
/api/finance/insurance/policies,POST,backend,uncovered,
/api/finance/insurance/policies,GET,backend,uncovered,
/api/finance/insurance/policies/:id,GET,backend,uncovered,
/api/finance/insurance/policies/:id/beneficiaries,GET,backend,uncovered,
/api/finance/insurance/policies/:id/beneficiaries,POST,backend,uncovered,
/api/finance/insurance/policies/:id/cancel,POST,backend,uncovered,
/api/finance/insurance/policies/:id/certificate,GET,backend,uncovered,
/api/finance/insurance/products,GET,backend,uncovered,
/api/finance/insurance/products/:code,GET,backend,uncovered,
/api/finance/insurance/products/:code/options/:field,GET,backend,uncovered,
/api/finance/insurance/products/:code/schema,GET,backend,uncovered,
/api/finance/insurance/quotes,POST,backend,uncovered,
/api/finance/insurance/quotes/:id,GET,backend,uncovered,
/api/finance/insurance/uploads,POST,backend,uncovered,
/api/insurance/admin/catalog,GET,backend,uncovered,
/api/insurance/admin/catalog/:code/active,PATCH,backend,uncovered,
/api/insurance/admin/catalog/activate-purchasable,POST,backend,uncovered,
/api/insurance/admin/catalog/sync,POST,backend,uncovered,
/api/insurance/admin/dashboard,GET,backend,uncovered,
/api/insurance/admin/policies,GET,backend,uncovered,
/api/insurance/admin/providers,GET,backend,uncovered,
/api/insurance/admin/providers/:provider/float/reset,POST,backend,uncovered,
/api/insurance/admin/routing/:code,PATCH,backend,uncovered,
/internal/finance/ledger/balance,GET,backend,internal-or-infra-only,unit:backend/internal/app/internal_ledger_routes_test.go
/internal/finance/ledger/journal,POST,backend,internal-or-infra-only,unit:backend/internal/app/internal_ledger_routes_test.go
/api/v1/realtime/stream,GET,backend,uncovered,
/v1/marketplace/admin/activity-feed,GET,backend,uncovered,
/v1/marketplace/admin/analytics,GET,backend,uncovered,
/v1/marketplace/admin/appeals,GET,backend,uncovered,
/v1/marketplace/admin/appeals/:id,GET,backend,uncovered,
/v1/marketplace/admin/appeals/:id/approve,POST,backend,uncovered,
/v1/marketplace/admin/appeals/:id/decide,POST,backend,uncovered,
/v1/marketplace/admin/appeals/:id/status,PATCH,backend,uncovered,
/v1/marketplace/admin/audit-log,GET,backend,uncovered,
/v1/marketplace/admin/boosts,GET,backend,uncovered,
/v1/marketplace/admin/boosts/:id/reject,POST,backend,uncovered,
/v1/marketplace/admin/cms/banners,GET,backend,uncovered,
/v1/marketplace/admin/cms/banners,POST,backend,uncovered,
/v1/marketplace/admin/cms/banners/:id,PATCH,backend,uncovered,
/v1/marketplace/admin/cms/banners/:id/status,PATCH,backend,uncovered,
/v1/marketplace/admin/cms/categories/:categoryId/content,GET,backend,uncovered,
/v1/marketplace/admin/cms/categories/:categoryId/content,PUT,backend,uncovered,
/v1/marketplace/admin/flags,GET,backend,uncovered,
/v1/marketplace/admin/flags/:id/action,POST,backend,uncovered,
/v1/marketplace/admin/fraud/signals,GET,backend,uncovered,
/v1/marketplace/admin/listings/:id/approve,POST,backend,exercised-by-live-e2e,e2e:frontend-web/tests/e2e/social/soc-004-marketplace.spec.ts
/v1/marketplace/admin/listings/:id/reject,POST,backend,uncovered,
/v1/marketplace/admin/metrics,GET,backend,internal-or-infra-only,
/v1/marketplace/admin/moderation/queue,GET,backend,uncovered,
/v1/marketplace/admin/pricing/boosts,GET,backend,uncovered,
/v1/marketplace/admin/pricing/boosts,PUT,backend,uncovered,
/v1/marketplace/admin/pricing/boosts/daily-rate,GET,backend,uncovered,
/v1/marketplace/admin/pricing/boosts/daily-rate,PUT,backend,uncovered,
/v1/marketplace/admin/taxonomy/categories,GET,backend,uncovered,
/v1/marketplace/admin/taxonomy/categories,POST,backend,uncovered,
/v1/marketplace/admin/taxonomy/categories/:id,GET,backend,uncovered,
/v1/marketplace/admin/taxonomy/categories/:id,PATCH,backend,uncovered,
/v1/marketplace/admin/taxonomy/categories/:id/active,PATCH,backend,uncovered,
/v1/marketplace/admin/users,GET,backend,uncovered,
/v1/marketplace/admin/users/:id,GET,backend,uncovered,
/v1/marketplace/admin/users/:id/action/approve,POST,backend,uncovered,
/v1/marketplace/admin/users/:id/audit/view-as,POST,backend,uncovered,
/v1/marketplace/admin/users/:id/blacklist,POST,backend,uncovered,
/v1/marketplace/admin/users/:id/kyc/review,POST,backend,uncovered,
/v1/marketplace/admin/users/:id/status,POST,backend,uncovered,
/v1/marketplace/appeals,POST,backend,uncovered,
/v1/marketplace/blocks,POST,backend,uncovered,
/v1/marketplace/blocks,GET,backend,uncovered,
/v1/marketplace/blocks/:id,DELETE,backend,uncovered,
/v1/marketplace/boosts,POST,backend,uncovered,
/v1/marketplace/boosts/:id,GET,backend,uncovered,
/v1/marketplace/boosts/:id/cancel,POST,backend,uncovered,
/v1/marketplace/boosts/quote,GET,backend,uncovered,
/v1/marketplace/boosts/tiers,GET,backend,uncovered,
/v1/marketplace/categories,GET,backend,exercised-by-live-e2e,e2e-via-bff(app/api/v1/marketplace/[...path]/route.ts):frontend-web/tests/e2e/social/soc-001-discovery.spec.ts|e2e-via-bff(app/api/v1/marketplace/[...path]/route.ts):frontend-web/tests/e2e/social/soc-004-marketplace.spec.ts|e2e-via-bff(app/api/v1/marketplace/[...path]/route.ts):frontend-web/tests/e2e/social/soc-006-edge.spec.ts|e2e-via-bff(app/api/v1/marketplace/[...path]/route.ts):docs/e2e/results/social.md
/v1/marketplace/categories/:id,GET,backend,uncovered,
/v1/marketplace/deals/:id/mark-met,POST,backend,uncovered,
/v1/marketplace/deals/:id/review,POST,backend,uncovered,
/v1/marketplace/deals/:id/review,GET,backend,uncovered,
/v1/marketplace/followed-sellers,GET,backend,uncovered,
/v1/marketplace/listings,POST,backend,exercised-by-live-e2e,e2e-via-bff(app/api/v1/marketplace/[...path]/route.ts):frontend-web/tests/e2e/social/soc-004-marketplace.spec.ts|e2e-via-bff(app/api/v1/marketplace/[...path]/route.ts):frontend-web/tests/e2e/social/soc-006-edge.spec.ts
/v1/marketplace/listings/:id,GET,backend,exercised-by-live-e2e,e2e-via-bff(app/api/v1/marketplace/[...path]/route.ts):frontend-web/tests/e2e/social/soc-004-marketplace.spec.ts|e2e-via-bff(app/api/v1/marketplace/[...path]/route.ts):frontend-web/tests/e2e/social/soc-006-edge.spec.ts
/v1/marketplace/listings/:id,PUT,backend,exercised-by-live-e2e,e2e-via-bff(app/api/v1/marketplace/[...path]/route.ts):frontend-web/tests/e2e/social/soc-004-marketplace.spec.ts|e2e-via-bff(app/api/v1/marketplace/[...path]/route.ts):frontend-web/tests/e2e/social/soc-006-edge.spec.ts
/v1/marketplace/listings/:id,DELETE,backend,exercised-by-live-e2e,e2e-via-bff(app/api/v1/marketplace/[...path]/route.ts):frontend-web/tests/e2e/social/soc-004-marketplace.spec.ts|e2e-via-bff(app/api/v1/marketplace/[...path]/route.ts):frontend-web/tests/e2e/social/soc-006-edge.spec.ts|e2e-results:docs/e2e/results/social.md
/v1/marketplace/listings/:id/contact,POST,backend,uncovered,
/v1/marketplace/listings/:id/insights,GET,backend,uncovered,
/v1/marketplace/listings/:id/mark-sold,POST,backend,uncovered,
/v1/marketplace/listings/:id/media,POST,backend,uncovered,
/v1/marketplace/listings/:id/media/:mediaId,DELETE,backend,uncovered,
/v1/marketplace/listings/:id/media/reorder,PUT,backend,uncovered,
/v1/marketplace/listings/:id/pause,POST,backend,uncovered,
/v1/marketplace/listings/:id/permanent,DELETE,backend,uncovered,
/v1/marketplace/listings/:id/renew,POST,backend,uncovered,
/v1/marketplace/listings/:id/resume,POST,backend,uncovered,
/v1/marketplace/listings/:id/save,PATCH,backend,uncovered,
/v1/marketplace/listings/:id/save,POST,backend,uncovered,
/v1/marketplace/listings/:id/save,DELETE,backend,uncovered,
/v1/marketplace/listings/:id/submit,POST,backend,exercised-by-live-e2e,e2e-via-bff(app/api/v1/marketplace/[...path]/route.ts):frontend-web/tests/e2e/social/soc-004-marketplace.spec.ts|e2e-via-bff(app/api/v1/marketplace/[...path]/route.ts):docs/e2e/results/social.md
/v1/marketplace/media/presign,POST,backend,uncovered,
/v1/marketplace/meetup/safe-spots,GET,backend,uncovered,
/v1/marketplace/my-listings,GET,backend,exercised-by-live-e2e,e2e-via-bff(app/api/v1/marketplace/[...path]/route.ts):frontend-web/tests/e2e/social/soc-004-marketplace.spec.ts|e2e-via-bff(app/api/v1/marketplace/[...path]/route.ts):docs/e2e/results/social.md
/v1/marketplace/notification-prefs,GET,backend,uncovered,
/v1/marketplace/notification-prefs,PATCH,backend,uncovered,
/v1/marketplace/notifications,GET,backend,uncovered,
/v1/marketplace/notifications/:id,PATCH,backend,uncovered,
/v1/marketplace/notifications/:id,DELETE,backend,uncovered,
/v1/marketplace/notifications/mark-all-read,PATCH,backend,uncovered,
/v1/marketplace/notifications/unread-count,GET,backend,uncovered,
/v1/marketplace/offers,GET,backend,uncovered,
/v1/marketplace/offers,POST,backend,uncovered,
/v1/marketplace/offers/:id/accept,POST,backend,uncovered,
/v1/marketplace/offers/:id/counter,POST,backend,uncovered,
/v1/marketplace/offers/:id/decline,POST,backend,uncovered,
/v1/marketplace/reports,POST,backend,uncovered,
/v1/marketplace/saved-items,GET,backend,uncovered,
/v1/marketplace/saved-searches,POST,backend,uncovered,
/v1/marketplace/saved-searches,GET,backend,uncovered,
/v1/marketplace/saved-searches/:id,DELETE,backend,uncovered,
/v1/marketplace/saved-searches/:id,PATCH,backend,uncovered,
/v1/marketplace/search,GET,backend,exercised-by-live-e2e,e2e-via-bff(app/api/v1/marketplace/[...path]/route.ts):frontend-web/tests/e2e/social/soc-001-discovery.spec.ts|e2e-via-bff(app/api/v1/marketplace/[...path]/route.ts):frontend-web/tests/e2e/social/soc-004-marketplace.spec.ts|e2e-via-bff(app/api/v1/marketplace/[...path]/route.ts):frontend-web/tests/e2e/social/soc-006-edge.spec.ts|e2e-results:docs/e2e/results/social.md
/v1/marketplace/sellers/:id/follow,POST,backend,uncovered,
/v1/marketplace/sellers/:id/follow,DELETE,backend,uncovered,
/v1/marketplace/sellers/:id/listings,GET,backend,uncovered,
/v1/marketplace/sellers/:id/profile,GET,backend,uncovered,
/v1/marketplace/sellers/:id/reviews,GET,backend,uncovered,
/v1/marketplace/threads,POST,backend,uncovered,
/v1/marketplace/threads,GET,backend,uncovered,
/v1/marketplace/threads/:id,GET,backend,uncovered,
/v1/marketplace/threads/:id/messages,GET,backend,uncovered,
/v1/marketplace/threads/:id/messages,POST,backend,uncovered,
/v1/marketplace/verification/business,POST,backend,uncovered,
/v1/marketplace/verification/id,POST,backend,uncovered,
/api/arena/admin/competitions,POST,backend,uncovered,
/api/arena/admin/competitions/:id/awards/finalize,POST,backend,uncovered,
/api/arena/admin/competitions/:id/config/publish,POST,backend,uncovered,
/api/arena/admin/competitions/:id/credentials/:cid/revoke,POST,backend,uncovered,
/api/arena/admin/competitions/:id/credentials/issue,POST,backend,uncovered,
/api/arena/admin/competitions/:id/judge/score,POST,backend,uncovered,
/api/arena/admin/competitions/:id/merit,GET,backend,uncovered,
/api/arena/admin/competitions/:id/pot/disburse,POST,backend,uncovered,
/api/arena/admin/competitions/:id/proctor/attest,POST,backend,uncovered,
/api/arena/admin/competitions/:id/questions,GET,backend,uncovered,
/api/arena/admin/competitions/:id/questions/import,POST,backend,uncovered,
/api/arena/admin/competitions/:id/questions/stats,GET,backend,uncovered,
/api/arena/admin/competitions/:id/screening,GET,backend,uncovered,
/api/arena/admin/competitions/:id/screening/:cid/decide,POST,backend,uncovered,
/api/arena/admin/competitions/:id/transitions/:cid,POST,backend,uncovered,
/api/arena/competitions,GET,backend,uncovered,
/api/arena/competitions/:id,GET,backend,uncovered,
/api/arena/competitions/:id/applications,POST,backend,uncovered,
/api/arena/competitions/:id/leaderboard/merit,GET,backend,uncovered,
/api/arena/competitions/:id/me,GET,backend,uncovered,
/api/arena/competitions/:id/me/exam,GET,backend,uncovered,
/api/arena/competitions/:id/me/exam/submit,POST,backend,uncovered,
/api/arena/competitions/:id/me/merit,GET,backend,uncovered,
/api/arena/competitions/:id/playalong/attempt,POST,backend,uncovered,
/api/arena/competitions/:id/playalong/questions,GET,backend,uncovered,
/api/arena/competitions/:id/pot,GET,backend,uncovered,
/api/arena/competitions/:id/predictions,POST,backend,uncovered,
/api/arena/competitions/:id/support,POST,backend,uncovered,
/api/arena/credentials/:hash/verify,GET,backend,uncovered,
/api/finance/placement/campaigns,POST,backend,uncovered,
/api/finance/placement/campaigns,GET,backend,uncovered,
/api/finance/placement/campaigns/:id,GET,backend,uncovered,
/api/finance/placement/campaigns/:id/analytics,GET,backend,uncovered,
/api/finance/placement/campaigns/:id/cancel,POST,backend,uncovered,
/api/finance/placement/campaigns/:id/pause,POST,backend,uncovered,
/api/finance/placement/campaigns/:id/pay,POST,backend,uncovered,
/api/finance/placement/campaigns/:id/quote,POST,backend,uncovered,
/api/finance/placement/campaigns/:id/resume,POST,backend,uncovered,
/api/finance/placement/campaigns/:id/submit,POST,backend,uncovered,
/api/finance/placement/events,POST,backend,uncovered,
/api/finance/placement/landing,GET,backend,uncovered,
/api/finance/placement/zones,GET,backend,uncovered,
/api/placement/admin/campaigns/:id,GET,backend,uncovered,
/api/placement/admin/campaigns/:id/approve,POST,backend,uncovered,
/api/placement/admin/campaigns/:id/reject,POST,backend,uncovered,
/api/placement/admin/campaigns/:id/request-info,POST,backend,uncovered,
/api/placement/admin/campaigns/:id/suspend,POST,backend,uncovered,
/api/placement/admin/review-queue,GET,backend,uncovered,
/api/v1/public/media/banners/:filename,GET,backend,uncovered,
/api/auth/otp/request,POST,backend,exercised-by-unit-or-integration-test,unit:backend/internal/handlers/otp_handler_test.go|unit:backend/internal/handlers/otp_verify_email_test.go
/api/auth/otp/verify,POST,backend,exercised-by-unit-or-integration-test,unit:backend/internal/handlers/otp_handler_test.go|unit:backend/internal/handlers/otp_login_stepup_test.go|unit:backend/internal/handlers/otp_verify_email_test.go|unit-ref:frontend-web/tests/unit/auth/otp-proxy.test.ts
/api/finance/referral/claim-code,POST,backend,exercised-by-live-e2e,e2e:frontend-web/tests/e2e/finance/fin-007-edge.spec.ts|e2e-via-bff(app/api/finance/[...path]/route.ts):frontend-web/tests/e2e/finance/fin-007-edge.spec.ts|e2e-results:docs/e2e/results/finance.md
/api/finance/referral/config,GET,backend,exercised-by-live-e2e,e2e-via-bff(app/api/v1/referral/[...path]/route.ts):frontend-web/tests/e2e/finance/fin-004-referrals.spec.ts|e2e:frontend-web/tests/e2e/finance/fin-007-edge.spec.ts|e2e-via-bff(app/api/finance/[...path]/route.ts):frontend-web/tests/e2e/finance/fin-007-edge.spec.ts
/api/finance/referral/invite/vanity,GET,backend,uncovered,
/api/finance/referral/invite/vanity,POST,backend,uncovered,
/api/finance/referral/my-attribution,GET,backend,exercised-by-live-e2e,e2e:frontend-web/tests/e2e/finance/fin-004-referrals.spec.ts|e2e-via-bff(app/api/finance/[...path]/route.ts):frontend-web/tests/e2e/finance/fin-004-referrals.spec.ts|e2e-results:docs/e2e/results/finance.md
/api/finance/referral/my-rewards,GET,backend,exercised-by-live-e2e,e2e-via-bff(app/api/v1/referral/[...path]/route.ts):frontend-web/tests/e2e/finance/fin-004-referrals.spec.ts|e2e:frontend-web/tests/e2e/finance/fin-007-edge.spec.ts|e2e-via-bff(app/api/finance/[...path]/route.ts):frontend-web/tests/e2e/finance/fin-007-edge.spec.ts
/api/finance/referral/withdraw,POST,backend,exercised-by-live-e2e,e2e-via-bff(app/api/v1/referral/[...path]/route.ts):frontend-web/tests/e2e/finance/fin-004-referrals.spec.ts|e2e:frontend-web/tests/e2e/finance/fin-007-edge.spec.ts|e2e-via-bff(app/api/finance/[...path]/route.ts):frontend-web/tests/e2e/finance/fin-007-edge.spec.ts|e2e-results:docs/e2e/results/finance.md
/api/finance/referral/withdraw-eligible,GET,backend,exercised-by-live-e2e,e2e-via-bff(app/api/v1/referral/[...path]/route.ts):frontend-web/tests/e2e/finance/fin-004-referrals.spec.ts|e2e:frontend-web/tests/e2e/finance/fin-007-edge.spec.ts|e2e-via-bff(app/api/finance/[...path]/route.ts):frontend-web/tests/e2e/finance/fin-007-edge.spec.ts
/api/referral/admin/config,GET,backend,uncovered,
/api/referral/admin/config,PUT,backend,uncovered,
/api/referral/admin/house,GET,backend,uncovered,
/api/referral/admin/house/ledger,GET,backend,uncovered,
/api/referral/admin/ledger,GET,backend,uncovered,
/api/referral/admin/reassignments,GET,backend,uncovered,
/api/referral/admin/reassignments,POST,backend,uncovered,
/internal/referrals/purchase-refunded,POST,backend,internal-or-infra-only,
/internal/referrals/purchase-settled,POST,backend,internal-or-infra-only,e2e:frontend-web/tests/e2e/finance/fin-004-referrals.spec.ts|e2e-results:docs/e2e/results/finance.md
/internal/referrals/recalc-tiers,POST,backend,internal-or-infra-only,
/v1/admin/referrals/:referrerId/case,GET,backend,uncovered,
/v1/admin/referrals/:referrerId/case,POST,backend,uncovered,
/v1/admin/referrals/:referrerId/code,PUT,backend,uncovered,
/v1/admin/referrals/analytics,GET,backend,uncovered,
/v1/admin/referrals/config,GET,backend,uncovered,
/v1/admin/referrals/config,PUT,backend,uncovered,
/v1/admin/referrals/fraud-queue,GET,backend,uncovered,
/v1/admin/referrals/fraud-queue,POST,backend,uncovered,
/v1/admin/referrals/ledger,GET,backend,uncovered,
/v1/admin/referrals/milestones-log,GET,backend,uncovered,
/v1/admin/referrals/module-status,GET,backend,uncovered,
/v1/referrals/attribute,POST,backend,exercised-by-live-e2e,e2e:frontend-web/tests/e2e/finance/fin-004-referrals.spec.ts|e2e:frontend-web/tests/e2e/finance/fin-007-edge.spec.ts|e2e-results:docs/e2e/results/finance.md
/v1/referrals/link,POST,backend,exercised-by-live-e2e,e2e:frontend-web/tests/e2e/finance/fin-004-referrals.spec.ts|e2e:frontend-web/tests/e2e/finance/fin-007-edge.spec.ts|e2e-results:docs/e2e/results/finance.md
/v1/referrals/me/dashboard,GET,backend,exercised-by-live-e2e,e2e:frontend-web/tests/e2e/finance/fin-007-edge.spec.ts
/v1/referrals/me/earnings,GET,backend,exercised-by-live-e2e,e2e:frontend-web/tests/e2e/finance/fin-007-edge.spec.ts
/v1/referrals/me/milestones,GET,backend,uncovered,
/v1/referrals/me/referrals,GET,backend,exercised-by-live-e2e,e2e:frontend-web/tests/e2e/finance/fin-004-referrals.spec.ts|e2e:frontend-web/tests/e2e/finance/fin-007-edge.spec.ts|e2e-results:docs/e2e/results/finance.md
/api/admin/audit-logs,GET,backend,exercised-by-live-e2e,e2e-results:docs/e2e/results/admin.md
/api/admin/audit-logs/export,GET,backend,uncovered,
/api/admin/login-activity,GET,backend,exercised-by-live-e2e,e2e:frontend-web/tests/e2e/auth/auth-005-rbac.spec.ts|e2e-results:docs/e2e/results/admin.md|e2e-results:docs/e2e/results/auth.md
/api/admin/permissions,GET,backend,exercised-by-live-e2e,e2e:frontend-web/tests/e2e/admin/admin-003-rbac.spec.ts|e2e-results:docs/e2e/results/admin.md
/api/admin/permissions,POST,backend,exercised-by-live-e2e,e2e:frontend-web/tests/e2e/admin/admin-003-rbac.spec.ts
/api/admin/permissions/:permissionId,PATCH,backend,uncovered,
/api/admin/permissions/:permissionId,DELETE,backend,uncovered,
/api/admin/permissions/matrix,GET,backend,uncovered,
/api/admin/roles,GET,backend,exercised-by-live-e2e,e2e:frontend-web/tests/e2e/admin/admin-003-rbac.spec.ts|e2e:frontend-web/tests/e2e/cross/cross-004-audit-continuity.spec.ts|e2e-results:docs/e2e/results/admin.md|e2e-results:docs/e2e/results/cross.md
/api/admin/roles,POST,backend,exercised-by-live-e2e,e2e:frontend-web/tests/e2e/admin/admin-003-rbac.spec.ts|e2e:frontend-web/tests/e2e/cross/cross-004-audit-continuity.spec.ts
/api/admin/roles/:id,PATCH,backend,uncovered,
/api/admin/roles/:id,DELETE,backend,uncovered,
/api/admin/roles/:id/clone,POST,backend,uncovered,
/api/admin/roles/:id/permissions,POST,backend,uncovered,
/api/admin/roles/:id/permissions/:permissionId,DELETE,backend,uncovered,
/api/admin/roles/:id/permissions/bulk,POST,backend,uncovered,
/api/admin/security-events,GET,backend,exercised-by-live-e2e,e2e-results:docs/e2e/results/admin.md
/api/admin/users,GET,backend,exercised-by-live-e2e,e2e:frontend-web/tests/e2e/auth/auth-005-rbac.spec.ts|e2e-results:docs/e2e/results/auth.md
/api/admin/users/:id,GET,backend,uncovered,
/api/admin/users/:id,PATCH,backend,uncovered,
/api/admin/users/:id/force-logout,POST,backend,uncovered,
/api/admin/users/:id/force-password-reset,POST,backend,uncovered,
/api/admin/users/:id/lock,PATCH,backend,uncovered,
/api/admin/users/:id/roles,POST,backend,exercised-by-live-e2e,e2e:frontend-web/tests/e2e/admin/admin-003-rbac.spec.ts|e2e:frontend-web/tests/e2e/cross/cross-004-audit-continuity.spec.ts|e2e-results:docs/e2e/results/admin.md|e2e-results:docs/e2e/results/cross.md
/api/admin/users/:id/roles/:roleId,DELETE,backend,exercised-by-live-e2e,e2e:frontend-web/tests/e2e/admin/admin-003-rbac.spec.ts|e2e-results:docs/e2e/results/admin.md
/api/admin/users/:id/roles/bulk,POST,backend,uncovered,
/api/admin/users/:id/sessions,GET,backend,uncovered,
/api/admin/users/:id/suspend,PATCH,backend,exercised-by-live-e2e,e2e:frontend-web/tests/e2e/admin/admin-004-audit.spec.ts|e2e:frontend-web/tests/e2e/cross/cross-004-audit-continuity.spec.ts|e2e-results:docs/e2e/results/cross.md
/api/admin/users/:id/unlock,PATCH,backend,uncovered,
/api/admin/users/:id/unsuspend,PATCH,backend,exercised-by-live-e2e,e2e:frontend-web/tests/e2e/admin/admin-004-audit.spec.ts|e2e:frontend-web/tests/e2e/cross/cross-004-audit-continuity.spec.ts
/api/admin/users/bulk-roles,POST,backend,uncovered,
/api/admin/users/export,GET,backend,uncovered,
/api/auth/change-password,POST,backend,exercised-by-live-e2e,e2e:frontend-web/tests/e2e/auth/auth-006-change-password-lockout.spec.ts|e2e-results:docs/e2e/results/auth.md
/api/auth/complete-profile,POST,backend,exercised-by-live-e2e,e2e:frontend-web/tests/e2e/user/user-001-complete-profile.spec.ts|e2e-results:docs/e2e/results/user.md
/api/auth/login,POST,backend,exercised-by-live-e2e,e2e:frontend-web/tests/e2e/admin/admin-002-user-management.spec.ts|e2e:frontend-web/tests/e2e/admin/admin-004-audit.spec.ts|e2e:frontend-web/tests/e2e/auth/auth-003-forgot-reset.spec.ts|e2e:frontend-web/tests/e2e/auth/auth-006-change-password-lockout.spec.ts
/api/auth/logout,POST,backend,uncovered,
/api/auth/me,GET,backend,exercised-by-live-e2e,e2e-results:docs/e2e/results/user.md
/api/auth/register,POST,backend,exercised-by-live-e2e,e2e:frontend-web/tests/e2e/auth/auth-002-register.spec.ts|e2e:frontend-web/tests/e2e/finance/fin-004-referrals.spec.ts|e2e-results:docs/e2e/results/auth.md|e2e-results:docs/e2e/results/cross.md
/api/auth/request-password-reset,POST,backend,exercised-by-unit-or-integration-test,unit-ref:frontend-web/tests/unit/auth/otp-proxy.test.ts
/api/auth/reset-password,POST,backend,exercised-by-live-e2e,e2e:frontend-web/tests/e2e/auth/auth-003-forgot-reset.spec.ts|e2e-results:docs/e2e/results/auth.md|unit:backend/internal/handlers/otp_login_stepup_test.go|unit-ref:frontend-web/tests/unit/auth/otp-proxy.test.ts
/api/auth/sessions,GET,backend,uncovered,
/api/auth/sessions/:id,DELETE,backend,uncovered,
/api/auth/sessions/revoke-all,POST,backend,uncovered,
/api/v1/admin/admins,GET,backend,exercised-by-unit-or-integration-test,unit:backend/internal/handlers/admin_console_handler_test.go
/api/v1/admin/analytics/summary,GET,backend,exercised-by-unit-or-integration-test,unit:backend/internal/app/admin_group_authz_test.go
/api/v1/admin/approvals,GET,backend,exercised-by-unit-or-integration-test,unit:backend/internal/handlers/admin_console_handler_test.go
/api/v1/admin/approvals/:id/approve,POST,backend,exercised-by-unit-or-integration-test,unit:backend/internal/handlers/admin_console_handler_test.go
/api/v1/admin/approvals/:id/reject,POST,backend,exercised-by-unit-or-integration-test,unit:backend/internal/handlers/admin_console_handler_test.go
/api/v1/admin/assets,GET,backend,exercised-by-unit-or-integration-test,unit:backend/internal/handlers/admin_console_handler_test.go
/api/v1/admin/assets/:id,PATCH,backend,exercised-by-unit-or-integration-test,unit:backend/internal/handlers/admin_console_handler_test.go
/api/v1/admin/audit,GET,backend,exercised-by-unit-or-integration-test,unit:backend/internal/handlers/admin_console_handler_test.go
/api/v1/admin/chatbot/sessions,GET,backend,exercised-by-unit-or-integration-test,unit:backend/internal/app/admin_group_authz_test.go
/api/v1/admin/chatbot/sessions/:id,GET,backend,exercised-by-unit-or-integration-test,unit:backend/internal/app/admin_group_authz_test.go
/api/v1/admin/competitions/open-mic,GET,backend,exercised-by-live-e2e,e2e:frontend-web/tests/e2e/cross/cross-002-contest-lifecycle.spec.ts|e2e-via-bff(app/api/v1/[...path]/route.ts):frontend-web/tests/e2e/cross/cross-002-contest-lifecycle.spec.ts|e2e:frontend-web/tests/e2e/cross/cross-004-audit-continuity.spec.ts|e2e-via-bff(app/api/v1/[...path]/route.ts):frontend-web/tests/e2e/cross/cross-004-audit-continuity.spec.ts
/api/v1/admin/competitions/open-mic,POST,backend,exercised-by-live-e2e,e2e:frontend-web/tests/e2e/cross/cross-002-contest-lifecycle.spec.ts|e2e-via-bff(app/api/v1/[...path]/route.ts):frontend-web/tests/e2e/cross/cross-002-contest-lifecycle.spec.ts|e2e:frontend-web/tests/e2e/cross/cross-004-audit-continuity.spec.ts|e2e-via-bff(app/api/v1/[...path]/route.ts):frontend-web/tests/e2e/cross/cross-004-audit-continuity.spec.ts
/api/v1/admin/competitions/overview,GET,backend,exercised-by-unit-or-integration-test,unit:backend/internal/app/admin_group_authz_test.go
/api/v1/admin/dashboard,GET,backend,exercised-by-live-e2e,e2e:frontend-web/tests/e2e/auth/auth-005-rbac.spec.ts|e2e-via-bff(app/api/v1/[...path]/route.ts):frontend-web/tests/e2e/auth/auth-005-rbac.spec.ts|e2e-results:docs/e2e/results/auth.md|unit:backend/internal/handlers/admin_console_handler_test.go
/api/v1/admin/emerging-innovators,GET,backend,uncovered,
/api/v1/admin/emerging-projects,GET,backend,uncovered,
/api/v1/admin/emerging-teams,GET,backend,uncovered,
/api/v1/admin/feature-flags,GET,backend,exercised-by-unit-or-integration-test,unit:backend/internal/handlers/admin_console_handler_test.go
/api/v1/admin/feature-flags/:key,PATCH,backend,exercised-by-unit-or-integration-test,unit:backend/internal/handlers/admin_console_handler_test.go
/api/v1/admin/fees,GET,backend,exercised-by-unit-or-integration-test,unit:backend/internal/handlers/admin_console_handler_test.go
/api/v1/admin/fees/:id,PATCH,backend,exercised-by-unit-or-integration-test,unit:backend/internal/handlers/admin_console_handler_test.go
/api/v1/admin/handoffs,GET,backend,exercised-by-unit-or-integration-test,unit:backend/internal/app/admin_group_authz_test.go
/api/v1/admin/handoffs/:id,PATCH,backend,uncovered,
/api/v1/admin/kyc,GET,backend,exercised-by-unit-or-integration-test,unit:backend/internal/handlers/admin_console_handler_test.go
/api/v1/admin/kyc/:id/review,POST,backend,exercised-by-unit-or-integration-test,unit:backend/internal/handlers/admin_console_handler_test.go
/api/v1/admin/leads,GET,backend,exercised-by-live-e2e,e2e:frontend-web/tests/e2e/auth/auth-005-rbac.spec.ts|e2e-via-bff(app/api/v1/[...path]/route.ts):frontend-web/tests/e2e/auth/auth-005-rbac.spec.ts|e2e-results:docs/e2e/results/auth.md|unit:backend/internal/app/admin_group_authz_test.go
/api/v1/admin/leads/:id,PATCH,backend,exercised-by-unit-or-integration-test,unit:backend/internal/app/admin_group_authz_test.go
/api/v1/admin/menu-counts,GET,backend,exercised-by-live-e2e,e2e:frontend-web/tests/e2e/admin/admin-001-login-dashboard.spec.ts|e2e-via-bff(app/api/v1/[...path]/route.ts):frontend-web/tests/e2e/admin/admin-001-login-dashboard.spec.ts|e2e-via-admin-proxy:frontend-web/tests/e2e/admin/admin-006-edge.spec.ts|e2e:frontend-web/tests/e2e/auth/auth-005-rbac.spec.ts
/api/v1/admin/orders,GET,backend,exercised-by-unit-or-integration-test,unit:backend/internal/handlers/admin_console_handler_test.go
/api/v1/admin/overview,GET,backend,exercised-by-live-e2e,e2e-results:docs/e2e/results/admin.md
/api/v1/admin/providers,GET,backend,exercised-by-unit-or-integration-test,unit:backend/internal/handlers/admin_console_handler_test.go
/api/v1/admin/reality-tv/dashboard,GET,backend,exercised-by-unit-or-integration-test,unit:backend/internal/app/admin_group_authz_test.go
/api/v1/admin/reconciliation,GET,backend,exercised-by-unit-or-integration-test,unit:backend/internal/handlers/admin_console_handler_test.go
/api/v1/admin/registrations,GET,backend,exercised-by-live-e2e,e2e:frontend-web/tests/e2e/admin/admin-003-rbac.spec.ts|e2e-via-bff(app/api/v1/[...path]/route.ts):frontend-web/tests/e2e/admin/admin-003-rbac.spec.ts|e2e-results:docs/e2e/results/admin.md
/api/v1/admin/registrations/:id,GET,backend,uncovered,
/api/v1/admin/registrations/:id/status,PATCH,backend,uncovered,
/api/v1/admin/risk-limits,GET,backend,exercised-by-unit-or-integration-test,unit:backend/internal/handlers/admin_console_handler_test.go
/api/v1/admin/risk-limits/:id,PATCH,backend,exercised-by-unit-or-integration-test,unit:backend/internal/handlers/admin_console_handler_test.go
/api/v1/admin/school-profiles,GET,backend,uncovered,
/api/v1/admin/school-teams,GET,backend,uncovered,
/api/v1/admin/schools,GET,backend,exercised-by-unit-or-integration-test,unit:backend/internal/app/admin_group_authz_test.go
/api/v1/admin/schools/:id/dashboard,GET,backend,uncovered,
/api/v1/admin/schools/:id/verification,PATCH,backend,uncovered,
/api/v1/admin/stem-awards/badge-awards,GET,backend,uncovered,
/api/v1/admin/stem-awards/badge-awards,POST,backend,uncovered,
/api/v1/admin/stem-awards/badges,GET,backend,uncovered,
/api/v1/admin/stem-awards/badges,POST,backend,uncovered,
/api/v1/admin/stem-awards/certificates,GET,backend,uncovered,
/api/v1/admin/stem-awards/certificates,POST,backend,uncovered,
/api/v1/admin/stem-bootcamp/cohorts,GET,backend,uncovered,
/api/v1/admin/stem-bootcamp/cohorts,POST,backend,uncovered,
/api/v1/admin/stem-bootcamp/scores,GET,backend,uncovered,
/api/v1/admin/stem-bootcamp/scores,POST,backend,uncovered,
/api/v1/admin/stem-bootcamp/tasks,GET,backend,uncovered,
/api/v1/admin/stem-bootcamp/tasks,POST,backend,uncovered,
/api/v1/admin/stem-contests,GET,backend,uncovered,
/api/v1/admin/stem-contests,POST,backend,uncovered,
/api/v1/admin/stem-eligibility/check,POST,backend,uncovered,
/api/v1/admin/stem-judging/assignments,GET,backend,uncovered,
/api/v1/admin/stem-judging/assignments,POST,backend,uncovered,
/api/v1/admin/stem-judging/assignments/:id/conflict,PATCH,backend,uncovered,
/api/v1/admin/stem-judging/criteria,GET,backend,uncovered,
/api/v1/admin/stem-judging/rubrics,GET,backend,uncovered,
/api/v1/admin/stem-judging/rubrics,POST,backend,uncovered,
/api/v1/admin/stem-judging/scores,GET,backend,uncovered,
/api/v1/admin/stem-judging/scores,POST,backend,uncovered,
/api/v1/admin/stem-judging/scores/:id/review-state,PATCH,backend,uncovered,
/api/v1/admin/stem-leaderboard,GET,backend,uncovered,
/api/v1/admin/stem-leaderboard/slices,GET,backend,uncovered,
/api/v1/admin/stem-reports/buckets,GET,backend,uncovered,
/api/v1/admin/stem-reports/summary,GET,backend,uncovered,
/api/v1/admin/stem-sponsors,GET,backend,uncovered,
/api/v1/admin/stem-sponsors,POST,backend,uncovered,
/api/v1/admin/stem-submissions,GET,backend,uncovered,
/api/v1/admin/stem-submissions/:id/status,PATCH,backend,uncovered,
/api/v1/admin/stem-voting/packages,GET,backend,uncovered,
/api/v1/admin/stem-voting/packages,POST,backend,uncovered,
/api/v1/admin/stem-voting/rules,GET,backend,uncovered,
/api/v1/admin/stem-voting/rules,POST,backend,uncovered,
/api/v1/admin/stem-voting/transactions,GET,backend,uncovered,
/api/v1/admin/stem-voting/transactions,POST,backend,uncovered,
/api/v1/admin/stem/my-role,GET,backend,exercised-by-live-e2e,e2e-results:docs/e2e/results/admin.md
/api/v1/admin/stem/overview,GET,backend,exercised-by-unit-or-integration-test,unit:backend/internal/app/admin_group_authz_test.go
/api/v1/admin/users,GET,backend,exercised-by-unit-or-integration-test,unit:backend/internal/handlers/admin_console_handler_test.go
/api/v1/admin/users/:id,GET,backend,exercised-by-unit-or-integration-test,unit:backend/internal/handlers/admin_console_handler_test.go
/api/v1/admin/withdrawals,GET,backend,exercised-by-unit-or-integration-test,unit:backend/internal/handlers/admin_console_handler_test.go
/api/v1/admin/withdrawals/:ref/review,POST,backend,exercised-by-unit-or-integration-test,unit:backend/internal/handlers/admin_console_handler_test.go
/api/v1/auth/health,GET,backend,internal-or-infra-only,
/api/v1/emerging-innovators,GET,backend,uncovered,
/api/v1/emerging-innovators,POST,backend,uncovered,
/api/v1/emerging-projects,GET,backend,uncovered,
/api/v1/emerging-projects,POST,backend,uncovered,
/api/v1/emerging-teams,GET,backend,uncovered,
/api/v1/emerging-teams,POST,backend,uncovered,
/api/v1/mobile/health,GET,backend,internal-or-infra-only,
/api/v1/public/build,GET,backend,uncovered,
/api/v1/public/health,GET,backend,internal-or-infra-only,e2e-results:docs/e2e/results/carried-reverify.md
/api/v1/registration/applications,GET,backend,uncovered,
/api/v1/registration/applications,POST,backend,uncovered,
/api/v1/registration/applications/:id,GET,backend,uncovered,
/api/v1/registration/applications/:id,PATCH,backend,uncovered,
/api/v1/registration/applications/:id/payment/initiate,POST,backend,uncovered,
/api/v1/registration/applications/:id/payment/verify,POST,backend,uncovered,
/api/v1/registration/applications/:id/status,GET,backend,uncovered,
/api/v1/registration/applications/:id/submit,POST,backend,uncovered,
/api/v1/registration/applications/:id/withdraw,POST,backend,uncovered,
/api/v1/registration/contests,GET,backend,uncovered,
/api/v1/school-profiles,GET,backend,uncovered,
/api/v1/school-profiles,POST,backend,uncovered,
/api/v1/school-teams,GET,backend,uncovered,
/api/v1/school-teams,POST,backend,uncovered,
/api/v1/schools,GET,backend,uncovered,
/api/v1/schools,POST,backend,uncovered,
/api/v1/schools/:id/dashboard,GET,backend,uncovered,
/api/v1/stem-awards/badge-awards,GET,backend,uncovered,
/api/v1/stem-awards/badge-awards,POST,backend,uncovered,
/api/v1/stem-awards/badges,GET,backend,uncovered,
/api/v1/stem-awards/badges,POST,backend,uncovered,
/api/v1/stem-awards/certificates,GET,backend,uncovered,
/api/v1/stem-awards/certificates,POST,backend,uncovered,
/api/v1/stem-bootcamp/cohorts,GET,backend,uncovered,
/api/v1/stem-bootcamp/cohorts,POST,backend,uncovered,
/api/v1/stem-bootcamp/scores,GET,backend,uncovered,
/api/v1/stem-bootcamp/scores,POST,backend,uncovered,
/api/v1/stem-bootcamp/tasks,GET,backend,uncovered,
/api/v1/stem-bootcamp/tasks,POST,backend,uncovered,
/api/v1/stem-contests,GET,backend,uncovered,
/api/v1/stem-contests,POST,backend,uncovered,
/api/v1/stem-eligibility/check,POST,backend,uncovered,
/api/v1/stem-judging/assignments,GET,backend,uncovered,
/api/v1/stem-judging/assignments,POST,backend,uncovered,
/api/v1/stem-judging/assignments/:id/conflict,PATCH,backend,uncovered,
/api/v1/stem-judging/criteria,GET,backend,uncovered,
/api/v1/stem-judging/rubrics,GET,backend,uncovered,
/api/v1/stem-judging/rubrics,POST,backend,uncovered,
/api/v1/stem-judging/scores,GET,backend,uncovered,
/api/v1/stem-judging/scores,POST,backend,uncovered,
/api/v1/stem-judging/scores/:id/review-state,PATCH,backend,uncovered,
/api/v1/stem-leaderboard,GET,backend,uncovered,
/api/v1/stem-leaderboard/slices,GET,backend,uncovered,
/api/v1/stem-reports/buckets,GET,backend,uncovered,
/api/v1/stem-reports/summary,GET,backend,uncovered,
/api/v1/stem-sponsors,GET,backend,uncovered,
/api/v1/stem-sponsors,POST,backend,uncovered,
/api/v1/stem-submissions,GET,backend,uncovered,
/api/v1/stem-submissions/:id/status,PATCH,backend,uncovered,
/api/v1/stem-voting/packages,GET,backend,uncovered,
/api/v1/stem-voting/packages,POST,backend,uncovered,
/api/v1/stem-voting/rules,GET,backend,uncovered,
/api/v1/stem-voting/rules,POST,backend,uncovered,
/api/v1/stem-voting/transactions,GET,backend,uncovered,
/api/v1/stem-voting/transactions,POST,backend,uncovered,
/api/v1/users/health,GET,backend,internal-or-infra-only,
/api/v1/webhooks/health,GET,backend,internal-or-infra-only,
/healthz,GET,backend,internal-or-infra-only,
/readyz,GET,backend,internal-or-infra-only,unit:backend/internal/handlers/health_ready_test.go
/api/finance/stays/book,POST,backend,uncovered,
/api/finance/stays/consent,GET,backend,uncovered,
/api/finance/stays/consent,POST,backend,uncovered,
/api/finance/stays/deals,GET,backend,uncovered,
/api/finance/stays/destinations,GET,backend,uncovered,
/api/finance/stays/home,GET,backend,exercised-by-live-e2e,e2e-via-bff(app/api/v1/stays/[...path]/route.ts):frontend-web/tests/e2e/social/soc-001-discovery.spec.ts
/api/finance/stays/loyalty,GET,backend,uncovered,
/api/finance/stays/prebook,POST,backend,uncovered,
/api/finance/stays/properties/:rail/:supplier/:ref,GET,backend,uncovered,
/api/finance/stays/reservations,GET,backend,uncovered,
/api/finance/stays/reservations/:id,GET,backend,uncovered,
/api/finance/stays/reservations/:id/cancel,POST,backend,uncovered,
/api/finance/stays/reservations/:id/modify,POST,backend,uncovered,
/api/finance/stays/reservations/:id/voucher,GET,backend,uncovered,
/api/finance/stays/saved,GET,backend,uncovered,
/api/finance/stays/saved-guests,GET,backend,uncovered,
/api/finance/stays/saved-guests,POST,backend,uncovered,
/api/finance/stays/saved-guests/:id,DELETE,backend,uncovered,
/api/finance/stays/saved/:key/toggle,POST,backend,uncovered,
/api/finance/stays/search,GET,backend,uncovered,
/api/stays/admin/mapping-queue,GET,backend,uncovered,
/api/stays/admin/mapping-queue/:id/decision,POST,backend,uncovered,
/api/stays/admin/properties/:id/status,POST,backend,uncovered,
/api/stays/admin/reservations,GET,backend,uncovered,
/api/stays/admin/suppliers,GET,backend,uncovered,
/api/stays/admin/suppliers,POST,backend,uncovered,
/api/finance/admin/utilitybills/billers,GET,backend,uncovered,
/api/finance/admin/utilitybills/billers,POST,backend,uncovered,
/api/finance/admin/utilitybills/billers/:id,PATCH,backend,uncovered,
/api/finance/admin/utilitybills/categories,GET,backend,uncovered,
/api/finance/admin/utilitybills/categories,POST,backend,uncovered,
/api/finance/admin/utilitybills/categories/:category,PATCH,backend,uncovered,
/api/finance/admin/utilitybills/products,GET,backend,uncovered,
/api/finance/admin/utilitybills/products,POST,backend,uncovered,
/api/finance/admin/utilitybills/products/:id,PATCH,backend,uncovered,
/api/finance/admin/utilitybills/products/import,POST,backend,uncovered,
/api/finance/admin/utilitybills/provider-products,GET,backend,uncovered,
/api/finance/admin/utilitybills/provider-products,POST,backend,uncovered,
/api/finance/admin/utilitybills/provider-products/:id,PATCH,backend,uncovered,
/api/finance/admin/utilitybills/providers,GET,backend,uncovered,
/api/finance/admin/utilitybills/providers,POST,backend,uncovered,
/api/finance/admin/utilitybills/providers/:id,PATCH,backend,uncovered,
/api/finance/admin/utilitybills/providers/:id/credentials,PUT,backend,uncovered,
/api/finance/admin/utilitybills/providers/:id/health-check,POST,backend,uncovered,
/api/finance/admin/utilitybills/reports/profitability,GET,backend,uncovered,
/api/finance/admin/utilitybills/reports/provider-performance,GET,backend,uncovered,
/api/finance/admin/utilitybills/reports/reconciliation,GET,backend,uncovered,
/api/finance/admin/utilitybills/routing-rules,GET,backend,uncovered,
/api/finance/admin/utilitybills/routing-rules,POST,backend,uncovered,
/api/finance/admin/utilitybills/routing-rules/:id,PATCH,backend,uncovered,
/api/finance/admin/utilitybills/transactions,GET,backend,uncovered,
/api/finance/admin/utilitybills/transactions/:id,GET,backend,uncovered,
/api/finance/admin/utilitybills/transactions/:id/requery,POST,backend,uncovered,
/api/finance/admin/utilitybills/transactions/:id/resolve,POST,backend,uncovered,
/api/finance/admin/utilitybills/transactions/:id/reverse,POST,backend,uncovered,
/api/finance/admin/utilitybills/unresolved,GET,backend,uncovered,
/api/finance/admin/utilitybills/workers/requery-pending,POST,backend,uncovered,
/api/finance/utilitybills/beneficiaries,GET,backend,exercised-by-unit-or-integration-test,unit-ref:frontend-web/tests/unit/utility/beneficiaries.spec.ts
/api/finance/utilitybills/beneficiaries,POST,backend,exercised-by-unit-or-integration-test,unit-ref:frontend-web/tests/unit/utility/beneficiaries.spec.ts
/api/finance/utilitybills/beneficiaries/:id,DELETE,backend,uncovered,
/api/finance/utilitybills/billers,GET,backend,uncovered,
/api/finance/utilitybills/categories,GET,backend,exercised-by-unit-or-integration-test,unit-ref:frontend-web/tests/unit/utility/routes.spec.ts
/api/finance/utilitybills/pay,POST,backend,exercised-by-unit-or-integration-test,unit-ref:frontend-web/tests/unit/utility/routes.spec.ts
/api/finance/utilitybills/products,GET,backend,uncovered,
/api/finance/utilitybills/quote,POST,backend,uncovered,
/api/finance/utilitybills/transactions,GET,backend,uncovered,
/api/finance/utilitybills/transactions/:id,GET,backend,uncovered,
/api/finance/utilitybills/transactions/:id/attempts,GET,backend,uncovered,
/api/finance/utilitybills/transactions/:id/dispute,POST,backend,uncovered,
/api/finance/utilitybills/transactions/:id/requery,POST,backend,uncovered,
/api/finance/utilitybills/validate,POST,backend,uncovered,
/api/finance/associations,GET,backend,uncovered,
/api/finance/associations,POST,backend,uncovered,
/api/finance/associations/access-codes/validate,POST,backend,uncovered,
/api/finance/associations/admin/announcements/:childId,PATCH,backend,uncovered,
/api/finance/associations/admin/announcements/:childId,DELETE,backend,uncovered,
/api/finance/associations/admin/approvals,GET,backend,uncovered,
/api/finance/associations/admin/approvals/:id,GET,backend,uncovered,
/api/finance/associations/admin/approvals/:id/decision,POST,backend,uncovered,
/api/finance/associations/admin/audit-log,GET,backend,uncovered,
/api/finance/associations/admin/categories/:childId,PATCH,backend,uncovered,
/api/finance/associations/admin/categories/:childId,DELETE,backend,uncovered,
/api/finance/associations/admin/chapters/:childId,PATCH,backend,uncovered,
/api/finance/associations/admin/chapters/:childId,DELETE,backend,uncovered,
/api/finance/associations/admin/committees/:childId,PATCH,backend,uncovered,
/api/finance/associations/admin/committees/:childId,DELETE,backend,uncovered,
/api/finance/associations/admin/committees/:childId/members,POST,backend,uncovered,
/api/finance/associations/admin/committees/:childId/members/:membershipId,DELETE,backend,uncovered,
/api/finance/associations/admin/committees/:childId/members/:membershipId,PATCH,backend,uncovered,
/api/finance/associations/admin/committees/:childId/requests,POST,backend,uncovered,
/api/finance/associations/admin/documents/:childId,PATCH,backend,uncovered,
/api/finance/associations/admin/documents/:childId,DELETE,backend,uncovered,
/api/finance/associations/admin/events/:childId,PATCH,backend,uncovered,
/api/finance/associations/admin/events/:childId,DELETE,backend,uncovered,
/api/finance/associations/admin/events/:childId/invite,POST,backend,uncovered,
/api/finance/associations/admin/finance,GET,backend,uncovered,
/api/finance/associations/admin/finance/offline,GET,backend,uncovered,
/api/finance/associations/admin/finance/offline/:id/decision,POST,backend,uncovered,
/api/finance/associations/admin/import/confirm,POST,backend,uncovered,
/api/finance/associations/admin/import/members,POST,backend,uncovered,
/api/finance/associations/admin/import/preview,POST,backend,uncovered,
/api/finance/associations/admin/invoices,POST,backend,uncovered,
/api/finance/associations/admin/kpis,GET,backend,uncovered,
/api/finance/associations/admin/meetings/:childId,PATCH,backend,uncovered,
/api/finance/associations/admin/meetings/:childId,DELETE,backend,uncovered,
/api/finance/associations/admin/meetings/:childId/decision,POST,backend,uncovered,
/api/finance/associations/admin/meetings/:childId/minutes,POST,backend,uncovered,
/api/finance/associations/admin/members/:id/restore,POST,backend,uncovered,
/api/finance/associations/admin/members/:id/role,POST,backend,uncovered,
/api/finance/associations/admin/members/:id/suspend,POST,backend,uncovered,
/api/finance/associations/admin/members/:id/transfer,POST,backend,uncovered,
/api/finance/associations/admin/organisations,GET,backend,uncovered,
/api/finance/associations/admin/organisations/:id,GET,backend,uncovered,
/api/finance/associations/admin/organisations/:id,PATCH,backend,uncovered,
/api/finance/associations/admin/organisations/:id/announcements,GET,backend,uncovered,
/api/finance/associations/admin/organisations/:id/announcements,POST,backend,uncovered,
/api/finance/associations/admin/organisations/:id/categories,POST,backend,uncovered,
/api/finance/associations/admin/organisations/:id/chapters,POST,backend,uncovered,
/api/finance/associations/admin/organisations/:id/committees,POST,backend,uncovered,
/api/finance/associations/admin/organisations/:id/documents,GET,backend,uncovered,
/api/finance/associations/admin/organisations/:id/documents,POST,backend,uncovered,
/api/finance/associations/admin/organisations/:id/documents/presign,POST,backend,uncovered,
/api/finance/associations/admin/organisations/:id/dues/run,POST,backend,uncovered,
/api/finance/associations/admin/organisations/:id/dues/runs,GET,backend,uncovered,
/api/finance/associations/admin/organisations/:id/events,GET,backend,uncovered,
/api/finance/associations/admin/organisations/:id/events,POST,backend,uncovered,
/api/finance/associations/admin/organisations/:id/meetings,GET,backend,uncovered,
/api/finance/associations/admin/organisations/:id/meetings,POST,backend,uncovered,
/api/finance/associations/admin/organisations/:id/meetings/pending,GET,backend,uncovered,
/api/finance/associations/admin/organisations/:id/publish,POST,backend,uncovered,
/api/finance/associations/admin/organisations/:id/restore,POST,backend,uncovered,
/api/finance/associations/admin/organisations/:id/rules,POST,backend,uncovered,
/api/finance/associations/admin/organisations/:id/settings,GET,backend,uncovered,
/api/finance/associations/admin/organisations/:id/settings,PUT,backend,uncovered,
/api/finance/associations/admin/organisations/:id/suspend,POST,backend,uncovered,
/api/finance/associations/admin/organisations/:id/tasks,GET,backend,uncovered,
/api/finance/associations/admin/organisations/:id/tasks,POST,backend,uncovered,
/api/finance/associations/admin/organisations/:id/unpublish,POST,backend,uncovered,
/api/finance/associations/admin/organisations/:id/unverify,POST,backend,uncovered,
/api/finance/associations/admin/organisations/:id/verify,POST,backend,uncovered,
/api/finance/associations/admin/rules/:childId,PATCH,backend,uncovered,
/api/finance/associations/admin/rules/:childId,DELETE,backend,uncovered,
/api/finance/associations/admin/tasks/:childId,PATCH,backend,uncovered,
/api/finance/associations/admin/tasks/:childId,DELETE,backend,uncovered,
/api/finance/associations/ai-notes,GET,backend,uncovered,
/api/finance/associations/ai-notes,POST,backend,uncovered,
/api/finance/associations/ai-notes/:id,GET,backend,uncovered,
/api/finance/associations/ai-notes/:id/action-items/:itemId/convert,POST,backend,uncovered,
/api/finance/associations/ai-notes/:id/approve,POST,backend,uncovered,
/api/finance/associations/ai-notes/:id/publish,POST,backend,uncovered,
/api/finance/associations/ai-notes/:id/regenerate-summary,POST,backend,uncovered,
/api/finance/associations/ai-notes/:id/status,GET,backend,uncovered,
/api/finance/associations/announcements,GET,backend,uncovered,
/api/finance/associations/announcements/:id,GET,backend,uncovered,
/api/finance/associations/announcements/:id/acknowledge,POST,backend,uncovered,
/api/finance/associations/apply,POST,backend,uncovered,
/api/finance/associations/cards/verify,POST,backend,uncovered,
/api/finance/associations/chat/threads,GET,backend,uncovered,
/api/finance/associations/chat/threads/:id,GET,backend,uncovered,
/api/finance/associations/chat/threads/:id/messages,POST,backend,uncovered,
/api/finance/associations/chat/threads/:id/messages/:messageId/react,POST,backend,uncovered,
/api/finance/associations/chat/threads/:id/mute,POST,backend,uncovered,
/api/finance/associations/committees,GET,backend,uncovered,
/api/finance/associations/committees/:id,GET,backend,uncovered,
/api/finance/associations/committees/:id/join,POST,backend,uncovered,
/api/finance/associations/documents,GET,backend,uncovered,
/api/finance/associations/documents/:id,GET,backend,uncovered,
/api/finance/associations/documents/:id/acknowledge,POST,backend,uncovered,
/api/finance/associations/documents/:id/download-url,GET,backend,uncovered,
/api/finance/associations/dues/:invoiceId/pay,POST,backend,uncovered,
/api/finance/associations/elections,GET,backend,uncovered,
/api/finance/associations/elections,POST,backend,uncovered,
/api/finance/associations/elections/:id,GET,backend,uncovered,
/api/finance/associations/elections/:id/candidates,POST,backend,uncovered,
/api/finance/associations/elections/:id/close,POST,backend,uncovered,
/api/finance/associations/elections/:id/handover,POST,backend,uncovered,
/api/finance/associations/elections/:id/open,POST,backend,uncovered,
/api/finance/associations/elections/:id/publish,POST,backend,uncovered,
/api/finance/associations/elections/:id/tally,GET,backend,uncovered,
/api/finance/associations/elections/:id/vote,POST,backend,uncovered,
/api/finance/associations/events,GET,backend,uncovered,
/api/finance/associations/events/:id,GET,backend,uncovered,
/api/finance/associations/events/:id/feedback,POST,backend,uncovered,
/api/finance/associations/events/:id/register,POST,backend,uncovered,
/api/finance/associations/events/:id/rsvp,POST,backend,uncovered,
/api/finance/associations/invites/validate,POST,backend,uncovered,
/api/finance/associations/me/activity,GET,backend,uncovered,
/api/finance/associations/me/admin-access,GET,backend,uncovered,
/api/finance/associations/me/card,GET,backend,uncovered,
/api/finance/associations/me/dashboard,GET,backend,uncovered,
/api/finance/associations/me/devices,GET,backend,uncovered,
/api/finance/associations/me/devices,POST,backend,uncovered,
/api/finance/associations/me/devices/:id,DELETE,backend,uncovered,
/api/finance/associations/me/dues,GET,backend,uncovered,
/api/finance/associations/me/notification-prefs,GET,backend,uncovered,
/api/finance/associations/me/notification-prefs,PUT,backend,uncovered,
/api/finance/associations/me/preferences,GET,backend,uncovered,
/api/finance/associations/me/preferences,PUT,backend,uncovered,
/api/finance/associations/me/privacy,GET,backend,uncovered,
/api/finance/associations/me/privacy,PUT,backend,uncovered,
/api/finance/associations/me/profile,GET,backend,uncovered,
/api/finance/associations/me/profile,PUT,backend,uncovered,
/api/finance/associations/me/security,GET,backend,uncovered,
/api/finance/associations/me/security,PUT,backend,uncovered,
/api/finance/associations/meetings,GET,backend,uncovered,
/api/finance/associations/meetings,POST,backend,uncovered,
/api/finance/associations/meetings/:id,GET,backend,uncovered,
/api/finance/associations/meetings/:id/attendance,POST,backend,uncovered,
/api/finance/associations/meetings/:id/rsvp,POST,backend,uncovered,
/api/finance/associations/members,GET,backend,uncovered,
/api/finance/associations/members/:id,GET,backend,uncovered,
/api/finance/associations/notifications,GET,backend,uncovered,
/api/finance/associations/notifications/read,POST,backend,uncovered,
/api/finance/associations/orgs/:id,GET,backend,uncovered,
/api/finance/associations/receipts/:receiptId,GET,backend,uncovered,
/api/finance/associations/support/faqs,GET,backend,uncovered,
/api/finance/associations/support/tickets,GET,backend,uncovered,
/api/finance/associations/support/tickets,POST,backend,uncovered,
/api/finance/associations/support/tickets/:id,GET,backend,uncovered,
/api/finance/associations/support/tickets/:id/messages,POST,backend,uncovered,
/api/finance/associations/tasks,GET,backend,uncovered,
/api/finance/associations/tasks/:id,GET,backend,uncovered,
/api/finance/associations/tasks/:id,PATCH,backend,uncovered,
/api/finance/associations/uploads/logo/presign,POST,backend,uncovered,
/api/finance/associations/ws,GET,backend,uncovered,
/api/business/admin,GET,backend,uncovered,
/api/business/admin/:id,GET,backend,uncovered,
/api/business/admin/:id/approve,POST,backend,uncovered,
/api/business/admin/:id/reject,POST,backend,uncovered,
/api/finance/business/:id,GET,backend,uncovered,
/api/finance/business/:id/certificate,GET,backend,uncovered,
/api/finance/business/:id/pay-fee,POST,backend,uncovered,
/api/finance/business/:id/pay-fee/paystack,POST,backend,uncovered,
/api/finance/business/:id/pay-fee/paystack/verify,POST,backend,uncovered,
/api/finance/business/:id/status,GET,backend,uncovered,
/api/finance/business/:id/submit,POST,backend,uncovered,
/api/finance/business/me,GET,backend,uncovered,
/api/finance/business/name/check,POST,backend,uncovered,
/api/finance/business/name/reserve,POST,backend,uncovered,
/api/finance/business/register,POST,backend,uncovered,
/api/finance/business/verify,POST,backend,uncovered,
/api/connect/admin/aml/alerts,GET,backend,uncovered,
/api/connect/admin/aml/cases,GET,backend,uncovered,
/api/connect/admin/aml/cases,POST,backend,uncovered,
/api/connect/admin/aml/cases/:id/file-str,POST,backend,uncovered,
/api/connect/admin/gamification/missions,GET,backend,uncovered,
/api/connect/admin/gamification/missions,POST,backend,uncovered,
/api/connect/admin/gamification/seasons,GET,backend,uncovered,
/api/connect/admin/gamification/seasons,POST,backend,uncovered,
/api/v1/connect/gamification/home,GET,backend,uncovered,
/api/v1/connect/gamification/leaderboards,GET,backend,uncovered,
/api/v1/connect/gamification/missions,GET,backend,uncovered,
/api/v1/connect/gamification/missions/:id/claim,POST,backend,uncovered,
/api/v1/connect/gamification/seasons,GET,backend,uncovered,
/api/v1/connect/gamification/streaks,GET,backend,uncovered,
/api/connect/admin/gifts,GET,backend,exercised-by-unit-or-integration-test,unit:backend/tests/connect/gifting_admin_ledger_live_db_test.go
/api/v1/connect/gifts,POST,backend,uncovered,
/api/v1/connect/gifts/catalog,GET,backend,uncovered,
/api/v1/connect/gifts/received,GET,backend,uncovered,
/api/v1/connect/gifts/sent,GET,backend,uncovered,
/api/connect/admin/live/sessions,GET,backend,uncovered,
/api/connect/admin/live/sessions/:id/terminate,POST,backend,uncovered,
/api/v1/connect/live/sessions,POST,backend,uncovered,
/api/v1/connect/live/sessions,GET,backend,uncovered,
/api/v1/connect/live/sessions/:id,GET,backend,uncovered,
/api/v1/connect/live/sessions/:id/cohost,POST,backend,uncovered,
/api/v1/connect/live/sessions/:id/end,POST,backend,uncovered,
/api/v1/connect/live/sessions/:id/moderate,POST,backend,uncovered,
/api/v1/connect/live/sessions/:id/pk,POST,backend,uncovered,
/api/v1/connect/live/sessions/:id/rtc-token,POST,backend,uncovered,
/api/v1/connect/live/sessions/:id/start,POST,backend,uncovered,
/api/connect/admin/networking/assessments,GET,backend,uncovered,
/api/connect/admin/networking/assessments,POST,backend,uncovered,
/api/v1/connect/networking/assessment-badges,GET,backend,uncovered,
/api/v1/connect/networking/assessments,GET,backend,uncovered,
/api/v1/connect/networking/assessments/:id/attempts,POST,backend,uncovered,
/api/v1/connect/networking/assessments/:id/attempts/:attemptId/submit,PATCH,backend,uncovered,
/api/connect/admin/networking/posts/:id/moderation,POST,backend,uncovered,
/api/v1/connect/networking/posts,POST,backend,uncovered,
/api/v1/connect/networking/posts/:id,GET,backend,uncovered,
/api/v1/connect/networking/posts/:id/comments,POST,backend,uncovered,
/api/v1/connect/networking/posts/:id/reactions,POST,backend,uncovered,
/api/v1/connect/networking/posts/feed,GET,backend,uncovered,
/api/v1/connect/networking/topics/:tag,GET,backend,uncovered,
/api/connect/admin/networking/company-pages/:id/claim,PATCH,backend,uncovered,
/api/v1/connect/networking/applications/:appId/referrals,PATCH,backend,uncovered,
/api/v1/connect/networking/applications/:appId/referrals,POST,backend,uncovered,
/api/v1/connect/networking/applications/:appId/withdraw,PATCH,backend,uncovered,
/api/v1/connect/networking/applications/mine,GET,backend,uncovered,
/api/v1/connect/networking/company-claims,POST,backend,uncovered,
/api/v1/connect/networking/company-pages/:id,GET,backend,uncovered,
/api/v1/connect/networking/company-pages/:id/admins,POST,backend,uncovered,
/api/v1/connect/networking/company-pages/:id/admins/:userId,DELETE,backend,uncovered,
/api/v1/connect/networking/company-pages/:id/applications/:appId/state,PATCH,backend,uncovered,
/api/v1/connect/networking/company-pages/:id/follow,POST,backend,uncovered,
/api/v1/connect/networking/company-pages/:id/jobs,POST,backend,uncovered,
/api/v1/connect/networking/company-pages/:id/jobs/:jobId/activate,POST,backend,uncovered,
/api/v1/connect/networking/company-pages/:id/jobs/:jobId/applications,GET,backend,uncovered,
/api/v1/connect/networking/jobs,GET,backend,uncovered,
/api/v1/connect/networking/jobs/:jobId,GET,backend,uncovered,
/api/v1/connect/networking/jobs/:jobId/applications,POST,backend,uncovered,
/api/v1/connect/networking/open-to-work,PUT,backend,uncovered,
/api/v1/connect/networking/referrals/mine,GET,backend,uncovered,
/api/connect/admin/networking/mentorship/loyalty-audit,GET,backend,uncovered,
/api/connect/admin/networking/mentorship/reports,GET,backend,uncovered,
/api/v1/connect/networking/mentorship/discovery,GET,backend,uncovered,
/api/v1/connect/networking/mentorship/matches,GET,backend,uncovered,
/api/v1/connect/networking/mentorship/matches,POST,backend,uncovered,
/api/v1/connect/networking/mentorship/matches/:id/respond,POST,backend,uncovered,
/api/v1/connect/networking/mentorship/matches/:id/state,PATCH,backend,uncovered,
/api/v1/connect/networking/mentorship/opt-in,POST,backend,uncovered,
/api/connect/admin/networking/recommendations,GET,backend,uncovered,
/api/connect/admin/networking/recommendations/:id/hide,POST,backend,uncovered,
/api/v1/connect/networking/about,GET,backend,uncovered,
/api/v1/connect/networking/about,PUT,backend,uncovered,
/api/v1/connect/networking/education,GET,backend,uncovered,
/api/v1/connect/networking/education,POST,backend,uncovered,
/api/v1/connect/networking/education/:id,PATCH,backend,uncovered,
/api/v1/connect/networking/education/:id,DELETE,backend,uncovered,
/api/v1/connect/networking/experience,GET,backend,uncovered,
/api/v1/connect/networking/experience,POST,backend,uncovered,
/api/v1/connect/networking/experience/:id,PATCH,backend,uncovered,
/api/v1/connect/networking/experience/:id,DELETE,backend,uncovered,
/api/v1/connect/networking/recommendations,POST,backend,uncovered,
/api/v1/connect/networking/recommendations/:id/accept,PATCH,backend,uncovered,
/api/v1/connect/networking/recommendations/:id/decline,PATCH,backend,uncovered,
/api/v1/connect/networking/recommendations/:id/send,PATCH,backend,uncovered,
/api/v1/connect/networking/recommendations/authored,GET,backend,uncovered,
/api/v1/connect/networking/recommendations/inbox,GET,backend,uncovered,
/api/v1/connect/networking/recommendations/requests,POST,backend,uncovered,
/api/v1/connect/networking/strength,GET,backend,uncovered,
/api/v1/connect/networking/users/:userId/recommendations,GET,backend,uncovered,
/api/connect/admin/payouts,GET,backend,exercised-by-unit-or-integration-test,unit:backend/internal/connect/payouts/admin_live_db_test.go
/api/connect/admin/payouts/:id,GET,backend,uncovered,
/api/connect/admin/payouts/:id/reject,POST,backend,uncovered,
/api/connect/admin/payouts/:id/settle,POST,backend,uncovered,
/api/v1/connect/payouts,POST,backend,uncovered,
/api/v1/connect/payouts,GET,backend,uncovered,
/api/connect/admin/contests/:id/admin-vote,POST,backend,uncovered,
/api/connect/admin/contests/:id/evictions,GET,backend,uncovered,
/api/connect/admin/contests/:id/extend-grace-period,POST,backend,uncovered,
/api/connect/admin/contests/:id/save,POST,backend,uncovered,
/api/connect/admin/contests/:id/stages/:stageNum/contestants,GET,backend,uncovered,
/api/connect/admin/contests/:id/stages/:stageNum/evict,POST,backend,uncovered,
/api/connect/admin/contests/:id/stages/:stageNum/finalize-evictions,POST,backend,uncovered,
/api/v1/connect/contestants/:id,GET,backend,uncovered,
/api/v1/connect/contestants/:id/like,POST,backend,uncovered,
/api/v1/connect/contestants/:id/like,DELETE,backend,uncovered,
/api/v1/connect/contestants/:id/share,POST,backend,uncovered,
/api/v1/connect/contestants/:id/supporters,GET,backend,uncovered,
/api/v1/connect/contests,GET,backend,exercised-by-live-e2e,e2e:frontend-web/tests/e2e/cross/cross-002-contest-lifecycle.spec.ts|e2e-via-bff(app/api/v1/connect/[...path]/route.ts):frontend-web/tests/e2e/cross/cross-002-contest-lifecycle.spec.ts|e2e-results:docs/e2e/results/cross.md
/api/v1/connect/contests/:id,GET,backend,uncovered,
/api/v1/connect/contests/:id/contestants,GET,backend,uncovered,
/api/v1/connect/contests/:id/evictions,GET,backend,uncovered,
/api/v1/connect/contests/:id/free-vote-allowance,GET,backend,uncovered,
/api/v1/connect/contests/:id/paid-vote,POST,backend,uncovered,
/api/v1/connect/contests/:id/results,GET,backend,uncovered,
/api/v1/connect/contests/:id/stages,GET,backend,uncovered,
/api/v1/connect/contests/:id/stages/:stageNum/contestants,GET,backend,uncovered,
/api/v1/connect/contests/:id/vote,POST,backend,uncovered,
/api/v1/connect/creator/share/:token,GET,backend,uncovered,
/api/v1/connect/notifications,GET,backend,uncovered,
/api/v1/connect/support/tickets,POST,backend,uncovered,
/api/v1/connect/support/tickets,GET,backend,uncovered,
/api/v1/connect/support/tickets/:id,GET,backend,uncovered,
/api/v1/connect/support/tickets/:id,PATCH,backend,uncovered,
/api/v1/connect/support/tickets/:id/messages,POST,backend,uncovered,
/api/v1/connect/support/tickets/:id/messages,GET,backend,uncovered,
/api/v1/connect/votes/:id,GET,backend,uncovered,
/api/v1/connect/votes/mine,GET,backend,uncovered,
/api/creators/admin/creators/:creatorId/approve,POST,backend,exercised-by-live-e2e,e2e:frontend-web/tests/e2e/social/soc-005-creators-events.spec.ts|e2e-results:docs/e2e/results/social.md|unit:backend/internal/app/admin_group_top5_auth_test.go
/api/creators/admin/creators/:creatorId/suspend,POST,backend,uncovered,
/api/creators/admin/creators/content/:contentId/moderate,POST,backend,uncovered,
/api/creators/admin/creators/payouts/:payoutId/paid,POST,backend,uncovered,
/api/finance/creators/creators-directory,GET,backend,exercised-by-live-e2e,e2e-via-bff(app/api/v1/creators/[...path]/route.ts):frontend-web/tests/e2e/social/soc-001-discovery.spec.ts|e2e-via-bff(app/api/v1/creators/[...path]/route.ts):frontend-web/tests/e2e/social/soc-005-creators-events.spec.ts
/api/finance/creators/creators/:creatorId,GET,backend,uncovered,
/api/finance/creators/creators/:creatorId/tip,POST,backend,uncovered,
/api/finance/creators/creators/apply,POST,backend,exercised-by-live-e2e,e2e-via-bff(app/api/v1/creators/[...path]/route.ts):frontend-web/tests/e2e/social/soc-005-creators-events.spec.ts|e2e-via-bff(app/api/v1/creators/[...path]/route.ts):frontend-web/tests/e2e/social/soc-006-edge.spec.ts|e2e-via-bff(app/api/v1/creators/[...path]/route.ts):docs/e2e/results/social.md
/api/finance/creators/creators/content,POST,backend,uncovered,
/api/finance/creators/creators/content/:contentId,GET,backend,uncovered,
/api/finance/creators/creators/content/:contentId/purchase,POST,backend,uncovered,
/api/finance/creators/creators/earnings/balance,GET,backend,uncovered,
/api/finance/creators/creators/payouts,POST,backend,uncovered,
/api/finance/creators/creators/subscriptions/:subId/cancel,POST,backend,uncovered,
/api/finance/creators/creators/tiers,POST,backend,uncovered,
/api/finance/creators/creators/tiers/:tierId/subscribe,POST,backend,uncovered,
/api/finance/creators/my-creator/content,GET,backend,uncovered,
/api/finance/creators/my-creator/subscriptions,GET,backend,uncovered,
/api/crowdfunding/admin/campaign-directory,GET,backend,uncovered,
/api/crowdfunding/admin/campaigns/:id/backers,GET,backend,uncovered,
/api/crowdfunding/admin/campaigns/:id/flags,PATCH,backend,exercised-by-unit-or-integration-test,unit:backend/internal/crowdfunding/adminext/routes_authz_test.go
/api/crowdfunding/admin/campaigns/:id/freeze,POST,backend,uncovered,
/api/crowdfunding/admin/campaigns/:id/funding,GET,backend,uncovered,
/api/crowdfunding/admin/campaigns/:id/unfreeze,POST,backend,uncovered,
/api/crowdfunding/admin/compliance/audit-logs,GET,backend,uncovered,
/api/crowdfunding/admin/compliance/data-requests,GET,backend,uncovered,
/api/crowdfunding/admin/compliance/data-requests/:id/fulfil,POST,backend,uncovered,
/api/crowdfunding/admin/compliance/summary,GET,backend,uncovered,
/api/crowdfunding/admin/config/categories,GET,backend,uncovered,
/api/crowdfunding/admin/config/categories/:id,PATCH,backend,uncovered,
/api/crowdfunding/admin/config/fees,GET,backend,exercised-by-unit-or-integration-test,unit:backend/internal/crowdfunding/adminext/routes_authz_test.go
/api/crowdfunding/admin/config/fees,PUT,backend,exercised-by-unit-or-integration-test,unit:backend/internal/crowdfunding/adminext/routes_authz_test.go
/api/crowdfunding/admin/config/flags,GET,backend,uncovered,
/api/crowdfunding/admin/config/flags/:key,PATCH,backend,uncovered,
/api/crowdfunding/admin/disputes,GET,backend,uncovered,
/api/crowdfunding/admin/disputes/:id/resolve,POST,backend,uncovered,
/api/crowdfunding/admin/feature-requests,GET,backend,uncovered,
/api/crowdfunding/admin/feature-requests/:id/approve,POST,backend,exercised-by-unit-or-integration-test,unit:backend/internal/crowdfunding/adminext/routes_authz_test.go
/api/crowdfunding/admin/feature-requests/:id/reject,POST,backend,uncovered,
/api/crowdfunding/admin/featured,GET,backend,exercised-by-unit-or-integration-test,unit:backend/internal/crowdfunding/adminext/routes_authz_test.go
/api/crowdfunding/admin/featured/report,GET,backend,uncovered,
/api/crowdfunding/admin/finance/summary,GET,backend,uncovered,
/api/crowdfunding/admin/fraud-alerts,GET,backend,uncovered,
/api/crowdfunding/admin/kyc,GET,backend,uncovered,
/api/crowdfunding/admin/kyc/:id/approve,POST,backend,uncovered,
/api/crowdfunding/admin/kyc/:id/reject,POST,backend,uncovered,
/api/crowdfunding/admin/refunds,GET,backend,uncovered,
/api/crowdfunding/admin/refunds/:id/approve,POST,backend,uncovered,
/api/crowdfunding/admin/refunds/:id/reject,POST,backend,uncovered,
/api/crowdfunding/admin/settlements,GET,backend,uncovered,
/api/crowdfunding/admin/users,GET,backend,uncovered,
/api/crowdfunding/admin/users/:id/status,POST,backend,uncovered,
/api/crowdfunding/admin/withdrawals,GET,backend,exercised-by-unit-or-integration-test,unit:backend/internal/crowdfunding/adminext/routes_authz_test.go
/api/crowdfunding/admin/withdrawals/:id/approve,POST,backend,exercised-by-unit-or-integration-test,unit:backend/internal/crowdfunding/adminext/routes_authz_test.go
/api/crowdfunding/admin/withdrawals/:id/reject,POST,backend,uncovered,
/api/finance/crowdfunding/campaigns/:id/contributors,GET,backend,uncovered,
/api/finance/crowdfunding/campaigns/:id/milestones,GET,backend,uncovered,
/api/finance/crowdfunding/campaigns/:id/save,POST,backend,uncovered,
/api/finance/crowdfunding/campaigns/:id/save,DELETE,backend,uncovered,
/api/finance/crowdfunding/contributions,GET,backend,uncovered,
/api/finance/crowdfunding/contributions/:id,GET,backend,uncovered,
/api/finance/crowdfunding/contributions/:id/refund-request,POST,backend,uncovered,
/api/finance/crowdfunding/creator/campaigns,GET,backend,uncovered,
/api/finance/crowdfunding/creator/campaigns/:id,PATCH,backend,uncovered,
/api/finance/crowdfunding/creator/campaigns/:id,DELETE,backend,uncovered,
/api/finance/crowdfunding/creator/campaigns/:id/analytics,GET,backend,uncovered,
/api/finance/crowdfunding/creator/campaigns/:id/feature-request,POST,backend,uncovered,
/api/finance/crowdfunding/creator/campaigns/:id/feature-request,DELETE,backend,uncovered,
/api/finance/crowdfunding/creator/campaigns/:id/pause,POST,backend,uncovered,
/api/finance/crowdfunding/creator/campaigns/:id/resume,POST,backend,uncovered,
/api/finance/crowdfunding/creator/campaigns/:id/unfeature,POST,backend,uncovered,
/api/finance/crowdfunding/creator/contributions,GET,backend,uncovered,
/api/finance/crowdfunding/creator/notifications,GET,backend,uncovered,
/api/finance/crowdfunding/creator/stats,GET,backend,uncovered,
/api/finance/crowdfunding/creator/withdrawals,GET,backend,uncovered,
/api/finance/crowdfunding/recently-viewed,GET,backend,uncovered,
/api/finance/crowdfunding/rewards/backers,GET,backend,uncovered,
/api/finance/crowdfunding/rewards/fulfilment/:id,PUT,backend,uncovered,
/api/finance/crowdfunding/saved-campaigns,GET,backend,uncovered,
/api/finance/crowdfunding/csr/campaigns,GET,backend,uncovered,
/api/finance/crowdfunding/csr/campaigns/:id,GET,backend,uncovered,
/api/finance/crowdfunding/csr/employee-giving,GET,backend,uncovered,
/api/finance/crowdfunding/csr/impact,GET,backend,uncovered,
/api/finance/crowdfunding/csr/invoices,GET,backend,uncovered,
/api/finance/crowdfunding/csr/matches,GET,backend,uncovered,
/api/finance/crowdfunding/csr/matches,POST,backend,uncovered,
/api/finance/crowdfunding/csr/matches/:id/approve,POST,backend,uncovered,
/api/finance/crowdfunding/csr/profile,GET,backend,uncovered,
/api/finance/crowdfunding/campaigns/:id/broadcast,POST,backend,uncovered,
/api/finance/crowdfunding/campaigns/:id/comments,GET,backend,uncovered,
/api/finance/crowdfunding/campaigns/:id/comments,POST,backend,uncovered,
/api/finance/crowdfunding/campaigns/:id/documents,GET,backend,uncovered,
/api/finance/crowdfunding/campaigns/:id/documents,POST,backend,uncovered,
/api/finance/crowdfunding/campaigns/:id/events,POST,backend,uncovered,
/api/finance/crowdfunding/campaigns/:id/updates,GET,backend,uncovered,
/api/finance/crowdfunding/campaigns/:id/updates,POST,backend,uncovered,
/api/finance/crowdfunding/comments/:commentId/reply,POST,backend,uncovered,
/api/finance/crowdfunding/comments/:commentId/report,POST,backend,uncovered,
/api/finance/crowdfunding/help,GET,backend,uncovered,
/api/finance/crowdfunding/notifications,GET,backend,uncovered,
/api/finance/crowdfunding/notifications/read,POST,backend,uncovered,
/api/finance/crowdfunding/settings/notifications,GET,backend,uncovered,
/api/finance/crowdfunding/settings/notifications,PUT,backend,uncovered,
/api/finance/crowdfunding/support/tickets,GET,backend,uncovered,
/api/finance/crowdfunding/support/tickets,POST,backend,uncovered,
/api/finance/crowdfunding/support/tickets/:id,GET,backend,uncovered,
/api/finance/crowdfunding/support/tickets/:id/reply,POST,backend,uncovered,
/api/finance/crowdfunding/updates/:updateId/like,POST,backend,uncovered,
/api/finance/crowdfunding/investment/education,GET,backend,uncovered,
/api/finance/crowdfunding/investment/offers,GET,backend,uncovered,
/api/finance/crowdfunding/investment/offers/:id,GET,backend,uncovered,
/api/finance/crowdfunding/investment/onboarding,POST,backend,uncovered,
/api/finance/crowdfunding/investment/portfolio,GET,backend,uncovered,
/api/finance/crowdfunding/investment/profile,GET,backend,uncovered,
/api/finance/crowdfunding/investment/quiz,GET,backend,uncovered,
/api/finance/crowdfunding/investment/subscribe,POST,backend,uncovered,
/api/finance/crowdfunding/bank-accounts,GET,backend,uncovered,
/api/finance/crowdfunding/campaigns/:id/ledger,GET,backend,uncovered,
/api/finance/crowdfunding/campaigns/:id/wallet,GET,backend,uncovered,
/api/finance/crowdfunding/campaigns/:id/withdrawal-request,POST,backend,uncovered,
/api/finance/crowdfunding/ledger/:id,GET,backend,uncovered,
/api/v1/admin/crypto/addresses,GET,backend,uncovered,
/api/v1/admin/crypto/addresses/:id/decision,POST,backend,uncovered,
/api/v1/admin/crypto/assets,GET,backend,uncovered,
/api/v1/admin/crypto/assets,POST,backend,uncovered,
/api/v1/admin/crypto/orders,GET,backend,uncovered,
/api/v1/admin/crypto/reconciliation,GET,backend,uncovered,
/api/v1/admin/crypto/swaps,GET,backend,uncovered,
/api/v1/admin/crypto/withdrawals,GET,backend,uncovered,
/api/v1/admin/crypto/withdrawals/:id/decision,POST,backend,uncovered,
/api/v1/crypto/addresses,GET,backend,uncovered,
/api/v1/crypto/addresses,POST,backend,uncovered,
/api/v1/crypto/addresses/:id,DELETE,backend,uncovered,
/api/v1/crypto/addresses/screen,POST,backend,uncovered,
/api/v1/crypto/assets,GET,backend,uncovered,
/api/v1/crypto/assets/:id/chart,GET,backend,uncovered,
/api/v1/crypto/assets/:id/quote,GET,backend,uncovered,
/api/v1/crypto/deposit-address,GET,backend,uncovered,
/api/v1/crypto/markets,GET,backend,uncovered,
/api/v1/crypto/orders,GET,backend,uncovered,
/api/v1/crypto/orders/buy,POST,backend,uncovered,
/api/v1/crypto/orders/sell,POST,backend,uncovered,
/api/v1/crypto/portfolio,GET,backend,uncovered,
/api/v1/crypto/portfolio/holdings,GET,backend,uncovered,
/api/v1/crypto/swap,POST,backend,uncovered,
/api/v1/crypto/swap/orders,GET,backend,uncovered,
/api/v1/crypto/swap/quote,POST,backend,uncovered,
/api/v1/crypto/transactions/:id,GET,backend,uncovered,
/api/v1/crypto/withdrawals,POST,backend,uncovered,
/api/v1/crypto/withdrawals,GET,backend,uncovered,
/api/v1/crypto/withdrawals/:id,GET,backend,uncovered,
/api/v1/crypto/withdrawals/:id/confirm,POST,backend,uncovered,
/api/v1/crypto/withdrawals/eligibility,GET,backend,uncovered,
/api/v1/crypto/withdrawals/quote,POST,backend,uncovered,
/api/v1/crypto/internal/onchain-balance,POST,backend,uncovered,
/api/finance/estate/:id/dues/invoices/:invoiceId/pay/paystack/initiate,POST,backend,uncovered,
/api/finance/estate/:id/dues/paystack/:reference/status,GET,backend,uncovered,
/api/finance/commission/calculate,POST,backend,uncovered,
/api/finance/commission/config,GET,backend,uncovered,
/api/finance/commission/config,POST,backend,uncovered,
/api/finance/commission/config/:id,PUT,backend,uncovered,
/api/finance/commission/config/:id/toggle,POST,backend,uncovered,
/api/finance/commission/earnings,GET,backend,uncovered,
/api/finance/commission/report,GET,backend,uncovered,
/api/finance/fractionalre/activate,POST,backend,uncovered,
/api/finance/fractionalre/admin/assets,GET,backend,uncovered,
/api/finance/fractionalre/admin/assets,POST,backend,uncovered,
/api/finance/fractionalre/admin/assets/:id,GET,backend,uncovered,
/api/finance/fractionalre/admin/assets/:id,PATCH,backend,uncovered,
/api/finance/fractionalre/admin/assets/:id/cap-table,GET,backend,uncovered,
/api/finance/fractionalre/admin/assets/:id/rounds,POST,backend,uncovered,
/api/finance/fractionalre/admin/assets/:id/title-verify,POST,backend,uncovered,
/api/finance/fractionalre/admin/assets/:id/transition,POST,backend,uncovered,
/api/finance/fractionalre/admin/audit,GET,backend,uncovered,
/api/finance/fractionalre/admin/cap-table/transfer,POST,backend,uncovered,
/api/finance/fractionalre/admin/compliance/dashboard,GET,backend,uncovered,
/api/finance/fractionalre/admin/dashboard,GET,backend,uncovered,
/api/finance/fractionalre/admin/distributions,POST,backend,uncovered,
/api/finance/fractionalre/admin/distributions,GET,backend,uncovered,
/api/finance/fractionalre/admin/distributions/:id/approve,POST,backend,uncovered,
/api/finance/fractionalre/admin/distributions/:id/preview,GET,backend,uncovered,
/api/finance/fractionalre/admin/distributions/:id/submit,POST,backend,uncovered,
/api/finance/fractionalre/admin/documents,GET,backend,uncovered,
/api/finance/fractionalre/admin/documents/presign,POST,backend,uncovered,
/api/finance/fractionalre/admin/finance/escrow,GET,backend,uncovered,
/api/finance/fractionalre/admin/finance/fees,GET,backend,uncovered,
/api/finance/fractionalre/admin/finance/reconciliation,GET,backend,uncovered,
/api/finance/fractionalre/admin/finance/refunds/:roundId,POST,backend,uncovered,
/api/finance/fractionalre/admin/investors,GET,backend,uncovered,
/api/finance/fractionalre/admin/investors/:id,GET,backend,uncovered,
/api/finance/fractionalre/admin/investors/:id/classify,POST,backend,uncovered,
/api/finance/fractionalre/admin/investors/:id/limit,GET,backend,uncovered,
/api/finance/fractionalre/admin/investors/:id/limit-override,POST,backend,uncovered,
/api/finance/fractionalre/admin/kyc/:userId/decision,POST,backend,uncovered,
/api/finance/fractionalre/admin/kyc/queue,GET,backend,uncovered,
/api/finance/fractionalre/admin/market/controls,GET,backend,uncovered,
/api/finance/fractionalre/admin/market/controls,PUT,backend,uncovered,
/api/finance/fractionalre/admin/market/listings,GET,backend,uncovered,
/api/finance/fractionalre/admin/market/listings/:id/halt,POST,backend,uncovered,
/api/finance/fractionalre/admin/rounds,GET,backend,uncovered,
/api/finance/fractionalre/admin/rounds/:id,GET,backend,uncovered,
/api/finance/fractionalre/admin/rounds/:id/allocate,POST,backend,uncovered,
/api/finance/fractionalre/admin/rounds/:id/close,POST,backend,uncovered,
/api/finance/fractionalre/admin/rounds/:id/extend,POST,backend,uncovered,
/api/finance/fractionalre/admin/rounds/:id/refund,POST,backend,uncovered,
/api/finance/fractionalre/admin/sponsors,GET,backend,uncovered,
/api/finance/fractionalre/admin/sponsors,POST,backend,uncovered,
/api/finance/fractionalre/auto-invest,GET,backend,uncovered,
/api/finance/fractionalre/auto-invest,POST,backend,uncovered,
/api/finance/fractionalre/auto-invest/:id/pause,POST,backend,uncovered,
/api/finance/fractionalre/beneficiaries,GET,backend,uncovered,
/api/finance/fractionalre/beneficiaries,POST,backend,uncovered,
/api/finance/fractionalre/beneficiaries/:id,DELETE,backend,uncovered,
/api/finance/fractionalre/certificates/:investmentId,GET,backend,uncovered,
/api/finance/fractionalre/documents,GET,backend,uncovered,
/api/finance/fractionalre/goals,GET,backend,uncovered,
/api/finance/fractionalre/goals,POST,backend,uncovered,
/api/finance/fractionalre/market,GET,backend,uncovered,
/api/finance/fractionalre/market/list,POST,backend,uncovered,
/api/finance/fractionalre/market/listings/:id/buy,POST,backend,uncovered,
/api/finance/fractionalre/market/orders,GET,backend,uncovered,
/api/finance/fractionalre/me,GET,backend,uncovered,
/api/finance/fractionalre/offerings,GET,backend,uncovered,
/api/finance/fractionalre/offerings/:id,GET,backend,uncovered,
/api/finance/fractionalre/offerings/:id/limit-check,POST,backend,uncovered,
/api/finance/fractionalre/offerings/:id/subscribe,POST,backend,uncovered,
/api/finance/fractionalre/offerings/:id/watch,POST,backend,uncovered,
/api/finance/fractionalre/offerings/:id/watch,DELETE,backend,uncovered,
/api/finance/fractionalre/portfolio,GET,backend,uncovered,
/api/finance/fractionalre/portfolio/holdings,GET,backend,uncovered,
/api/finance/fractionalre/portfolio/holdings/:id,GET,backend,uncovered,
/api/finance/fractionalre/portfolio/payouts,GET,backend,uncovered,
/api/finance/fractionalre/portfolio/statements,GET,backend,uncovered,
/api/finance/fractionalre/referrals,GET,backend,uncovered,
/api/finance/fractionalre/risk-ack,POST,backend,uncovered,
/api/finance/fractionalre/suitability,POST,backend,uncovered,
/api/finance/fractionalre/watchlist,GET,backend,uncovered,
/api/finance/health/triage/emergency/nearest,GET,backend,uncovered,
/api/finance/health/triage/referrals,GET,backend,uncovered,
/api/finance/health/triage/referrals/:id/pay,POST,backend,uncovered,
/api/finance/health/triage/sessions/:id/refer,POST,backend,uncovered,
/api/health/triage/admin/escalations,GET,backend,uncovered,
/api/health/triage/admin/escalations/:id/ack,POST,backend,uncovered,
/api/health/triage/admin/escalations/:id/resolve,POST,backend,uncovered,
/api/finance/health/triage/profiles,GET,backend,uncovered,
/api/finance/health/triage/profiles,POST,backend,uncovered,
/api/finance/health/triage/sessions,POST,backend,uncovered,
/api/finance/health/triage/sessions/:id,GET,backend,uncovered,
/api/finance/health/triage/sessions/:id/answer,POST,backend,uncovered,
/api/finance/health/triage/sessions/:id/intake,POST,backend,uncovered,
/api/health/triage/admin/triage/sessions/:id,GET,backend,uncovered,
/api/health/triage/admin/content,GET,backend,uncovered,
/api/health/triage/admin/content,POST,backend,uncovered,
/api/health/triage/admin/content/:id,PUT,backend,uncovered,
/api/health/triage/admin/content/:id/:action,POST,backend,uncovered,
/api/health/triage/admin/language-packs,GET,backend,uncovered,
/api/health/triage/admin/language-packs,POST,backend,uncovered,
/api/health/triage/admin/rules,GET,backend,uncovered,
/api/health/triage/admin/rules,POST,backend,uncovered,
/api/health/triage/admin/rules/:id,PUT,backend,uncovered,
/api/health/triage/admin/rules/:id/:action,POST,backend,uncovered,
/api/health/triage/admin/validation/run,POST,backend,uncovered,
/api/health/triage/admin/vignettes,GET,backend,uncovered,
/api/health/triage/admin/vignettes,POST,backend,uncovered,
/internal/webhooks/triage/whatsapp,POST,backend,internal-or-infra-only,
/api/finance/insurance/claims,POST,backend,uncovered,
/api/finance/insurance/claims,GET,backend,uncovered,
/api/finance/insurance/claims/:id,GET,backend,uncovered,
/api/finance/insurance/claims/:id/evidence,POST,backend,uncovered,
/api/finance/insurance/claims/:id/evidence,GET,backend,uncovered,
/api/insurance/admin/claims,GET,backend,uncovered,
/api/insurance/admin/claims/:id,GET,backend,uncovered,
/api/insurance/admin/claims/:id/decision,POST,backend,uncovered,
/api/finance/insurance/embedded/events,POST,backend,uncovered,
/api/finance/insurance/embedded/events,GET,backend,uncovered,
/api/insurance/admin/commission,GET,backend,uncovered,
/api/insurance/admin/commission/:policy_id/confirm,POST,backend,uncovered,
/api/insurance/admin/commission/:policy_id/reverse,POST,backend,uncovered,
/api/insurance/admin/reconciliation,GET,backend,uncovered,
/api/insurance/admin/reconciliation/:id/resolve,POST,backend,uncovered,
/api/insurance/admin/reconciliation/match,POST,backend,uncovered,
/internal/webhooks/mycover,POST,backend,internal-or-infra-only,
/internal/webhooks/octamile,POST,backend,internal-or-infra-only,
/api/v1/admin/invest/assets,GET,backend,uncovered,
/api/v1/admin/invest/assets,POST,backend,uncovered,
/api/v1/admin/invest/assets/:id,PATCH,backend,uncovered,
/api/v1/admin/invest/audit,GET,backend,uncovered,
/api/v1/admin/invest/corporate-actions,GET,backend,uncovered,
/api/v1/admin/invest/corporate-actions,POST,backend,uncovered,
/api/v1/admin/invest/dividends,GET,backend,uncovered,
/api/v1/admin/invest/dividends,POST,backend,uncovered,
/api/v1/admin/invest/fees,GET,backend,uncovered,
/api/v1/admin/invest/fees,PUT,backend,uncovered,
/api/v1/admin/invest/orders,GET,backend,uncovered,
/api/v1/admin/invest/orders/failed,GET,backend,uncovered,
/api/v1/admin/invest/overview,GET,backend,uncovered,
/api/v1/admin/invest/providers/health,GET,backend,internal-or-infra-only,
/api/v1/admin/invest/reconciliation,GET,backend,uncovered,
/api/v1/admin/invest/settlement/pending,GET,backend,uncovered,
/api/v1/admin/invest/settlement/run,POST,backend,uncovered,
/api/v1/invest/activate,POST,backend,uncovered,
/api/v1/invest/agreements,GET,backend,uncovered,
/api/v1/invest/agreements/accept,POST,backend,uncovered,
/api/v1/invest/alerts,GET,backend,uncovered,
/api/v1/invest/alerts,POST,backend,uncovered,
/api/v1/invest/alerts/:id,PATCH,backend,uncovered,
/api/v1/invest/alerts/:id,DELETE,backend,uncovered,
/api/v1/invest/eligibility,GET,backend,uncovered,
/api/v1/invest/portfolio,GET,backend,uncovered,
/api/v1/invest/portfolio/performance,GET,backend,uncovered,
/api/v1/invest/portfolio/positions,GET,backend,uncovered,
/api/v1/invest/profile,GET,backend,uncovered,
/api/v1/invest/public-offers,GET,backend,uncovered,
/api/v1/invest/public-offers/:id,GET,backend,uncovered,
/api/v1/invest/public-offers/:id/apply,POST,backend,uncovered,
/api/v1/invest/public-offers/applications,GET,backend,uncovered,
/api/v1/invest/rights-issues,GET,backend,uncovered,
/api/v1/invest/rights-issues/:id,GET,backend,uncovered,
/api/v1/invest/rights-issues/:id/accept,POST,backend,uncovered,
/api/v1/invest/rights-issues/applications,GET,backend,uncovered,
/api/v1/invest/security/pin,GET,backend,uncovered,
/api/v1/invest/security/pin,POST,backend,uncovered,
/api/v1/invest/start,POST,backend,uncovered,
/api/v1/invest/suitability/questions,GET,backend,uncovered,
/api/v1/invest/suitability/result,GET,backend,uncovered,
/api/v1/invest/suitability/submit,POST,backend,uncovered,
/api/v1/invest/wallet,GET,backend,uncovered,
/api/v1/invest/wallet/deposit,POST,backend,uncovered,
/api/v1/invest/wallet/transactions,GET,backend,uncovered,
/api/v1/invest/wallet/withdraw,POST,backend,uncovered,
/api/v1/invest/watchlists,GET,backend,uncovered,
/api/v1/invest/watchlists,POST,backend,uncovered,
/api/v1/invest/watchlists/:id,PATCH,backend,uncovered,
/api/v1/invest/watchlists/:id,DELETE,backend,uncovered,
/api/v1/invest/watchlists/:id/stocks,POST,backend,uncovered,
/api/v1/invest/watchlists/:id/stocks/:assetId,DELETE,backend,uncovered,
/api/v1/invest/webhooks/broker,POST,backend,internal-or-infra-only,
/api/v1/stocks,GET,backend,uncovered,
/api/v1/stocks/:symbol,GET,backend,uncovered,
/api/v1/stocks/:symbol/chart,GET,backend,uncovered,
/api/v1/stocks/:symbol/corporate-actions,GET,backend,uncovered,
/api/v1/stocks/:symbol/dividends,GET,backend,uncovered,
/api/v1/stocks/:symbol/news,GET,backend,uncovered,
/api/v1/stocks/market-status,GET,backend,uncovered,
/api/v1/stocks/orders,GET,backend,uncovered,
/api/v1/stocks/orders/:id,GET,backend,uncovered,
/api/v1/stocks/orders/:id/cancel,POST,backend,uncovered,
/api/v1/stocks/orders/buy,POST,backend,uncovered,
/api/v1/stocks/orders/estimate,POST,backend,uncovered,
/api/v1/stocks/orders/sell,POST,backend,uncovered,
/api/v1/stocks/search,GET,backend,uncovered,
/api/v1/spotlight/chat,POST,backend,uncovered,
/api/v1/spotlight/explain-asset,POST,backend,uncovered,
/api/v1/spotlight/sessions,GET,backend,uncovered,
/api/v1/spotlight/sessions/:id/messages,GET,backend,uncovered,
/api/placement/admin/glossary,POST,backend,uncovered,
/api/placement/admin/glossary/:term,DELETE,backend,uncovered,
/api/placement/admin/lessons,POST,backend,uncovered,
/api/placement/admin/lessons/:id,PUT,backend,uncovered,
/api/placement/admin/lessons/:id,DELETE,backend,uncovered,
/api/placement/admin/paths,GET,backend,uncovered,
/api/placement/admin/paths,POST,backend,uncovered,
/api/placement/admin/paths/:id,PUT,backend,uncovered,
/api/placement/admin/paths/:id,DELETE,backend,uncovered,
/api/placement/admin/quizzes,POST,backend,uncovered,
/api/placement/admin/quizzes/:id,GET,backend,uncovered,
/api/placement/admin/quizzes/:id,PUT,backend,uncovered,
/api/placement/admin/quizzes/:id,DELETE,backend,uncovered,
/api/v1/spotlight/glossary,GET,backend,uncovered,
/api/v1/spotlight/lessons/:id,GET,backend,uncovered,
/api/v1/spotlight/lessons/:id/quiz,GET,backend,uncovered,
/api/v1/spotlight/paths,GET,backend,uncovered,
/api/v1/spotlight/paths/:id,GET,backend,uncovered,
/api/v1/spotlight/quizzes/:id/submit,POST,backend,uncovered,
/api/finance/loyalty/black/me,GET,backend,uncovered,
/api/finance/loyalty/black/perks,GET,backend,uncovered,
/api/finance/loyalty/black/redeem,POST,backend,uncovered,
/api/loyalty/admin/black/cancel,POST,backend,uncovered,
/api/loyalty/admin/black/enroll,POST,backend,uncovered,
/api/loyalty/admin/black/partner-settlement,POST,backend,uncovered,
/api/finance/loyalty/me,GET,backend,exercised-by-live-e2e,e2e:frontend-web/tests/e2e/finance/fin-005-points-cashtag.spec.ts|e2e-via-bff(app/api/finance/[...path]/route.ts):frontend-web/tests/e2e/finance/fin-005-points-cashtag.spec.ts|e2e:frontend-web/tests/e2e/finance/fin-007-edge.spec.ts|e2e-via-bff(app/api/finance/[...path]/route.ts):frontend-web/tests/e2e/finance/fin-007-edge.spec.ts
/api/finance/loyalty/redeem,POST,backend,uncovered,
/api/finance/loyalty/rewards,GET,backend,exercised-by-live-e2e,e2e:frontend-web/tests/e2e/finance/fin-005-points-cashtag.spec.ts|e2e-via-bff(app/api/finance/[...path]/route.ts):frontend-web/tests/e2e/finance/fin-005-points-cashtag.spec.ts
/api/finance/loyalty/tiers,GET,backend,exercised-by-live-e2e,e2e:frontend-web/tests/e2e/finance/fin-005-points-cashtag.spec.ts|e2e-via-bff(app/api/finance/[...path]/route.ts):frontend-web/tests/e2e/finance/fin-005-points-cashtag.spec.ts|e2e:frontend-web/tests/e2e/finance/fin-007-edge.spec.ts|e2e-via-bff(app/api/finance/[...path]/route.ts):frontend-web/tests/e2e/finance/fin-007-edge.spec.ts
/api/loyalty/admin/memberships/:userId,GET,backend,uncovered,
/api/finance/maps/autocomplete,POST,backend,exercised-by-unit-or-integration-test,unit:backend/internal/maps/maps_test.go
/api/finance/maps/basemap,GET,backend,uncovered,
/api/finance/maps/geocode,POST,backend,exercised-by-unit-or-integration-test,unit:backend/internal/maps/maps_test.go
/api/finance/maps/in-zone,POST,backend,uncovered,
/api/finance/maps/locations,POST,backend,uncovered,
/api/finance/maps/match,POST,backend,uncovered,
/api/finance/maps/matrix,POST,backend,uncovered,
/api/finance/maps/metrics,GET,backend,internal-or-infra-only,
/api/finance/maps/nearby,POST,backend,uncovered,
/api/finance/maps/places,POST,backend,uncovered,
/api/finance/maps/reverse,POST,backend,uncovered,
/api/finance/maps/route,POST,backend,uncovered,
/api/finance/maps/usage,GET,backend,uncovered,
/api/maps/admin/contributions,GET,backend,uncovered,
/api/maps/admin/contributions/:id/review,POST,backend,uncovered,
/api/maps/admin/dashboard,GET,backend,uncovered,
/api/maps/admin/events,GET,backend,uncovered,
/api/maps/admin/providers,GET,backend,uncovered,
/autocomplete,POST,backend,uncovered,
/basemap,GET,backend,uncovered,
/geocode,POST,backend,uncovered,
/in-zone,POST,backend,uncovered,
/locations,POST,backend,uncovered,
/match,POST,backend,uncovered,
/matrix,POST,backend,uncovered,
/metrics,GET,backend,internal-or-infra-only,
/nearby,POST,backend,uncovered,
/places,POST,backend,uncovered,
/reverse,POST,backend,uncovered,
/route,POST,backend,uncovered,
/usage,GET,backend,uncovered,
/api/v1/admin/modules,GET,backend,uncovered,
/api/v1/admin/modules/:key/history,GET,backend,uncovered,
/api/v1/admin/modules/:key/lifecycle,PATCH,backend,uncovered,
/api/v1/admin/modules/:key/visibility,PATCH,backend,uncovered,
/api/v1/admin/modules/users/:userId/grants,GET,backend,uncovered,
/api/v1/admin/modules/users/:userId/grants,POST,backend,uncovered,
/api/v1/admin/modules/users/:userId/grants/:moduleKey,DELETE,backend,uncovered,
/api/v1/modules/visibility,GET,backend,uncovered,
/api/arena/admin/composition,POST,backend,uncovered,
/api/arena/admin/consults,GET,backend,uncovered,
/api/arena/admin/consults/:id/resolve,POST,backend,uncovered,
/api/arena/admin/library,POST,backend,uncovered,
/api/arena/admin/payouts,GET,backend,uncovered,
/api/arena/admin/reresolve,POST,backend,uncovered,
/api/arena/admin/resolve,POST,backend,uncovered,
/api/arena/nutrition/cart/summary,GET,backend,uncovered,
/api/arena/nutrition/cart/summary,POST,backend,uncovered,
/api/arena/nutrition/dishes/:dishId,GET,backend,uncovered,
/api/arena/nutrition/dishes/:dishId/allergens,POST,backend,uncovered,
/api/arena/nutrition/dishes/:dishId/approve,POST,backend,uncovered,
/api/arena/nutrition/dishes/:dishId/edit,POST,backend,uncovered,
/api/arena/nutrition/dishes/:dishId/recipe,POST,backend,uncovered,
/api/arena/nutrition/menus/:menuId/approve-all,POST,backend,uncovered,
/api/arena/nutrition/menus/:menuId/auto-suggest,POST,backend,uncovered,
/api/admin/onboarding/applications/:id,GET,backend,uncovered,
/api/admin/onboarding/applications/:id/approve,POST,backend,uncovered,
/api/admin/onboarding/applications/:id/escalate,POST,backend,uncovered,
/api/admin/onboarding/applications/:id/reject,POST,backend,uncovered,
/api/admin/onboarding/applications/:id/request-info,POST,backend,uncovered,
/api/admin/onboarding/merchant-types,POST,backend,uncovered,
/api/admin/onboarding/merchant-types/:id/form-schemas,POST,backend,uncovered,
/api/admin/onboarding/modules,POST,backend,uncovered,
/api/admin/onboarding/review-queue,GET,backend,uncovered,
/api/v1/me/capabilities,GET,backend,uncovered,
/api/v1/onboarding/applications,POST,backend,uncovered,
/api/v1/onboarding/applications/:id,PATCH,backend,uncovered,
/api/v1/onboarding/applications/:id,GET,backend,uncovered,
/api/v1/onboarding/applications/:id/resubmit,POST,backend,uncovered,
/api/v1/onboarding/applications/:id/submit,POST,backend,uncovered,
/api/v1/onboarding/form-schemas/:id,GET,backend,uncovered,
/api/v1/onboarding/merchant-types/:id,GET,backend,uncovered,
/api/v1/onboarding/modules,GET,backend,uncovered,
/api/v1/onboarding/modules/:id/merchant-types,GET,backend,uncovered,
/api/finance/p2p/p2p/listings,POST,backend,exercised-by-live-e2e,e2e-via-bff(app/api/v1/p2p/[...path]/route.ts):frontend-web/tests/e2e/social/soc-001-discovery.spec.ts|e2e:frontend-web/tests/e2e/social/soc-001-discovery.spec.ts|e2e-via-bff(app/api/finance/[...path]/route.ts):frontend-web/tests/e2e/social/soc-001-discovery.spec.ts|e2e:frontend-web/tests/e2e/social/soc-005-creators-events.spec.ts
/api/finance/p2p/p2p/listings,GET,backend,exercised-by-live-e2e,e2e-via-bff(app/api/v1/p2p/[...path]/route.ts):frontend-web/tests/e2e/social/soc-001-discovery.spec.ts|e2e:frontend-web/tests/e2e/social/soc-001-discovery.spec.ts|e2e-via-bff(app/api/finance/[...path]/route.ts):frontend-web/tests/e2e/social/soc-001-discovery.spec.ts|e2e:frontend-web/tests/e2e/social/soc-005-creators-events.spec.ts
/api/finance/p2p/p2p/listings/:listingId,GET,backend,uncovered,
/api/finance/p2p/p2p/listings/:listingId/checkout,POST,backend,uncovered,
/api/finance/p2p/p2p/listings/:listingId/close,POST,backend,uncovered,
/api/finance/p2p/p2p/orders/:orderId/confirm,POST,backend,uncovered,
/api/finance/p2p/p2p/orders/:orderId/dispute,POST,backend,uncovered,
/api/finance/p2p/p2p/orders/:orderId/rate,POST,backend,uncovered,
/api/finance/p2p/p2p/sellers/:sellerId/rating,GET,backend,uncovered,
/api/p2p/admin/p2p/orders/:orderId/arbitrate,POST,backend,uncovered,
/api/finance/loyalty/points/balance,GET,backend,exercised-by-live-e2e,e2e:frontend-web/tests/e2e/finance/fin-005-points-cashtag.spec.ts|e2e-via-bff(app/api/finance/[...path]/route.ts):frontend-web/tests/e2e/finance/fin-005-points-cashtag.spec.ts|e2e:frontend-web/tests/e2e/finance/fin-007-edge.spec.ts|e2e-via-bff(app/api/finance/[...path]/route.ts):frontend-web/tests/e2e/finance/fin-007-edge.spec.ts
/api/finance/loyalty/points/catalog,GET,backend,exercised-by-live-e2e,e2e:frontend-web/tests/e2e/finance/fin-005-points-cashtag.spec.ts|e2e-via-bff(app/api/finance/[...path]/route.ts):frontend-web/tests/e2e/finance/fin-005-points-cashtag.spec.ts|e2e:frontend-web/tests/e2e/finance/fin-007-edge.spec.ts|e2e-via-bff(app/api/finance/[...path]/route.ts):frontend-web/tests/e2e/finance/fin-007-edge.spec.ts
/api/finance/loyalty/points/history,GET,backend,exercised-by-live-e2e,e2e:frontend-web/tests/e2e/finance/fin-005-points-cashtag.spec.ts|e2e-via-bff(app/api/finance/[...path]/route.ts):frontend-web/tests/e2e/finance/fin-005-points-cashtag.spec.ts
/api/finance/loyalty/points/redeem,POST,backend,exercised-by-live-e2e,e2e:frontend-web/tests/e2e/finance/fin-005-points-cashtag.spec.ts|e2e-via-bff(app/api/finance/[...path]/route.ts):frontend-web/tests/e2e/finance/fin-005-points-cashtag.spec.ts|e2e:frontend-web/tests/e2e/finance/fin-007-edge.spec.ts|e2e-via-bff(app/api/finance/[...path]/route.ts):frontend-web/tests/e2e/finance/fin-007-edge.spec.ts
/api/realtor/admin/escrow,GET,backend,uncovered,
/api/realtor/admin/escrow/:id/resolve,POST,backend,uncovered,
/api/realtor/admin/listings/:id/decision,POST,backend,uncovered,
/api/realtor/admin/listings/pending,GET,backend,uncovered,
/api/realtor/admin/overview,GET,backend,uncovered,
/api/realtor/admin/payments,GET,backend,uncovered,
/api/realtor/admin/verifications,GET,backend,uncovered,
/api/realtor/admin/verifications/:id/decision,POST,backend,uncovered,
/v1/admin/referrals/analytics/cac,GET,backend,uncovered,
/v1/admin/referrals/analytics/channels,GET,backend,uncovered,
/v1/admin/referrals/analytics/cohorts,GET,backend,uncovered,
/v1/admin/referrals/analytics/funnel,GET,backend,uncovered,
/v1/admin/referrals/analytics/k-factor,GET,backend,uncovered,
/v1/admin/referrals/analytics/segmentation,GET,backend,uncovered,
/v1/admin/referrals/users/:id/referral-360,GET,backend,uncovered,
/api/finance/referral/campaigns,GET,backend,uncovered,
/api/finance/referral/campaigns/:id,GET,backend,uncovered,
/v1/admin/referrals/campaigns,GET,backend,uncovered,
/v1/admin/referrals/campaigns,POST,backend,uncovered,
/v1/admin/referrals/campaigns/:id,GET,backend,uncovered,
/v1/admin/referrals/campaigns/:id,PUT,backend,uncovered,
/v1/admin/referrals/campaigns/:id/activate,POST,backend,uncovered,
/v1/admin/referrals/campaigns/:id/analytics,GET,backend,uncovered,
/v1/admin/referrals/campaigns/:id/budget,PUT,backend,uncovered,
/v1/admin/referrals/campaigns/:id/end,POST,backend,uncovered,
/v1/admin/referrals/campaigns/:id/evaluate,POST,backend,uncovered,
/v1/admin/referrals/campaigns/:id/pause,POST,backend,uncovered,
/v1/admin/referrals/campaigns/:id/throttle,POST,backend,uncovered,
/api/finance/referral/compliance/consents,GET,backend,uncovered,
/api/finance/referral/compliance/consents,POST,backend,uncovered,
/api/finance/referral/compliance/disclosures/:slug,GET,backend,uncovered,
/v1/admin/referrals/compliance/aml,GET,backend,uncovered,
/v1/admin/referrals/compliance/aml,POST,backend,uncovered,
/v1/admin/referrals/compliance/aml/:id/status,POST,backend,uncovered,
/v1/admin/referrals/compliance/claims,GET,backend,uncovered,
/v1/admin/referrals/compliance/disclosures,GET,backend,uncovered,
/v1/admin/referrals/compliance/disclosures,POST,backend,uncovered,
/v1/admin/referrals/compliance/policy,GET,backend,uncovered,
/v1/admin/referrals/compliance/policy,PUT,backend,uncovered,
/v1/admin/referrals/compliance/regulatory-export,GET,backend,uncovered,
/v1/admin/referrals/compliance/users/:id/consents,GET,backend,uncovered,
/v1/admin/referrals/finance/budgets,GET,backend,uncovered,
/v1/admin/referrals/finance/budgets,PUT,backend,uncovered,
/v1/admin/referrals/finance/float,GET,backend,uncovered,
/v1/admin/referrals/finance/float,POST,backend,uncovered,
/v1/admin/referrals/finance/payouts,GET,backend,uncovered,
/v1/admin/referrals/finance/payouts,POST,backend,uncovered,
/v1/admin/referrals/finance/payouts/:id/approve,POST,backend,uncovered,
/v1/admin/referrals/finance/payouts/:id/reject,POST,backend,uncovered,
/v1/admin/referrals/finance/reconciliation,GET,backend,uncovered,
/v1/admin/referrals/finance/reconciliation,POST,backend,uncovered,
/v1/admin/referrals/finance/reward-to-ltv,GET,backend,uncovered,
/api/finance/referral/gamification/badges,GET,backend,uncovered,
/api/finance/referral/gamification/contests,GET,backend,uncovered,
/api/finance/referral/gamification/leaderboard,GET,backend,uncovered,
/api/finance/referral/gamification/missions,GET,backend,uncovered,
/api/finance/referral/gamification/missions/:id/claim,POST,backend,uncovered,
/api/finance/referral/gamification/missions/progress,GET,backend,uncovered,
/api/finance/referral/gamification/my-rank,GET,backend,uncovered,
/api/finance/referral/gamification/ranks,GET,backend,uncovered,
/v1/admin/referrals/gamification/contests,GET,backend,uncovered,
/v1/admin/referrals/gamification/missions,GET,backend,uncovered,
/v1/admin/referrals/gamification/missions,POST,backend,uncovered,
/v1/admin/referrals/gamification/ranks,GET,backend,uncovered,
/v1/admin/referrals/gamification/ranks,POST,backend,uncovered,
/api/finance/referral/merchant/campaigns/:mcid/performance,GET,backend,uncovered,
/api/finance/referral/merchant/dashboard,GET,backend,uncovered,
/v1/admin/referrals/merchants,GET,backend,uncovered,
/v1/admin/referrals/merchants,POST,backend,uncovered,
/v1/admin/referrals/merchants/:id,GET,backend,uncovered,
/v1/admin/referrals/merchants/:id/campaigns,GET,backend,uncovered,
/v1/admin/referrals/merchants/:id/keys,GET,backend,uncovered,
/v1/admin/referrals/merchants/campaigns,POST,backend,uncovered,
/v1/admin/referrals/merchants/campaigns/:mcid/fund,POST,backend,uncovered,
/v1/admin/referrals/merchants/campaigns/:mcid/settle,POST,backend,uncovered,
/v1/admin/referrals/merchants/keys,POST,backend,uncovered,
/v1/admin/referrals/merchants/keys/:keyid/revoke,POST,backend,uncovered,
/api/finance/referral/network/ambassador,GET,backend,uncovered,
/api/finance/referral/network/ambassador/apply,POST,backend,uncovered,
/api/finance/referral/network/overrides,GET,backend,uncovered,
/api/finance/referral/network/teams,GET,backend,uncovered,
/api/finance/referral/network/teams/:id/members,GET,backend,uncovered,
/v1/admin/referrals/network/ambassadors,GET,backend,uncovered,
/v1/admin/referrals/network/ambassadors/:id/status,POST,backend,uncovered,
/v1/admin/referrals/network/networks,GET,backend,uncovered,
/v1/admin/referrals/network/override-policies,GET,backend,uncovered,
/v1/admin/referrals/network/override-policies,PUT,backend,uncovered,
/v1/admin/referrals/network/overrides/accrue,POST,backend,uncovered,
/api/finance/referral/risk/my-status,GET,backend,uncovered,
/api/finance/referral/risk/report-abuse,POST,backend,uncovered,
/v1/admin/referrals/risk/alerts,GET,backend,uncovered,
/v1/admin/referrals/risk/alerts/:id/status,POST,backend,uncovered,
/v1/admin/referrals/risk/blocklist,GET,backend,uncovered,
/v1/admin/referrals/risk/blocklist,POST,backend,uncovered,
/v1/admin/referrals/risk/blocklist/:id/deactivate,POST,backend,uncovered,
/v1/admin/referrals/risk/cases,GET,backend,uncovered,
/v1/admin/referrals/risk/cases,POST,backend,uncovered,
/v1/admin/referrals/risk/cases/:id,GET,backend,uncovered,
/v1/admin/referrals/risk/cases/:id/status,POST,backend,uncovered,
/v1/admin/referrals/risk/clawbacks,POST,backend,uncovered,
/v1/admin/referrals/risk/clawbacks,GET,backend,uncovered,
/v1/admin/referrals/risk/dashboard,GET,backend,uncovered,
/v1/admin/referrals/risk/evaluate,POST,backend,uncovered,
/v1/admin/referrals/risk/review-queue,GET,backend,uncovered,
/v1/admin/referrals/risk/review-queue/:id/approve,POST,backend,uncovered,
/v1/admin/referrals/risk/review-queue/:id/reject,POST,backend,uncovered,
/v1/admin/referrals/risk/rules,GET,backend,uncovered,
/v1/admin/referrals/risk/rules,PUT,backend,uncovered,
/v1/admin/referrals/risk/rules/:id/enabled,POST,backend,uncovered,
/api/finance/restaurant/:id/orders/paystack/initiate,POST,backend,uncovered,
/api/finance/restaurant/orders/paystack/:reference/status,GET,backend,uncovered,
/api/finance/savings/circles,GET,backend,uncovered,
/api/finance/savings/circles,POST,backend,uncovered,
/api/finance/savings/circles/:id,GET,backend,uncovered,
/api/finance/savings/circles/:id/activate,POST,backend,uncovered,
/api/finance/savings/circles/:id/contribute,POST,backend,uncovered,
/api/finance/savings/circles/:id/join,POST,backend,uncovered,
/api/finance/savings/circles/:id/make-good,POST,backend,uncovered,
/api/finance/savings/circles/discover,GET,backend,uncovered,
/api/finance/savings/summary,GET,backend,exercised-by-live-e2e,e2e:frontend-web/tests/e2e/finance/fin-002-savings.spec.ts|e2e-via-bff(app/api/finance/[...path]/route.ts):frontend-web/tests/e2e/finance/fin-002-savings.spec.ts|e2e:frontend-web/tests/e2e/finance/fin-007-edge.spec.ts|e2e-via-bff(app/api/finance/[...path]/route.ts):frontend-web/tests/e2e/finance/fin-007-edge.spec.ts
/api/finance/savings/targets,GET,backend,uncovered,
/api/finance/savings/targets,POST,backend,uncovered,
/api/finance/savings/targets/:id,GET,backend,uncovered,
/api/finance/savings/targets/:id/approve,POST,backend,uncovered,
/api/finance/savings/targets/:id/balance,GET,backend,uncovered,
/api/finance/savings/targets/:id/contribute,POST,backend,uncovered,
/api/finance/savings/targets/:id/join,POST,backend,uncovered,
/api/finance/savings/targets/:id/release,POST,backend,uncovered,
/api/finance/savings/vaults,POST,backend,exercised-by-live-e2e,e2e-via-bff(app/api/v1/savings/[...path]/route.ts):frontend-web/tests/e2e/finance/fin-002-savings.spec.ts|e2e:frontend-web/tests/e2e/finance/fin-002-savings.spec.ts|e2e-via-bff(app/api/finance/[...path]/route.ts):frontend-web/tests/e2e/finance/fin-002-savings.spec.ts|e2e:frontend-web/tests/e2e/finance/fin-003-tiers.spec.ts
/api/finance/savings/vaults,GET,backend,exercised-by-live-e2e,e2e-via-bff(app/api/v1/savings/[...path]/route.ts):frontend-web/tests/e2e/finance/fin-002-savings.spec.ts|e2e:frontend-web/tests/e2e/finance/fin-002-savings.spec.ts|e2e-via-bff(app/api/finance/[...path]/route.ts):frontend-web/tests/e2e/finance/fin-002-savings.spec.ts|e2e:frontend-web/tests/e2e/finance/fin-003-tiers.spec.ts
/api/finance/savings/vaults/:id,GET,backend,uncovered,
/api/finance/savings/vaults/:id/autosave,POST,backend,uncovered,
/api/finance/savings/vaults/:id/balance,GET,backend,exercised-by-live-e2e,e2e:frontend-web/tests/e2e/finance/fin-002-savings.spec.ts|e2e-via-bff(app/api/finance/[...path]/route.ts):frontend-web/tests/e2e/finance/fin-002-savings.spec.ts|e2e:frontend-web/tests/e2e/finance/fin-006-idempotency.spec.ts|e2e-via-bff(app/api/finance/[...path]/route.ts):frontend-web/tests/e2e/finance/fin-006-idempotency.spec.ts
/api/finance/savings/vaults/:id/deposit,POST,backend,exercised-by-live-e2e,e2e-via-bff(app/api/v1/savings/[...path]/route.ts):frontend-web/tests/e2e/finance/fin-002-savings.spec.ts|e2e:frontend-web/tests/e2e/finance/fin-002-savings.spec.ts|e2e-via-bff(app/api/finance/[...path]/route.ts):frontend-web/tests/e2e/finance/fin-002-savings.spec.ts|e2e:frontend-web/tests/e2e/finance/fin-003-tiers.spec.ts
/api/finance/savings/vaults/:id/early-withdraw,POST,backend,uncovered,
/api/finance/savings/vaults/:id/early-withdraw/quote,GET,backend,uncovered,
/api/finance/savings/vaults/:id/withdraw,POST,backend,exercised-by-live-e2e,e2e-via-bff(app/api/v1/savings/[...path]/route.ts):frontend-web/tests/e2e/finance/fin-002-savings.spec.ts|e2e:frontend-web/tests/e2e/finance/fin-002-savings.spec.ts|e2e-via-bff(app/api/finance/[...path]/route.ts):frontend-web/tests/e2e/finance/fin-002-savings.spec.ts|e2e:frontend-web/tests/e2e/finance/fin-007-edge.spec.ts
/api/savings/admin/circles/:id,GET,backend,uncovered,
/api/finance/social/social/activity,GET,backend,exercised-by-live-e2e,e2e-via-bff(app/api/v1/social/[...path]/route.ts):frontend-web/tests/e2e/social/soc-001-discovery.spec.ts
/api/finance/social/social/handle,POST,backend,exercised-by-live-e2e,e2e:frontend-web/tests/e2e/finance/fin-003-tiers.spec.ts|e2e-via-bff(app/api/finance/[...path]/route.ts):frontend-web/tests/e2e/finance/fin-003-tiers.spec.ts|e2e:frontend-web/tests/e2e/finance/fin-005-points-cashtag.spec.ts|e2e-via-bff(app/api/finance/[...path]/route.ts):frontend-web/tests/e2e/finance/fin-005-points-cashtag.spec.ts
/api/finance/social/social/handle/:handle,GET,backend,exercised-by-live-e2e,e2e:frontend-web/tests/e2e/finance/fin-005-points-cashtag.spec.ts|e2e-via-bff(app/api/finance/[...path]/route.ts):frontend-web/tests/e2e/finance/fin-005-points-cashtag.spec.ts|e2e-via-bff(app/api/v1/social/[...path]/route.ts):frontend-web/tests/e2e/social/soc-001-discovery.spec.ts|e2e-via-bff(app/api/v1/social/[...path]/route.ts):docs/e2e/results/social.md
/api/finance/social/social/handle/me,GET,backend,exercised-by-live-e2e,e2e:frontend-web/tests/e2e/finance/fin-005-points-cashtag.spec.ts|e2e-via-bff(app/api/finance/[...path]/route.ts):frontend-web/tests/e2e/finance/fin-005-points-cashtag.spec.ts|e2e:frontend-web/tests/e2e/finance/fin-007-edge.spec.ts|e2e-via-bff(app/api/finance/[...path]/route.ts):frontend-web/tests/e2e/finance/fin-007-edge.spec.ts
/api/finance/social/social/pools,GET,backend,exercised-by-live-e2e,e2e-via-bff(app/api/v1/social/[...path]/route.ts):frontend-web/tests/e2e/social/soc-001-discovery.spec.ts
/api/finance/social/social/pools,POST,backend,exercised-by-live-e2e,e2e-via-bff(app/api/v1/social/[...path]/route.ts):frontend-web/tests/e2e/social/soc-001-discovery.spec.ts
/api/finance/social/social/pools/:id/balance,GET,backend,uncovered,
/api/finance/social/social/pools/:id/contribute,POST,backend,uncovered,
/api/finance/social/social/pools/:id/payout,POST,backend,uncovered,
/api/finance/social/social/requests,GET,backend,exercised-by-live-e2e,e2e-via-bff(app/api/v1/social/[...path]/route.ts):frontend-web/tests/e2e/social/soc-001-discovery.spec.ts
/api/finance/social/social/requests,POST,backend,exercised-by-live-e2e,e2e-via-bff(app/api/v1/social/[...path]/route.ts):frontend-web/tests/e2e/social/soc-001-discovery.spec.ts
/api/finance/social/social/requests/:id/cancel,POST,backend,uncovered,
/api/finance/social/social/requests/:id/decline,POST,backend,uncovered,
/api/finance/social/social/requests/:id/pay,POST,backend,uncovered,
/api/finance/social/social/send,POST,backend,exercised-by-live-e2e,e2e:frontend-web/tests/e2e/finance/fin-003-tiers.spec.ts|e2e-via-bff(app/api/finance/[...path]/route.ts):frontend-web/tests/e2e/finance/fin-003-tiers.spec.ts|e2e:frontend-web/tests/e2e/finance/fin-005-points-cashtag.spec.ts|e2e-via-bff(app/api/finance/[...path]/route.ts):frontend-web/tests/e2e/finance/fin-005-points-cashtag.spec.ts
/api/finance/social/social/splits,GET,backend,exercised-by-live-e2e,e2e-via-bff(app/api/v1/social/[...path]/route.ts):frontend-web/tests/e2e/social/soc-001-discovery.spec.ts
/api/finance/social/social/splits,POST,backend,exercised-by-live-e2e,e2e-via-bff(app/api/v1/social/[...path]/route.ts):frontend-web/tests/e2e/social/soc-001-discovery.spec.ts
/api/finance/social/social/splits/:id,GET,backend,uncovered,
/api/finance/social/social/splits/:id/shares/:shareId/pay,POST,backend,uncovered,
/api/social/admin/splits/:id,GET,backend,uncovered,
/api/placement/admin/campaigns,POST,backend,uncovered,
/api/placement/admin/campaigns/:id,PUT,backend,uncovered,
/api/placement/admin/campaigns/:id,DELETE,backend,uncovered,
/api/placement/admin/challenges,POST,backend,uncovered,
/api/placement/admin/challenges/:id,PUT,backend,uncovered,
/api/placement/admin/challenges/:id,DELETE,backend,uncovered,
/api/placement/admin/videos,POST,backend,uncovered,
/api/placement/admin/videos/:id,PUT,backend,uncovered,
/api/placement/admin/videos/:id,DELETE,backend,uncovered,
/api/v1/spotlight/campaigns,GET,backend,uncovered,
/api/v1/spotlight/campaigns/:id,GET,backend,uncovered,
/api/v1/spotlight/challenges,GET,backend,uncovered,
/api/v1/spotlight/challenges/:id,GET,backend,uncovered,
/api/v1/spotlight/challenges/:id/complete,POST,backend,uncovered,
/api/v1/spotlight/challenges/:id/join,POST,backend,uncovered,
/api/v1/spotlight/leaderboard,GET,backend,uncovered,
/api/v1/spotlight/reward-wallet,GET,backend,uncovered,
/api/v1/spotlight/videos,GET,backend,uncovered,
/api/finance/p2p/spray,POST,backend,exercised-by-live-e2e,e2e-via-bff(app/api/v1/spray/[...path]/route.ts):frontend-web/tests/e2e/social/soc-001-discovery.spec.ts|e2e-via-bff(app/api/v1/spray/[...path]/route.ts):frontend-web/tests/e2e/social/soc-005-creators-events.spec.ts|e2e-via-bff(app/api/v1/spray/[...path]/route.ts):docs/e2e/results/social.md|unit-ref:frontend-web/tests/unit/spray/route.spec.ts
/api/finance/p2p/spray/leaderboard/:contextRef,GET,backend,exercised-by-live-e2e,e2e:frontend-web/tests/e2e/social/soc-001-discovery.spec.ts|e2e-via-bff(app/api/finance/[...path]/route.ts):frontend-web/tests/e2e/social/soc-001-discovery.spec.ts|e2e:frontend-web/tests/e2e/social/soc-005-creators-events.spec.ts|e2e-via-bff(app/api/finance/[...path]/route.ts):frontend-web/tests/e2e/social/soc-005-creators-events.spec.ts
/api/p2p/admin/spray/leaderboard/:contextRef,GET,backend,uncovered,
/api/finance/stays/agent/book,POST,backend,uncovered,
/api/finance/stays/agent/bookings,GET,backend,uncovered,
/api/finance/stays/agent/commissions,GET,backend,uncovered,
/api/finance/stays/agent/quote,POST,backend,uncovered,
/api/stays/extranet/properties/:propertyId/promotions,GET,backend,uncovered,
/api/stays/extranet/properties/:propertyId/promotions,POST,backend,uncovered,
/api/stays/extranet/properties/:propertyId/promotions/:promoId/active,POST,backend,uncovered,
/api/stays/extranet/rate-plans/:ratePlanId/calendar,GET,backend,uncovered,
/api/stays/extranet/rate-plans/:ratePlanId/calendar,PUT,backend,uncovered,
/api/stays/extranet/rate-plans/:ratePlanId/calendar/bulk,POST,backend,uncovered,
/api/stays/extranet/rate-plans/:ratePlanId/derive,POST,backend,uncovered,
/api/stays/extranet/rate-plans/:ratePlanId/restrictions,POST,backend,uncovered,
/api/stays/extranet/room-types/:roomTypeId/availability,GET,backend,uncovered,
/api/stays/extranet/room-types/:roomTypeId/availability,PUT,backend,uncovered,
/api/stays/extranet/room-types/:roomTypeId/availability/bulk,POST,backend,uncovered,
/api/stays/extranet/me/properties,GET,backend,uncovered,
/api/stays/extranet/properties,POST,backend,uncovered,
/api/stays/extranet/properties/:propertyId,GET,backend,uncovered,
/api/stays/extranet/properties/:propertyId,PATCH,backend,uncovered,
/api/stays/extranet/properties/:propertyId/analytics,GET,backend,uncovered,
/api/stays/extranet/properties/:propertyId/arrivals,GET,backend,uncovered,
/api/stays/extranet/properties/:propertyId/commission,GET,backend,uncovered,
/api/stays/extranet/properties/:propertyId/departures,GET,backend,uncovered,
/api/stays/extranet/properties/:propertyId/details,PATCH,backend,uncovered,
/api/stays/extranet/properties/:propertyId/in-house,GET,backend,uncovered,
/api/stays/extranet/properties/:propertyId/payouts,GET,backend,uncovered,
/api/stays/extranet/properties/:propertyId/photos,GET,backend,uncovered,
/api/stays/extranet/properties/:propertyId/photos,POST,backend,uncovered,
/api/stays/extranet/properties/:propertyId/photos/:photoId,PATCH,backend,uncovered,
/api/stays/extranet/properties/:propertyId/photos/:photoId,DELETE,backend,uncovered,
/api/stays/extranet/properties/:propertyId/photos/presign,POST,backend,uncovered,
/api/stays/extranet/properties/:propertyId/rate-plans,GET,backend,uncovered,
/api/stays/extranet/properties/:propertyId/rate-plans,POST,backend,uncovered,
/api/stays/extranet/properties/:propertyId/reservations,GET,backend,uncovered,
/api/stays/extranet/properties/:propertyId/reservations/:reservationId,GET,backend,uncovered,
/api/stays/extranet/properties/:propertyId/reservations/:reservationId/cancel,POST,backend,uncovered,
/api/stays/extranet/properties/:propertyId/reservations/:reservationId/messages,POST,backend,uncovered,
/api/stays/extranet/properties/:propertyId/reservations/:reservationId/messages,GET,backend,uncovered,
/api/stays/extranet/properties/:propertyId/reservations/:reservationId/no-show,POST,backend,uncovered,
/api/stays/extranet/properties/:propertyId/room-types,GET,backend,uncovered,
/api/stays/extranet/properties/:propertyId/room-types,POST,backend,uncovered,
/api/stays/extranet/properties/:propertyId/staff,GET,backend,uncovered,
/api/stays/extranet/properties/:propertyId/staff,POST,backend,uncovered,
/api/stays/extranet/properties/:propertyId/staff/invite,POST,backend,uncovered,
/api/stays/extranet/staff/invite/accept,POST,backend,uncovered,
/api/stays/extranet/verification,GET,backend,uncovered,
/api/stays/extranet/verification/business,GET,backend,uncovered,
/api/stays/extranet/verification/submit,POST,backend,uncovered,
/api/stays/admin/hoteliers/:propertyId/kyb/decision,POST,backend,uncovered,
/api/finance/stays/reservations/:id/review,POST,backend,uncovered,
/api/finance/stays/reservations/:id/review-eligibility,GET,backend,uncovered,
/api/finance/stays/review-response,GET,backend,uncovered,
/api/finance/stays/reviews,GET,backend,uncovered,
/api/finance/stays/reviews-mine,GET,backend,uncovered,
/api/stays/admin/reviews,GET,backend,uncovered,
/api/stays/admin/reviews/:reviewId/moderate,POST,backend,uncovered,
/api/stays/extranet/properties/:propertyId/reviews,GET,backend,uncovered,
/api/stays/extranet/reviews/:reviewId/flag,POST,backend,uncovered,
/api/stays/extranet/reviews/:reviewId/response,POST,backend,uncovered,
/api/stays/admin/commission,GET,backend,uncovered,
/api/stays/admin/commission/accrue,POST,backend,uncovered,
/api/stays/admin/commission/reverse,POST,backend,uncovered,
/api/stays/admin/payouts,GET,backend,uncovered,
/api/stays/admin/payouts/:id/release,POST,backend,uncovered,
/api/stays/admin/payouts/queue,POST,backend,uncovered,
/api/stays/admin/remittances,GET,backend,uncovered,
/api/stays/admin/remittances/:id/resolve,POST,backend,uncovered,
/api/stays/admin/remittances/ingest,POST,backend,uncovered,
/internal/webhooks/stays-supplier,POST,backend,internal-or-infra-only,
/api/events/admin/:id/approve,POST,backend,exercised-by-live-e2e,e2e:frontend-web/tests/e2e/social/soc-005-creators-events.spec.ts
/api/events/admin/:id/suspend,POST,backend,uncovered,
/api/events/admin/:id/vendors/:vendorId/settle,POST,backend,uncovered,
/api/events/admin/cashless,GET,backend,uncovered,
/api/events/admin/dashboard,GET,backend,uncovered,
/api/events/admin/events,GET,backend,uncovered,
/api/events/admin/events/:id,GET,backend,uncovered,
/api/events/admin/settlement,GET,backend,uncovered,
/api/events/admin/tickets,GET,backend,uncovered,
/api/events/admin/vendors,GET,backend,uncovered,
/api/finance/events,GET,backend,exercised-by-live-e2e,e2e:frontend-web/tests/e2e/social/soc-001-discovery.spec.ts|e2e-via-bff(app/api/finance/[...path]/route.ts):frontend-web/tests/e2e/social/soc-001-discovery.spec.ts|e2e:frontend-web/tests/e2e/social/soc-005-creators-events.spec.ts|e2e-via-bff(app/api/v1/events/route.ts):frontend-web/tests/e2e/social/soc-005-creators-events.spec.ts
/api/finance/events,POST,backend,exercised-by-live-e2e,e2e:frontend-web/tests/e2e/social/soc-001-discovery.spec.ts|e2e-via-bff(app/api/finance/[...path]/route.ts):frontend-web/tests/e2e/social/soc-001-discovery.spec.ts|e2e-via-bff(app/api/v1/events/route.ts):frontend-web/tests/e2e/social/soc-005-creators-events.spec.ts|e2e:frontend-web/tests/e2e/social/soc-005-creators-events.spec.ts
/api/finance/events/:id,GET,backend,uncovered,
/api/finance/events/:id/attendees,GET,backend,uncovered,
/api/finance/events/:id/close,POST,backend,uncovered,
/api/finance/events/:id/golive,POST,backend,exercised-by-live-e2e,e2e-via-bff(app/api/v1/events/[...path]/route.ts):frontend-web/tests/e2e/social/soc-005-creators-events.spec.ts
/api/finance/events/:id/promos,POST,backend,uncovered,
/api/finance/events/:id/purchase,POST,backend,uncovered,
/api/finance/events/:id/stewards,POST,backend,uncovered,
/api/finance/events/:id/stewards,GET,backend,uncovered,
/api/finance/events/:id/stewards/:userId,DELETE,backend,uncovered,
/api/finance/events/:id/submit,POST,backend,exercised-by-live-e2e,e2e-via-bff(app/api/v1/events/[...path]/route.ts):frontend-web/tests/e2e/social/soc-005-creators-events.spec.ts
/api/finance/events/:id/tiers,POST,backend,uncovered,
/api/finance/events/:id/vendors,POST,backend,uncovered,
/api/finance/events/:id/vendors,GET,backend,uncovered,
/api/finance/events/:id/wallet,POST,backend,uncovered,
/api/finance/events/my/tickets,GET,backend,uncovered,
/api/finance/events/organiser/mine,GET,backend,exercised-by-live-e2e,e2e-via-bff(app/api/v1/events/[...path]/route.ts):frontend-web/tests/e2e/social/soc-001-discovery.spec.ts|e2e-via-bff(app/api/v1/events/[...path]/route.ts):docs/e2e/results/social.md
/api/finance/events/scan,POST,backend,uncovered,
/api/finance/events/tickets/:ticketId/gift,POST,backend,uncovered,
/api/finance/events/tickets/:ticketId/token,GET,backend,uncovered,
/api/finance/events/vendors/:vendorId/charge,POST,backend,uncovered,
/api/finance/events/wallet/:walletId,GET,backend,uncovered,
/api/finance/events/wallet/:walletId/close,POST,backend,uncovered,
/api/finance/events/wallet/:walletId/entries,GET,backend,uncovered,
/api/finance/events/wallet/:walletId/topup,POST,backend,uncovered,
/api/v1/admin/trading/kyc/:id,GET,backend,uncovered,
/api/v1/admin/trading/kyc/:id/approve,POST,backend,uncovered,
/api/v1/admin/trading/kyc/:id/bypass,POST,backend,uncovered,
/api/v1/admin/trading/kyc/:id/reject,POST,backend,uncovered,
/api/v1/admin/trading/kyc/:id/review,POST,backend,uncovered,
/api/v1/admin/trading/kyc/bypass-register,GET,backend,uncovered,
/api/v1/admin/trading/kyc/queue,GET,backend,uncovered,
/api/v1/admin/trading/promotions,GET,backend,uncovered,
/api/v1/admin/trading/promotions/:id,GET,backend,uncovered,
/api/v1/admin/trading/promotions/:id/demote,POST,backend,uncovered,
/api/v1/admin/trading/promotions/:id/halt,POST,backend,uncovered,
/api/v1/admin/trading/promotions/:id/promote,POST,backend,uncovered,
/api/v1/admin/trading/promotions/:id/readiness,POST,backend,uncovered,
/api/v1/admin/trading/promotions/:id/register,POST,backend,uncovered,
/api/v1/trading/evaluate,POST,backend,uncovered,
/api/v1/trading/kyc/status,GET,backend,uncovered,
/api/v1/trading/kyc/submit,POST,backend,uncovered,
/api/v1/trading/strategies,GET,backend,uncovered,
/api/v1/trading/wallet,GET,backend,uncovered,
/api/v1/trading/wallet/redeem,POST,backend,uncovered,
/api/v1/trading/wallet/subscribe,POST,backend,uncovered,
/api/finance/mobility/rides/paystack/:reference/status,GET,backend,uncovered,
/api/finance/mobility/rides/paystack/initiate,POST,backend,uncovered,
/api/admin-proxy/:path*,DELETE,bff,exercised-by-live-e2e,e2e:frontend-web/tests/e2e/admin/admin-006-edge.spec.ts|e2e:frontend-web/tests/e2e/auth/auth-005-rbac.spec.ts
/api/admin-proxy/:path*,GET,bff,exercised-by-live-e2e,e2e:frontend-web/tests/e2e/admin/admin-006-edge.spec.ts|e2e:frontend-web/tests/e2e/auth/auth-005-rbac.spec.ts
/api/admin-proxy/:path*,PATCH,bff,exercised-by-live-e2e,e2e:frontend-web/tests/e2e/admin/admin-006-edge.spec.ts|e2e:frontend-web/tests/e2e/auth/auth-005-rbac.spec.ts
/api/admin-proxy/:path*,POST,bff,exercised-by-live-e2e,e2e:frontend-web/tests/e2e/admin/admin-006-edge.spec.ts|e2e:frontend-web/tests/e2e/auth/auth-005-rbac.spec.ts
/api/admin-proxy/:path*,PUT,bff,exercised-by-live-e2e,e2e:frontend-web/tests/e2e/admin/admin-006-edge.spec.ts|e2e:frontend-web/tests/e2e/auth/auth-005-rbac.spec.ts
/api/admin/session,DELETE,bff,uncovered,
/api/admin/session,POST,bff,uncovered,
/api/admin/signup,GET,bff,uncovered,
/api/admin/signup,POST,bff,uncovered,
/api/contestants,GET,bff,uncovered,
/api/contests,GET,bff,uncovered,
/api/leaderboard,GET,bff,uncovered,
/api/voting/contestant/:id,GET,bff,uncovered,
/api/voting/contestant/:id,POST,bff,uncovered,
/api/voting/stats,GET,bff,uncovered,
/api/web-proxy/:path*,DELETE,bff,uncovered,
/api/web-proxy/:path*,GET,bff,uncovered,
/api/web-proxy/:path*,PATCH,bff,uncovered,
/api/web-proxy/:path*,POST,bff,uncovered,
/api/web-proxy/:path*,PUT,bff,uncovered,
/api/academy/admin/:path*,DELETE,bff,uncovered,
/api/academy/admin/:path*,GET,bff,uncovered,
/api/academy/admin/:path*,PATCH,bff,uncovered,
/api/academy/admin/:path*,POST,bff,uncovered,
/api/academy/admin/:path*,PUT,bff,uncovered,
/api/academy/application-fee/initiate,POST,bff,exercised-by-unit-or-integration-test,unit:route-import|unit:frontend-web/tests/unit/payments/academy-application-fee.spec.ts
/api/academy/application,GET,bff,exercised-by-unit-or-integration-test,unit:route-import|unit:frontend-web/tests/unit/golden-path/academy-tuition.spec.ts
/api/academy/apply,GET,bff,exercised-by-unit-or-integration-test,unit:route-import|unit:frontend-web/tests/unit/golden-path/academy-apply.spec.ts|unit:frontend-web/tests/unit/payments/academy-application-fee.spec.ts
/api/academy/apply,POST,bff,exercised-by-unit-or-integration-test,unit:route-import|unit:frontend-web/tests/unit/golden-path/academy-apply.spec.ts|unit:frontend-web/tests/unit/payments/academy-application-fee.spec.ts
/api/academy/assignments/parts/submit,POST,bff,uncovered,
/api/academy/assignments,GET,bff,uncovered,
/api/academy/assignments/submit,POST,bff,exercised-by-unit-or-integration-test,unit:route-import|unit:frontend-web/tests/unit/golden-path/academy-learning.spec.ts
/api/academy/installments/pay,POST,bff,exercised-by-unit-or-integration-test,unit:route-import|unit:frontend-web/tests/unit/golden-path/academy-tuition.spec.ts
/api/academy/installments,GET,bff,uncovered,
/api/academy/learning/progress,POST,bff,exercised-by-unit-or-integration-test,unit:route-import|unit:frontend-web/tests/unit/golden-path/academy-learning.spec.ts
/api/academy/learning,GET,bff,uncovered,
/api/admin/academy/applications/:id,GET,bff,exercised-by-unit-or-integration-test,unit:route-import|unit:frontend-web/tests/unit/golden-path/academy-application-decision.spec.ts
/api/admin/academy/applications/:id,PATCH,bff,exercised-by-unit-or-integration-test,unit:route-import|unit:frontend-web/tests/unit/golden-path/academy-application-decision.spec.ts
/api/admin/academy/applications,GET,bff,uncovered,
/api/admin/academy/assignment-parts,DELETE,bff,uncovered,
/api/admin/academy/assignment-parts,GET,bff,uncovered,
/api/admin/academy/assignment-parts,PATCH,bff,uncovered,
/api/admin/academy/assignment-parts,POST,bff,uncovered,
/api/admin/academy/batches/:id,DELETE,bff,uncovered,
/api/admin/academy/batches/:id,GET,bff,uncovered,
/api/admin/academy/batches/:id,PATCH,bff,uncovered,
/api/admin/academy/batches,GET,bff,uncovered,
/api/admin/academy/batches,POST,bff,uncovered,
/api/admin/academy/curriculum,GET,bff,uncovered,
/api/admin/academy/curriculum,POST,bff,uncovered,
/api/admin/academy/curriculum/seed,GET,bff,uncovered,
/api/admin/academy/curriculum/seed,POST,bff,uncovered,
/api/admin/academy/installments/:planId/remind,POST,bff,uncovered,
/api/admin/academy/installments,GET,bff,uncovered,
/api/admin/academy/installments,POST,bff,uncovered,
/api/admin/academy/interest-areas,GET,bff,uncovered,
/api/admin/academy/interest-areas,POST,bff,uncovered,
/api/admin/academy/interest-areas,PUT,bff,uncovered,
/api/admin/academy/progress,GET,bff,uncovered,
/api/admin/academy/settings,GET,bff,uncovered,
/api/admin/academy/settings,PUT,bff,uncovered,
/api/admin/academy/submissions,GET,bff,exercised-by-unit-or-integration-test,unit:route-import|unit:frontend-web/tests/unit/golden-path/academy-learning.spec.ts
/api/admin/academy/submissions,PATCH,bff,exercised-by-unit-or-integration-test,unit:route-import|unit:frontend-web/tests/unit/golden-path/academy-learning.spec.ts
/api/admin/applications/bulk-action,POST,bff,uncovered,
/api/admin/audit-logs,GET,bff,uncovered,
/api/admin/cms/:id,GET,bff,uncovered,
/api/admin/cms/:id,PATCH,bff,uncovered,
/api/admin/cms,GET,bff,uncovered,
/api/admin/cms,POST,bff,uncovered,
/api/admin/contest-categories/:slug,DELETE,bff,uncovered,
/api/admin/contest-categories/:slug,PATCH,bff,uncovered,
/api/admin/contest-categories,GET,bff,uncovered,
/api/admin/contest-categories,POST,bff,uncovered,
/api/admin/contests/:slug,DELETE,bff,uncovered,
/api/admin/contests/:slug,GET,bff,uncovered,
/api/admin/contests/:slug,PATCH,bff,uncovered,
/api/admin/contests/:slug/stage-advance,POST,bff,uncovered,
/api/admin/contests/:slug/stages/:stageId,DELETE,bff,uncovered,
/api/admin/contests/:slug/stages/:stageId,PATCH,bff,uncovered,
/api/admin/contests/:slug/stages,GET,bff,uncovered,
/api/admin/contests/:slug/stages,POST,bff,uncovered,
/api/admin/contests/:slug/status,PATCH,bff,uncovered,
/api/admin/contests/banner/:fileKey,GET,bff,uncovered,
/api/admin/contests/banner,POST,bff,uncovered,
/api/admin/contests,GET,bff,uncovered,
/api/admin/contests,POST,bff,uncovered,
/api/admin/contests/stage-counts,GET,bff,uncovered,
/api/admin/dashboard,GET,bff,uncovered,
/api/admin/events/:id,GET,bff,uncovered,
/api/admin/events/:id,PATCH,bff,uncovered,
/api/admin/events,GET,bff,uncovered,
/api/admin/events,POST,bff,uncovered,
/api/admin/facilities/:id/bookings,GET,bff,uncovered,
/api/admin/facilities/:id,GET,bff,uncovered,
/api/admin/facilities/:id,PATCH,bff,uncovered,
/api/admin/facilities,GET,bff,uncovered,
/api/admin/facilities,POST,bff,uncovered,
/api/admin/judges-scores/applications/:id/score,GET,bff,uncovered,
/api/admin/judges-scores/applications/:id/score,POST,bff,uncovered,
/api/admin/judges-scores,GET,bff,uncovered,
/api/admin/modules/facilities-rbac/:roleId,PATCH,bff,uncovered,
/api/admin/modules/facilities-rbac,GET,bff,uncovered,
/api/admin/notifications,GET,bff,uncovered,
/api/admin/notifications,POST,bff,uncovered,
/api/admin/open-mic/applications/:id/review,PATCH,bff,uncovered,
/api/admin/open-mic/applications,GET,bff,uncovered,
/api/admin/open-mic/contests/:id/applications,GET,bff,uncovered,
/api/admin/open-mic/contests/:id/beat-downloads,GET,bff,uncovered,
/api/admin/open-mic/contests/:id/beats,POST,bff,uncovered,
/api/admin/open-mic/contests/:id/finale,GET,bff,uncovered,
/api/admin/open-mic/contests/:id/finale,PATCH,bff,uncovered,
/api/admin/open-mic/contests/:id/finalists,GET,bff,uncovered,
/api/admin/open-mic/contests/:id/finalists,POST,bff,uncovered,
/api/admin/open-mic/contests/:id/fraud-alerts,GET,bff,uncovered,
/api/admin/open-mic/contests/:id/moderation-actions,POST,bff,uncovered,
/api/admin/open-mic/contests/:id/notifications,GET,bff,uncovered,
/api/admin/open-mic/contests/:id/payments,GET,bff,uncovered,
/api/admin/open-mic/contests/:id/playlist/:submissionId,PATCH,bff,uncovered,
/api/admin/open-mic/contests/:id/playlist/autobuild,POST,bff,uncovered,
/api/admin/open-mic/contests/:id/playlist/lock,POST,bff,uncovered,
/api/admin/open-mic/contests/:id/playlist,GET,bff,uncovered,
/api/admin/open-mic/contests/:id/playlist,POST,bff,uncovered,
/api/admin/open-mic/contests/:id/reports,GET,bff,uncovered,
/api/admin/open-mic/contests/:id,GET,bff,uncovered,
/api/admin/open-mic/contests/:id,PATCH,bff,uncovered,
/api/admin/open-mic/contests/:id/votes,GET,bff,uncovered,
/api/admin/open-mic/contests/:id/winner,POST,bff,uncovered,
/api/admin/open-mic/contests/:id/winners,GET,bff,uncovered,
/api/admin/open-mic/contests/:id/winners,POST,bff,uncovered,
/api/admin/open-mic/contests,GET,bff,uncovered,
/api/admin/open-mic/contests,POST,bff,uncovered,
/api/admin/open-mic/submissions/:id/review,POST,bff,uncovered,
/api/admin/open-mic/submissions/:id/song,GET,bff,uncovered,
/api/admin/open-mic/submissions,GET,bff,uncovered,
/api/admin/payments-finance/kyc,POST,bff,uncovered,
/api/admin/payments-finance,GET,bff,exercised-by-unit-or-integration-test,unit:route-import|unit:frontend-web/tests/unit/admin/payments-finance-stats.spec.ts
/api/admin/payments-finance/wallet/backfill,POST,bff,uncovered,
/api/admin/privileges,GET,bff,uncovered,
/api/admin/programs/:id,GET,bff,uncovered,
/api/admin/programs/:id,PATCH,bff,uncovered,
/api/admin/programs,GET,bff,uncovered,
/api/admin/programs,POST,bff,uncovered,
/api/admin/reality-show/contestants/:id,GET,bff,uncovered,
/api/admin/reality-show/contestants/:id,PATCH,bff,uncovered,
/api/admin/reality-show/seasons/:id/contestants,GET,bff,uncovered,
/api/admin/reality-show/seasons/:id/contestants,POST,bff,uncovered,
/api/admin/reality-show/seasons/:id,GET,bff,uncovered,
/api/admin/reality-show/seasons/:id,PATCH,bff,uncovered,
/api/admin/reality-show/seasons/:id/weeks,GET,bff,uncovered,
/api/admin/reality-show/seasons/:id/weeks,POST,bff,uncovered,
/api/admin/reality-show/seasons,GET,bff,uncovered,
/api/admin/reality-show/seasons,POST,bff,uncovered,
/api/admin/reality-show/weeks/:id/evict,POST,bff,uncovered,
/api/admin/reality-show/weeks/:id/status,PATCH,bff,uncovered,
/api/admin/reality-show/weeks/:id/vote,GET,bff,uncovered,
/api/admin/reality-show/weeks/:id/vote,POST,bff,uncovered,
/api/admin/referrals/vote-rewards,GET,bff,exercised-by-unit-or-integration-test,unit:route-import
/api/admin/registration/applications/:id/review,POST,bff,exercised-by-live-e2e,e2e:frontend-web/tests/e2e/cross/cross-002-contest-lifecycle.spec.ts|e2e:docs/e2e/results/cross.md|unit:route-import|unit:frontend-web/tests/unit/registration/review-workflow-rbac.spec.ts
/api/admin/registration/applications,GET,bff,uncovered,
/api/admin/reports,GET,bff,uncovered,
/api/admin/settings,GET,bff,uncovered,
/api/admin/settings,PATCH,bff,uncovered,
/api/admin/sme-pitch,GET,bff,uncovered,
/api/admin/stem/applications/:id/review,POST,bff,uncovered,
/api/admin/stem/applications,GET,bff,uncovered,
/api/admin/stem/contests/:id/categories,POST,bff,uncovered,
/api/admin/stem/contests/:id/prices,POST,bff,uncovered,
/api/admin/stem/contests/:id/prizes,POST,bff,uncovered,
/api/admin/stem/contests/:id/publish,POST,bff,uncovered,
/api/admin/stem/contests/:id,GET,bff,uncovered,
/api/admin/stem/contests/:id,PATCH,bff,uncovered,
/api/admin/stem/contests,GET,bff,uncovered,
/api/admin/stem/contests,POST,bff,uncovered,
/api/admin/users-roles,GET,bff,uncovered,
/api/admin/utility/billers/:id,PATCH,bff,uncovered,
/api/admin/utility/billers,GET,bff,uncovered,
/api/admin/utility/billers,POST,bff,uncovered,
/api/admin/utility/categories/:category,PATCH,bff,exercised-by-unit-or-integration-test,unit:route-import|unit:frontend-web/tests/unit/utility/routes.spec.ts
/api/admin/utility/categories,GET,bff,exercised-by-unit-or-integration-test,unit:route-import|unit:frontend-web/tests/unit/utility/routes.spec.ts
/api/admin/utility/categories,POST,bff,exercised-by-unit-or-integration-test,unit:route-import|unit:frontend-web/tests/unit/utility/routes.spec.ts
/api/admin/utility/products/:id,PATCH,bff,uncovered,
/api/admin/utility/products/import,POST,bff,uncovered,
/api/admin/utility/products,GET,bff,uncovered,
/api/admin/utility/products,POST,bff,uncovered,
/api/admin/utility/provider-products/:id,PATCH,bff,uncovered,
/api/admin/utility/provider-products,GET,bff,uncovered,
/api/admin/utility/provider-products,POST,bff,uncovered,
/api/admin/utility/providers/:id/credentials,PUT,bff,exercised-by-unit-or-integration-test,unit:route-import|unit:frontend-web/tests/unit/utility/routes.spec.ts
/api/admin/utility/providers/:id/health-check,POST,bff,uncovered,
/api/admin/utility/providers/:id,PATCH,bff,uncovered,
/api/admin/utility/providers,GET,bff,exercised-by-unit-or-integration-test,unit:route-import|unit:frontend-web/tests/unit/utility/routes.spec.ts
/api/admin/utility/providers,POST,bff,exercised-by-unit-or-integration-test,unit:route-import|unit:frontend-web/tests/unit/utility/routes.spec.ts
/api/admin/utility/reports/profitability,GET,bff,exercised-by-unit-or-integration-test,unit:route-import|unit:frontend-web/tests/unit/utility/routes.spec.ts
/api/admin/utility/reports/provider-performance,GET,bff,uncovered,
/api/admin/utility/reports/reconciliation,GET,bff,uncovered,
/api/admin/utility/routing-rules/:id,PATCH,bff,uncovered,
/api/admin/utility/routing-rules,GET,bff,uncovered,
/api/admin/utility/routing-rules,POST,bff,uncovered,
/api/admin/utility/transactions/:id/requery,POST,bff,uncovered,
/api/admin/utility/transactions/:id/resolve,POST,bff,uncovered,
/api/admin/utility/transactions/:id/reverse,POST,bff,exercised-by-unit-or-integration-test,unit:route-import|unit:frontend-web/tests/unit/utility/routes.spec.ts
/api/admin/utility/transactions/:id,GET,bff,uncovered,
/api/admin/utility/transactions,GET,bff,uncovered,
/api/admin/utility/workers/requery-pending,POST,bff,exercised-by-unit-or-integration-test,unit:route-import|unit:frontend-web/tests/unit/utility/routes.spec.ts
/api/admin/voting/:contestId/adjust,POST,bff,exercised-by-unit-or-integration-test,unit:route-import|unit:frontend-web/tests/unit/voting/ad007-live-monitoring-tally.spec.ts|unit:frontend-web/tests/unit/voting/sec-002-rbac-scoping.spec.ts|unit:frontend-web/tests/unit/voting/sec-006-injection-abuse.spec.ts
/api/admin/voting/:contestId/audit-log,GET,bff,exercised-by-unit-or-integration-test,unit:route-import|unit:frontend-web/tests/unit/voting/ad015-contest-audit-log-route.spec.ts
/api/admin/voting/:contestId/export,GET,bff,exercised-by-unit-or-integration-test,unit:route-import|unit:frontend-web/tests/unit/voting/export-revenue-rbac.spec.ts
/api/admin/voting/:contestId/fraud-alerts,GET,bff,exercised-by-unit-or-integration-test,unit:route-import|unit:frontend-web/tests/unit/voting/fraud-flag-and-vote-invalidation.spec.ts
/api/admin/voting/:contestId/fraud-alerts,PATCH,bff,exercised-by-unit-or-integration-test,unit:route-import|unit:frontend-web/tests/unit/voting/fraud-flag-and-vote-invalidation.spec.ts
/api/admin/voting/:contestId/freeze,POST,bff,exercised-by-unit-or-integration-test,unit:route-import|unit:frontend-web/tests/unit/voting/ad007-live-monitoring-tally.spec.ts
/api/admin/voting/:contestId/leaderboard,GET,bff,exercised-by-live-e2e,e2e:frontend-web/tests/e2e/cross/cross-002-contest-lifecycle.spec.ts|e2e:docs/e2e/results/cross.md|unit:route-import|unit:frontend-web/tests/unit/voting/admin-leaderboard-visibility.spec.ts
/api/admin/voting/:contestId/leaderboard,POST,bff,exercised-by-live-e2e,e2e:frontend-web/tests/e2e/cross/cross-002-contest-lifecycle.spec.ts|e2e:docs/e2e/results/cross.md|unit:route-import|unit:frontend-web/tests/unit/voting/admin-leaderboard-visibility.spec.ts
/api/admin/voting/:contestId/revenue,GET,bff,exercised-by-unit-or-integration-test,unit:route-import|unit:frontend-web/tests/unit/voting/export-revenue-rbac.spec.ts
/api/admin/voting/:contestId/transactions,GET,bff,exercised-by-live-e2e,e2e:frontend-web/tests/e2e/cross/cross-002-contest-lifecycle.spec.ts|e2e:docs/e2e/results/cross.md
/api/admin/voting/approvals/:approvalId/approve,POST,bff,exercised-by-unit-or-integration-test,unit:route-import|unit:frontend-web/tests/unit/voting/contest-approvals-api.test.ts
/api/admin/voting/approvals/:approvalId/reject,POST,bff,exercised-by-unit-or-integration-test,unit:route-import
/api/admin/voting/approvals,GET,bff,exercised-by-unit-or-integration-test,unit:route-import|unit:frontend-web/tests/unit/voting/contest-approvals-api.test.ts
/api/admin/voting/contest-prizes/:prizeId,DELETE,bff,exercised-by-unit-or-integration-test,unit:route-import
/api/admin/voting/contest-prizes/:prizeId,PATCH,bff,exercised-by-unit-or-integration-test,unit:route-import
/api/admin/voting/contest-prizes,GET,bff,exercised-by-unit-or-integration-test,unit:route-import|unit:frontend-web/tests/unit/voting/contest-prizes-admin-api.test.ts
/api/admin/voting/contest-prizes,POST,bff,exercised-by-unit-or-integration-test,unit:route-import|unit:frontend-web/tests/unit/voting/contest-prizes-admin-api.test.ts
/api/admin/voting/contest-templates/:templateId,DELETE,bff,exercised-by-unit-or-integration-test,unit:route-import
/api/admin/voting/contest-templates/:templateId,GET,bff,exercised-by-unit-or-integration-test,unit:route-import
/api/admin/voting/contest-templates/:templateId,PATCH,bff,exercised-by-unit-or-integration-test,unit:route-import
/api/admin/voting/contest-templates/:templateId/slots,PUT,bff,uncovered,
/api/admin/voting/contest-templates,GET,bff,exercised-by-unit-or-integration-test,unit:route-import|unit:frontend-web/tests/unit/voting/contest-templates-admin-api.test.ts
/api/admin/voting/contest-templates,POST,bff,exercised-by-unit-or-integration-test,unit:route-import|unit:frontend-web/tests/unit/voting/contest-templates-admin-api.test.ts
/api/admin/voting/package-templates/apply,POST,bff,uncovered,
/api/admin/voting/package-templates,DELETE,bff,uncovered,
/api/admin/voting/package-templates,GET,bff,uncovered,
/api/admin/voting/package-templates,PATCH,bff,uncovered,
/api/admin/voting/package-templates,POST,bff,uncovered,
/api/admin/voting/packages,DELETE,bff,exercised-by-live-e2e,e2e:frontend-web/tests/e2e/cross/cross-002-contest-lifecycle.spec.ts|e2e:frontend-web/tests/e2e/cross/helpers.ts|e2e:docs/e2e/results/cross.md|unit:route-import
/api/admin/voting/packages,GET,bff,exercised-by-live-e2e,e2e:frontend-web/tests/e2e/cross/cross-002-contest-lifecycle.spec.ts|e2e:frontend-web/tests/e2e/cross/helpers.ts|e2e:docs/e2e/results/cross.md|unit:route-import
/api/admin/voting/packages,PATCH,bff,exercised-by-live-e2e,e2e:frontend-web/tests/e2e/cross/cross-002-contest-lifecycle.spec.ts|e2e:frontend-web/tests/e2e/cross/helpers.ts|e2e:docs/e2e/results/cross.md|unit:route-import
/api/admin/voting/packages,POST,bff,exercised-by-live-e2e,e2e:frontend-web/tests/e2e/cross/cross-002-contest-lifecycle.spec.ts|e2e:frontend-web/tests/e2e/cross/helpers.ts|e2e:docs/e2e/results/cross.md|unit:route-import
/api/admin/voting/phases,DELETE,bff,uncovered,
/api/admin/voting/phases,GET,bff,uncovered,
/api/admin/voting/phases,POST,bff,uncovered,
/api/admin/voting/rounds/:roundId/publish-results,POST,bff,exercised-by-unit-or-integration-test,unit:route-import|unit:frontend-web/tests/unit/voting/publish-results.test.ts
/api/admin/voting/rounds/:roundId/results,GET,bff,uncovered,
/api/admin/voting/rounds,GET,bff,uncovered,
/api/admin/voting/rounds,PATCH,bff,uncovered,
/api/admin/voting/rounds,POST,bff,uncovered,
/api/admin/voting/settings,GET,bff,exercised-by-live-e2e,e2e:frontend-web/tests/e2e/cross/cross-002-contest-lifecycle.spec.ts|e2e:frontend-web/tests/e2e/cross/helpers.ts|e2e:docs/e2e/results/cross.md|unit:frontend-web/tests/unit/voting/ad004-free-vote-rules-sync.spec.ts
/api/admin/voting/settings,POST,bff,exercised-by-live-e2e,e2e:frontend-web/tests/e2e/cross/cross-002-contest-lifecycle.spec.ts|e2e:frontend-web/tests/e2e/cross/helpers.ts|e2e:docs/e2e/results/cross.md|unit:frontend-web/tests/unit/voting/ad004-free-vote-rules-sync.spec.ts
/api/admin/voting/votes/:voteId/reverse,POST,bff,exercised-by-unit-or-integration-test,unit:route-import|unit:frontend-web/tests/unit/voting/contest-approvals-api.test.ts|unit:frontend-web/tests/unit/voting/fraud-flag-and-vote-invalidation.spec.ts|unit:frontend-web/tests/unit/voting/sec-009-audit-log.spec.ts
/api/arena/:path*,DELETE,bff,uncovered,
/api/arena/:path*,GET,bff,uncovered,
/api/arena/:path*,PATCH,bff,uncovered,
/api/arena/:path*,POST,bff,uncovered,
/api/arena/:path*,PUT,bff,uncovered,
/api/auth/forgot-password,POST,bff,exercised-by-live-e2e,e2e:frontend-web/tests/e2e/auth/auth-003-forgot-reset.spec.ts|e2e:docs/e2e/results/auth.md
/api/auth/login,POST,bff,exercised-by-live-e2e,e2e:frontend-web/tests/e2e/admin/admin-002-user-management.spec.ts|e2e:frontend-web/tests/e2e/admin/admin-004-audit.spec.ts|e2e:frontend-web/tests/e2e/auth/auth-003-forgot-reset.spec.ts|e2e:frontend-web/tests/e2e/helpers/auth.ts
/api/auth/logout,POST,bff,uncovered,
/api/auth/me,GET,bff,uncovered,
/api/auth/otp-verify,POST,bff,exercised-by-unit-or-integration-test,unit:frontend-web/tests/unit/auth/login-flow.test.ts
/api/auth/recovery-session,POST,bff,uncovered,
/api/auth/register,POST,bff,exercised-by-live-e2e,e2e:frontend-web/tests/e2e/auth/auth-002-register.spec.ts|e2e:frontend-web/tests/e2e/auth/helpers.ts|e2e:frontend-web/tests/e2e/finance/fin-004-referrals.spec.ts|unit:frontend-web/tests/unit/auth/login-flow.test.ts
/api/auth/resend-otp,POST,bff,uncovered,
/api/auth/reset-password,POST,bff,exercised-by-live-e2e,e2e:frontend-web/tests/e2e/auth/auth-003-forgot-reset.spec.ts|unit:frontend-web/tests/unit/auth/otp-proxy.test.ts
/api/auth/verify-otp,POST,bff,exercised-by-live-e2e,e2e:frontend-web/tests/e2e/auth/auth-002-register.spec.ts|e2e:docs/e2e/results/auth.md
/api/bills/airtime/purchase,POST,bff,uncovered,
/api/bills/cable/pay,POST,bff,uncovered,
/api/bills/cable/validate,POST,bff,uncovered,
/api/bills/data/purchase,POST,bff,uncovered,
/api/bills/electricity/pay,POST,bff,uncovered,
/api/bills/electricity/validate,POST,bff,uncovered,
/api/compliance/:path*,DELETE,bff,uncovered,
/api/compliance/:path*,GET,bff,uncovered,
/api/compliance/:path*,PATCH,bff,uncovered,
/api/compliance/:path*,POST,bff,uncovered,
/api/compliance/:path*,PUT,bff,uncovered,
/api/contact,POST,bff,uncovered,
/api/contestant/votes/summary,GET,bff,exercised-by-unit-or-integration-test,unit:route-import|unit:frontend-web/tests/unit/voting/contestant-self-view-visibility.spec.ts
/api/contestant/votes/timeline,GET,bff,uncovered,
/api/contestants/:contestantId/share,GET,bff,uncovered,
/api/contestants/:contestantId/share,POST,bff,uncovered,
/api/crowdfunding/uploads/:fileKey,GET,bff,uncovered,
/api/crowdfunding/uploads/documents/:fileKey,GET,bff,uncovered,
/api/crowdfunding/uploads/documents,POST,bff,uncovered,
/api/crowdfunding/uploads,POST,bff,exercised-by-live-e2e,e2e:frontend-web/tests/e2e/user/user-006-upload.spec.ts|e2e:docs/e2e/results/user.md
/api/dashboard,GET,bff,uncovered,
/api/finance/:path*,DELETE,bff,exercised-by-live-e2e,e2e:frontend-web/tests/e2e/cross/cross-001-order-completion.spec.ts|e2e:frontend-web/tests/e2e/cross/cross-003-transfer.spec.ts|e2e:frontend-web/tests/e2e/cross/cross-004-audit-continuity.spec.ts|e2e:frontend-web/tests/e2e/finance/fin-001-wallet.spec.ts
/api/finance/:path*,GET,bff,exercised-by-live-e2e,e2e:frontend-web/tests/e2e/cross/cross-001-order-completion.spec.ts|e2e:frontend-web/tests/e2e/cross/cross-003-transfer.spec.ts|e2e:frontend-web/tests/e2e/cross/cross-004-audit-continuity.spec.ts|e2e:frontend-web/tests/e2e/finance/fin-001-wallet.spec.ts
/api/finance/:path*,PATCH,bff,exercised-by-live-e2e,e2e:frontend-web/tests/e2e/cross/cross-001-order-completion.spec.ts|e2e:frontend-web/tests/e2e/cross/cross-003-transfer.spec.ts|e2e:frontend-web/tests/e2e/cross/cross-004-audit-continuity.spec.ts|e2e:frontend-web/tests/e2e/finance/fin-001-wallet.spec.ts
/api/finance/:path*,POST,bff,exercised-by-live-e2e,e2e:frontend-web/tests/e2e/cross/cross-001-order-completion.spec.ts|e2e:frontend-web/tests/e2e/cross/cross-003-transfer.spec.ts|e2e:frontend-web/tests/e2e/cross/cross-004-audit-continuity.spec.ts|e2e:frontend-web/tests/e2e/finance/fin-001-wallet.spec.ts
/api/finance/:path*,PUT,bff,exercised-by-live-e2e,e2e:frontend-web/tests/e2e/cross/cross-001-order-completion.spec.ts|e2e:frontend-web/tests/e2e/cross/cross-003-transfer.spec.ts|e2e:frontend-web/tests/e2e/cross/cross-004-audit-continuity.spec.ts|e2e:frontend-web/tests/e2e/finance/fin-001-wallet.spec.ts
/api/finance/admin/kyc/:path*,DELETE,bff,uncovered,
/api/finance/admin/kyc/:path*,GET,bff,uncovered,
/api/finance/admin/kyc/:path*,PATCH,bff,uncovered,
/api/finance/admin/kyc/:path*,POST,bff,uncovered,
/api/finance/admin/kyc/:path*,PUT,bff,uncovered,
/api/finance/associations/:path(*),DELETE,bff,uncovered,
/api/finance/associations/:path(*),GET,bff,uncovered,
/api/finance/associations/:path(*),PATCH,bff,uncovered,
/api/finance/associations/:path(*),POST,bff,uncovered,
/api/finance/associations/:path(*),PUT,bff,uncovered,
/api/finance/kyc/:path*,DELETE,bff,uncovered,
/api/finance/kyc/:path*,GET,bff,uncovered,
/api/finance/kyc/:path*,PATCH,bff,uncovered,
/api/finance/kyc/:path*,POST,bff,uncovered,
/api/finance/kyc/:path*,PUT,bff,uncovered,
/api/health/banners/:filename,GET,bff,uncovered,
/api/inquiries,POST,bff,uncovered,
/api/kyc/webhooks/:provider,POST,bff,internal-or-infra-only,
/api/leaderboard/:contestId,GET,bff,exercised-by-unit-or-integration-test,unit:route-import|unit:frontend-web/tests/unit/voting/leaderboard-visibility.spec.ts|unit:frontend-web/tests/unit/voting/sec-006-injection-abuse.spec.ts
/api/me/applications,GET,bff,exercised-by-live-e2e,e2e:frontend-web/tests/e2e/user/user-002-dashboard.spec.ts|e2e:docs/e2e/results/user.md
/api/me/profile-completion,GET,bff,uncovered,
/api/me/profile,GET,bff,exercised-by-live-e2e,e2e:frontend-web/tests/e2e/user/user-001-complete-profile.spec.ts|e2e:frontend-web/tests/e2e/user/user-005-persistence.spec.ts|e2e:docs/e2e/results/user.md
/api/me/profile,PUT,bff,exercised-by-live-e2e,e2e:frontend-web/tests/e2e/user/user-001-complete-profile.spec.ts|e2e:frontend-web/tests/e2e/user/user-005-persistence.spec.ts|e2e:docs/e2e/results/user.md
/api/me,GET,bff,exercised-by-live-e2e,e2e:frontend-web/tests/e2e/user/user-002-dashboard.spec.ts|e2e:docs/e2e/results/user.md
/api/media/banners/:slug,GET,bff,uncovered,
/api/open-mic/applications,GET,bff,uncovered,
/api/open-mic/contests/:slug/apply,POST,bff,uncovered,
/api/open-mic/contests/:slug/beat/download,GET,bff,uncovered,
/api/open-mic/contests/:slug/beat/download,POST,bff,uncovered,
/api/open-mic/contests/:slug,GET,bff,uncovered,
/api/open-mic/contests,GET,bff,uncovered,
/api/open-mic/profile,GET,bff,uncovered,
/api/open-mic/songs/:id,GET,bff,uncovered,
/api/open-mic/submissions/:id/submit,POST,bff,uncovered,
/api/open-mic/submissions,GET,bff,uncovered,
/api/open-mic/submissions,POST,bff,uncovered,
/api/open-mic/uploads/complete,POST,bff,uncovered,
/api/open-mic/uploads/presign,POST,bff,uncovered,
/api/open-mic/uploads,POST,bff,uncovered,
/api/open-mic/votes/pay/initiate,POST,bff,uncovered,
/api/open-mic/votes/pay/verify,POST,bff,exercised-by-unit-or-integration-test,unit:route-import|unit:frontend-web/tests/unit/voting/open-mic-pay-verify.spec.ts
/api/open-mic/votes,POST,bff,uncovered,
/api/open-mic/votes/stream,GET,bff,uncovered,
/api/opportunities,GET,bff,exercised-by-live-e2e,e2e:frontend-web/tests/e2e/user/user-002-dashboard.spec.ts|e2e:docs/e2e/results/user.md
/api/registration/applications/:id/payment/callback,GET,bff,uncovered,
/api/registration/applications/:id/payment/initiate,POST,bff,exercised-by-unit-or-integration-test,unit:route-import|unit:frontend-web/tests/unit/registration/payment-initiate.spec.ts
/api/registration/applications/:id/payment/verify,GET,bff,uncovered,
/api/registration/applications/:id,GET,bff,exercised-by-live-e2e,e2e:frontend-web/tests/e2e/cross/cross-002-contest-lifecycle.spec.ts|e2e:frontend-web/tests/e2e/user/user-003-create-application.spec.ts|e2e:docs/e2e/results/user.md
/api/registration/applications/:id,PATCH,bff,exercised-by-live-e2e,e2e:frontend-web/tests/e2e/cross/cross-002-contest-lifecycle.spec.ts|e2e:frontend-web/tests/e2e/user/user-003-create-application.spec.ts|e2e:docs/e2e/results/user.md
/api/registration/applications/:id/status,GET,bff,uncovered,
/api/registration/applications/:id/submit,POST,bff,exercised-by-unit-or-integration-test,unit:route-import|unit:frontend-web/tests/unit/golden-path/registration.spec.ts
/api/registration/applications/:id/voting,GET,bff,uncovered,
/api/registration/applications/:id/withdraw,POST,bff,uncovered,
/api/registration/applications,GET,bff,exercised-by-live-e2e,e2e:frontend-web/tests/e2e/cross/cross-002-contest-lifecycle.spec.ts|e2e:frontend-web/tests/e2e/user/user-003-create-application.spec.ts|e2e:docs/e2e/results/cross.md|e2e:docs/e2e/results/user.md
/api/registration/applications,POST,bff,exercised-by-live-e2e,e2e:frontend-web/tests/e2e/cross/cross-002-contest-lifecycle.spec.ts|e2e:frontend-web/tests/e2e/user/user-003-create-application.spec.ts|e2e:docs/e2e/results/cross.md|e2e:docs/e2e/results/user.md
/api/registration/contests,GET,bff,uncovered,
/api/registration/for-contest,GET,bff,uncovered,
/api/registration/uploads/:fileKey,GET,bff,exercised-by-unit-or-integration-test,unit:frontend-web/tests/unit/registration/reality-tv-show-wizard-map.spec.ts|unit:frontend-web/tests/unit/registration/validation-file.spec.ts
/api/registration/uploads,POST,bff,exercised-by-live-e2e,e2e:frontend-web/tests/e2e/user/user-006-upload.spec.ts|e2e:docs/e2e/results/user.md|unit:route-import|unit:frontend-web/tests/unit/registration/sec-007-upload-content-type.spec.ts
/api/sponsor-meetings,POST,bff,uncovered,
/api/stem/applications/:id,GET,bff,uncovered,
/api/stem/applications/:id,PATCH,bff,uncovered,
/api/stem/applications/:id/status,GET,bff,uncovered,
/api/stem/applications/:id/submit,POST,bff,uncovered,
/api/stem/applications,GET,bff,uncovered,
/api/stem/applications,POST,bff,uncovered,
/api/stem/contests/:slug,GET,bff,uncovered,
/api/stem/contests,GET,bff,uncovered,
/api/stem/school-join-requests/:id/review,POST,bff,uncovered,
/api/stem/school-join-requests,GET,bff,uncovered,
/api/stem/school-join-requests,POST,bff,uncovered,
/api/stem/schools/:id/review,POST,bff,uncovered,
/api/stem/schools,GET,bff,uncovered,
/api/stem/schools,POST,bff,uncovered,
/api/v1/:path*,DELETE,bff,exercised-by-live-e2e,e2e:frontend-web/tests/e2e/admin/admin-001-login-dashboard.spec.ts|e2e:frontend-web/tests/e2e/admin/admin-003-rbac.spec.ts|e2e:frontend-web/tests/e2e/auth/auth-005-rbac.spec.ts|e2e:frontend-web/tests/e2e/cross/cross-002-contest-lifecycle.spec.ts
/api/v1/:path*,GET,bff,exercised-by-live-e2e,e2e:frontend-web/tests/e2e/admin/admin-001-login-dashboard.spec.ts|e2e:frontend-web/tests/e2e/admin/admin-003-rbac.spec.ts|e2e:frontend-web/tests/e2e/auth/auth-005-rbac.spec.ts|e2e:frontend-web/tests/e2e/cross/cross-002-contest-lifecycle.spec.ts
/api/v1/:path*,PATCH,bff,exercised-by-live-e2e,e2e:frontend-web/tests/e2e/admin/admin-001-login-dashboard.spec.ts|e2e:frontend-web/tests/e2e/admin/admin-003-rbac.spec.ts|e2e:frontend-web/tests/e2e/auth/auth-005-rbac.spec.ts|e2e:frontend-web/tests/e2e/cross/cross-002-contest-lifecycle.spec.ts
/api/v1/:path*,POST,bff,exercised-by-live-e2e,e2e:frontend-web/tests/e2e/admin/admin-001-login-dashboard.spec.ts|e2e:frontend-web/tests/e2e/admin/admin-003-rbac.spec.ts|e2e:frontend-web/tests/e2e/auth/auth-005-rbac.spec.ts|e2e:frontend-web/tests/e2e/cross/cross-002-contest-lifecycle.spec.ts
/api/v1/:path*,PUT,bff,exercised-by-live-e2e,e2e:frontend-web/tests/e2e/admin/admin-001-login-dashboard.spec.ts|e2e:frontend-web/tests/e2e/admin/admin-003-rbac.spec.ts|e2e:frontend-web/tests/e2e/auth/auth-005-rbac.spec.ts|e2e:frontend-web/tests/e2e/cross/cross-002-contest-lifecycle.spec.ts
/api/v1/academy/:path*,DELETE,bff,exercised-by-unit-or-integration-test,unit:frontend-web/tests/unit/academy-mock-exams.test.ts
/api/v1/academy/:path*,GET,bff,exercised-by-unit-or-integration-test,unit:frontend-web/tests/unit/academy-mock-exams.test.ts
/api/v1/academy/:path*,PATCH,bff,exercised-by-unit-or-integration-test,unit:frontend-web/tests/unit/academy-mock-exams.test.ts
/api/v1/academy/:path*,POST,bff,exercised-by-unit-or-integration-test,unit:frontend-web/tests/unit/academy-mock-exams.test.ts
/api/v1/academy/:path*,PUT,bff,exercised-by-unit-or-integration-test,unit:frontend-web/tests/unit/academy-mock-exams.test.ts
/api/v1/admin/adjustments/:id/approve,POST,bff,uncovered,
/api/v1/admin/adjustments/:id/reject,POST,bff,uncovered,
/api/v1/admin/adjustments,GET,bff,uncovered,
/api/v1/admin/adjustments,POST,bff,uncovered,
/api/v1/admin/contests,GET,bff,uncovered,
/api/v1/association/:path*,DELETE,bff,uncovered,
/api/v1/association/:path*,GET,bff,uncovered,
/api/v1/association/:path*,PATCH,bff,uncovered,
/api/v1/association/:path*,POST,bff,uncovered,
/api/v1/association/:path*,PUT,bff,uncovered,
/api/v1/banks/resolve,POST,bff,uncovered,
/api/v1/banks,GET,bff,uncovered,
/api/v1/beneficiaries/:id,DELETE,bff,uncovered,
/api/v1/beneficiaries/:id,PATCH,bff,uncovered,
/api/v1/beneficiaries,GET,bff,uncovered,
/api/v1/beneficiaries,POST,bff,uncovered,
/api/v1/connect/:path*,DELETE,bff,exercised-by-live-e2e,e2e:frontend-web/tests/e2e/cross/cross-002-contest-lifecycle.spec.ts|e2e:frontend-web/tests/e2e/social/soc-001-discovery.spec.ts|e2e:frontend-web/tests/e2e/social/soc-002-connect-hub.spec.ts|e2e:frontend-web/tests/e2e/social/soc-006-edge.spec.ts
/api/v1/connect/:path*,GET,bff,exercised-by-live-e2e,e2e:frontend-web/tests/e2e/cross/cross-002-contest-lifecycle.spec.ts|e2e:frontend-web/tests/e2e/social/soc-001-discovery.spec.ts|e2e:frontend-web/tests/e2e/social/soc-002-connect-hub.spec.ts|e2e:frontend-web/tests/e2e/social/soc-006-edge.spec.ts
/api/v1/connect/:path*,PATCH,bff,exercised-by-live-e2e,e2e:frontend-web/tests/e2e/cross/cross-002-contest-lifecycle.spec.ts|e2e:frontend-web/tests/e2e/social/soc-001-discovery.spec.ts|e2e:frontend-web/tests/e2e/social/soc-002-connect-hub.spec.ts|e2e:frontend-web/tests/e2e/social/soc-006-edge.spec.ts
/api/v1/connect/:path*,POST,bff,exercised-by-live-e2e,e2e:frontend-web/tests/e2e/cross/cross-002-contest-lifecycle.spec.ts|e2e:frontend-web/tests/e2e/social/soc-001-discovery.spec.ts|e2e:frontend-web/tests/e2e/social/soc-002-connect-hub.spec.ts|e2e:frontend-web/tests/e2e/social/soc-006-edge.spec.ts
/api/v1/connect/:path*,PUT,bff,exercised-by-live-e2e,e2e:frontend-web/tests/e2e/cross/cross-002-contest-lifecycle.spec.ts|e2e:frontend-web/tests/e2e/social/soc-001-discovery.spec.ts|e2e:frontend-web/tests/e2e/social/soc-002-connect-hub.spec.ts|e2e:frontend-web/tests/e2e/social/soc-006-edge.spec.ts
/api/v1/connect/share/:token,GET,bff,uncovered,
/api/v1/contestants/:id,GET,bff,uncovered,
/api/v1/contests/:id/contestants,GET,bff,exercised-by-live-e2e,e2e:frontend-web/tests/e2e/cross/cross-002-contest-lifecycle.spec.ts|e2e:docs/e2e/results/cross.md
/api/v1/contests/:id/leaderboard,GET,bff,uncovered,
/api/v1/contests/:id,GET,bff,uncovered,
/api/v1/contests/:id/vote-packages,GET,bff,uncovered,
/api/v1/contests/categories,GET,bff,uncovered,
/api/v1/contests,GET,bff,exercised-by-live-e2e,e2e:frontend-web/tests/e2e/cross/cross-002-contest-lifecycle.spec.ts|e2e:docs/e2e/results/cross.md
/api/v1/creators/:path*,GET,bff,exercised-by-live-e2e,e2e:frontend-web/tests/e2e/social/soc-001-discovery.spec.ts|e2e:frontend-web/tests/e2e/social/soc-005-creators-events.spec.ts|e2e:frontend-web/tests/e2e/social/soc-006-edge.spec.ts|e2e:docs/e2e/results/social.md
/api/v1/creators/:path*,PATCH,bff,exercised-by-live-e2e,e2e:frontend-web/tests/e2e/social/soc-001-discovery.spec.ts|e2e:frontend-web/tests/e2e/social/soc-005-creators-events.spec.ts|e2e:frontend-web/tests/e2e/social/soc-006-edge.spec.ts|e2e:docs/e2e/results/social.md
/api/v1/creators/:path*,POST,bff,exercised-by-live-e2e,e2e:frontend-web/tests/e2e/social/soc-001-discovery.spec.ts|e2e:frontend-web/tests/e2e/social/soc-005-creators-events.spec.ts|e2e:frontend-web/tests/e2e/social/soc-006-edge.spec.ts|e2e:docs/e2e/results/social.md
/api/v1/creators/:path*,PUT,bff,exercised-by-live-e2e,e2e:frontend-web/tests/e2e/social/soc-001-discovery.spec.ts|e2e:frontend-web/tests/e2e/social/soc-005-creators-events.spec.ts|e2e:frontend-web/tests/e2e/social/soc-006-edge.spec.ts|e2e:docs/e2e/results/social.md
/api/v1/crowdfunding/bank-accounts,GET,bff,uncovered,
/api/v1/crowdfunding/campaigns/:id/broadcast,POST,bff,uncovered,
/api/v1/crowdfunding/campaigns/:id/comments,GET,bff,uncovered,
/api/v1/crowdfunding/campaigns/:id/comments,POST,bff,uncovered,
/api/v1/crowdfunding/campaigns/:id/contribute,POST,bff,uncovered,
/api/v1/crowdfunding/campaigns/:id/contributors,GET,bff,uncovered,
/api/v1/crowdfunding/campaigns/:id/documents,GET,bff,uncovered,
/api/v1/crowdfunding/campaigns/:id/documents,POST,bff,uncovered,
/api/v1/crowdfunding/campaigns/:id/events,POST,bff,uncovered,
/api/v1/crowdfunding/campaigns/:id/milestones,GET,bff,uncovered,
/api/v1/crowdfunding/campaigns/:id,GET,bff,uncovered,
/api/v1/crowdfunding/campaigns/:id/save,DELETE,bff,uncovered,
/api/v1/crowdfunding/campaigns/:id/save,POST,bff,uncovered,
/api/v1/crowdfunding/campaigns/:id/updates,GET,bff,uncovered,
/api/v1/crowdfunding/campaigns/:id/updates,POST,bff,uncovered,
/api/v1/crowdfunding/campaigns,GET,bff,uncovered,
/api/v1/crowdfunding/campaigns,POST,bff,uncovered,
/api/v1/crowdfunding/categories,GET,bff,uncovered,
/api/v1/crowdfunding/comments/:commentId/reply,POST,bff,uncovered,
/api/v1/crowdfunding/comments/:commentId/report,POST,bff,uncovered,
/api/v1/crowdfunding/contributions/:id/refund-request,POST,bff,uncovered,
/api/v1/crowdfunding/contributions/:id,GET,bff,uncovered,
/api/v1/crowdfunding/contributions,GET,bff,uncovered,
/api/v1/crowdfunding/creator/campaigns/:id/analytics,GET,bff,uncovered,
/api/v1/crowdfunding/creator/campaigns/:id/feature-request,DELETE,bff,uncovered,
/api/v1/crowdfunding/creator/campaigns/:id/feature-request,POST,bff,uncovered,
/api/v1/crowdfunding/creator/campaigns/:id/pause,POST,bff,uncovered,
/api/v1/crowdfunding/creator/campaigns/:id/resume,POST,bff,uncovered,
/api/v1/crowdfunding/creator/campaigns/:id,DELETE,bff,uncovered,
/api/v1/crowdfunding/creator/campaigns/:id,PATCH,bff,uncovered,
/api/v1/crowdfunding/creator/campaigns/:id/unfeature,POST,bff,uncovered,
/api/v1/crowdfunding/creator/campaigns,GET,bff,uncovered,
/api/v1/crowdfunding/creator/contributions,GET,bff,uncovered,
/api/v1/crowdfunding/creator/notifications,GET,bff,uncovered,
/api/v1/crowdfunding/creator/stats,GET,bff,uncovered,
/api/v1/crowdfunding/creator/withdrawals,GET,bff,uncovered,
/api/v1/crowdfunding/csr/campaigns/:id,GET,bff,uncovered,
/api/v1/crowdfunding/csr/campaigns,GET,bff,uncovered,
/api/v1/crowdfunding/csr/employee-giving,GET,bff,uncovered,
/api/v1/crowdfunding/csr/impact,GET,bff,uncovered,
/api/v1/crowdfunding/csr/invoices,GET,bff,uncovered,
/api/v1/crowdfunding/csr/matches/:id/approve,POST,bff,uncovered,
/api/v1/crowdfunding/csr/matches,GET,bff,uncovered,
/api/v1/crowdfunding/csr/matches,POST,bff,uncovered,
/api/v1/crowdfunding/csr/profile,GET,bff,uncovered,
/api/v1/crowdfunding/help,GET,bff,uncovered,
/api/v1/crowdfunding/investment/education,GET,bff,uncovered,
/api/v1/crowdfunding/investment/offers/:id,GET,bff,uncovered,
/api/v1/crowdfunding/investment/offers,GET,bff,uncovered,
/api/v1/crowdfunding/investment/onboarding,POST,bff,uncovered,
/api/v1/crowdfunding/investment/portfolio,GET,bff,uncovered,
/api/v1/crowdfunding/investment/profile,GET,bff,uncovered,
/api/v1/crowdfunding/investment/quiz,GET,bff,uncovered,
/api/v1/crowdfunding/investment/subscribe,POST,bff,uncovered,
/api/v1/crowdfunding/ledger-entry/:id,GET,bff,uncovered,
/api/v1/crowdfunding/ledger/:id,GET,bff,uncovered,
/api/v1/crowdfunding/notifications/read,POST,bff,uncovered,
/api/v1/crowdfunding/notifications,GET,bff,uncovered,
/api/v1/crowdfunding/recently-viewed,GET,bff,uncovered,
/api/v1/crowdfunding/rewards/backers,GET,bff,uncovered,
/api/v1/crowdfunding/rewards/fulfilment/:id,PUT,bff,uncovered,
/api/v1/crowdfunding/saved-campaigns,GET,bff,uncovered,
/api/v1/crowdfunding/settings/notifications,GET,bff,uncovered,
/api/v1/crowdfunding/settings/notifications,PUT,bff,uncovered,
/api/v1/crowdfunding/support/tickets/:id/reply,POST,bff,uncovered,
/api/v1/crowdfunding/support/tickets/:id,GET,bff,uncovered,
/api/v1/crowdfunding/support/tickets,GET,bff,uncovered,
/api/v1/crowdfunding/support/tickets,POST,bff,uncovered,
/api/v1/crowdfunding/updates/:updateId/like,POST,bff,uncovered,
/api/v1/crowdfunding/wallet/:id,GET,bff,uncovered,
/api/v1/crowdfunding/withdraw/:id,POST,bff,uncovered,
/api/v1/crypto/:path*,DELETE,bff,uncovered,
/api/v1/crypto/:path*,GET,bff,uncovered,
/api/v1/crypto/:path*,PATCH,bff,uncovered,
/api/v1/crypto/:path*,POST,bff,uncovered,
/api/v1/crypto/:path*,PUT,bff,uncovered,
/api/v1/disputes,GET,bff,uncovered,
/api/v1/disputes,POST,bff,uncovered,
/api/v1/doctor/:path*,DELETE,bff,uncovered,
/api/v1/doctor/:path*,GET,bff,uncovered,
/api/v1/doctor/:path*,PATCH,bff,uncovered,
/api/v1/doctor/:path*,POST,bff,uncovered,
/api/v1/doctor/:path*,PUT,bff,uncovered,
/api/v1/doctor/bank-accounts/verify,POST,bff,uncovered,
/api/v1/driver/:path*,DELETE,bff,uncovered,
/api/v1/driver/:path*,GET,bff,uncovered,
/api/v1/driver/:path*,PATCH,bff,uncovered,
/api/v1/driver/:path*,POST,bff,uncovered,
/api/v1/driver/:path*,PUT,bff,uncovered,
/api/v1/elections/:id/ballot,GET,bff,uncovered,
/api/v1/elections/:id/candidates/:candidateId/media,GET,bff,uncovered,
/api/v1/elections/:id/eligibility,GET,bff,uncovered,
/api/v1/elections/:id/publish,POST,bff,uncovered,
/api/v1/elections/:id,GET,bff,uncovered,
/api/v1/elections/:id/vote,POST,bff,uncovered,
/api/v1/elections/active,GET,bff,uncovered,
/api/v1/elections,GET,bff,uncovered,
/api/v1/elections,POST,bff,uncovered,
/api/v1/estate/admin/summary,GET,bff,uncovered,
/api/v1/estate/ai-notes/generate,POST,bff,uncovered,
/api/v1/estate/ai-notes,GET,bff,uncovered,
/api/v1/estate/analytics/:type,GET,bff,uncovered,
/api/v1/estate/announcements/:id/read,POST,bff,uncovered,
/api/v1/estate/announcements/:id,GET,bff,uncovered,
/api/v1/estate/announcements,GET,bff,uncovered,
/api/v1/estate/announcements,POST,bff,uncovered,
/api/v1/estate/documents,GET,bff,uncovered,
/api/v1/estate/documents,POST,bff,uncovered,
/api/v1/estate/dues/:id/pay,POST,bff,uncovered,
/api/v1/estate/dues,GET,bff,uncovered,
/api/v1/estate/emergencies/:id/resolve,POST,bff,uncovered,
/api/v1/estate/emergencies,GET,bff,uncovered,
/api/v1/estate/emergencies,POST,bff,uncovered,
/api/v1/estate/facilities/bookings/:id/cancel,POST,bff,uncovered,
/api/v1/estate/facilities/bookings,GET,bff,uncovered,
/api/v1/estate/facilities/bookings,POST,bff,uncovered,
/api/v1/estate/facilities,GET,bff,uncovered,
/api/v1/estate/finance,GET,bff,uncovered,
/api/v1/estate/meetings/:id/minutes,GET,bff,uncovered,
/api/v1/estate/meetings/:id,GET,bff,uncovered,
/api/v1/estate/meetings/:id/rsvp,POST,bff,uncovered,
/api/v1/estate/meetings,GET,bff,uncovered,
/api/v1/estate/meetings,POST,bff,uncovered,
/api/v1/estate/notifications/:id/read,POST,bff,uncovered,
/api/v1/estate/notifications/read-all,POST,bff,uncovered,
/api/v1/estate/notifications,GET,bff,uncovered,
/api/v1/estate/properties,GET,bff,uncovered,
/api/v1/estate/repairs/:id,GET,bff,uncovered,
/api/v1/estate/repairs/:id/updates,POST,bff,uncovered,
/api/v1/estate/repairs,GET,bff,uncovered,
/api/v1/estate/repairs,POST,bff,uncovered,
/api/v1/estate/reports,GET,bff,uncovered,
/api/v1/estate/settings,GET,bff,uncovered,
/api/v1/estate/settings,PATCH,bff,uncovered,
/api/v1/estate/tasks/:id,GET,bff,uncovered,
/api/v1/estate/tasks/:id/status,POST,bff,uncovered,
/api/v1/estate/tasks,GET,bff,uncovered,
/api/v1/estate/tasks,POST,bff,uncovered,
/api/v1/estate/vendors/jobs/:id/status,POST,bff,uncovered,
/api/v1/estate/vendors/jobs,GET,bff,uncovered,
/api/v1/estate/vendors,GET,bff,uncovered,
/api/v1/estate/vendors/self/earnings,GET,bff,uncovered,
/api/v1/estate/vendors/self/jobs/:id/quote,POST,bff,uncovered,
/api/v1/estate/vendors/self/onboard,POST,bff,uncovered,
/api/v1/events/:path*,GET,bff,exercised-by-live-e2e,e2e:frontend-web/tests/e2e/social/soc-001-discovery.spec.ts|e2e:frontend-web/tests/e2e/social/soc-005-creators-events.spec.ts|e2e:docs/e2e/results/social.md
/api/v1/events/:path*,PATCH,bff,exercised-by-live-e2e,e2e:frontend-web/tests/e2e/social/soc-001-discovery.spec.ts|e2e:frontend-web/tests/e2e/social/soc-005-creators-events.spec.ts|e2e:docs/e2e/results/social.md
/api/v1/events/:path*,POST,bff,exercised-by-live-e2e,e2e:frontend-web/tests/e2e/social/soc-001-discovery.spec.ts|e2e:frontend-web/tests/e2e/social/soc-005-creators-events.spec.ts|e2e:docs/e2e/results/social.md
/api/v1/events/:path*,PUT,bff,exercised-by-live-e2e,e2e:frontend-web/tests/e2e/social/soc-001-discovery.spec.ts|e2e:frontend-web/tests/e2e/social/soc-005-creators-events.spec.ts|e2e:docs/e2e/results/social.md
/api/v1/events/:id,GET,bff,uncovered,
/api/v1/events/:id/tickets,POST,bff,uncovered,
/api/v1/events,POST,bff,exercised-by-live-e2e,e2e:frontend-web/tests/e2e/social/soc-005-creators-events.spec.ts|e2e:docs/e2e/results/social.md
/api/v1/food/cart,DELETE,bff,uncovered,
/api/v1/food/cart,GET,bff,uncovered,
/api/v1/food/cart,POST,bff,uncovered,
/api/v1/fractionalre/:path*,DELETE,bff,uncovered,
/api/v1/fractionalre/:path*,GET,bff,uncovered,
/api/v1/fractionalre/:path*,PATCH,bff,uncovered,
/api/v1/fractionalre/:path*,POST,bff,uncovered,
/api/v1/fractionalre/:path*,PUT,bff,uncovered,
/api/v1/fx/:path*,DELETE,bff,uncovered,
/api/v1/fx/:path*,GET,bff,uncovered,
/api/v1/fx/:path*,PATCH,bff,uncovered,
/api/v1/fx/:path*,POST,bff,uncovered,
/api/v1/fx/:path*,PUT,bff,uncovered,
/api/v1/groups/:id/dues,POST,bff,uncovered,
/api/v1/groups,GET,bff,exercised-by-live-e2e,e2e:frontend-web/tests/e2e/social/soc-001-discovery.spec.ts|e2e:frontend-web/tests/e2e/social/soc-003-groups.spec.ts|e2e:frontend-web/tests/e2e/social/soc-006-edge.spec.ts|e2e:docs/e2e/results/social.md
/api/v1/groups,POST,bff,exercised-by-live-e2e,e2e:frontend-web/tests/e2e/social/soc-001-discovery.spec.ts|e2e:frontend-web/tests/e2e/social/soc-003-groups.spec.ts|e2e:frontend-web/tests/e2e/social/soc-006-edge.spec.ts|e2e:docs/e2e/results/social.md
/api/v1/health/:path*,GET,bff,uncovered,
/api/v1/health/:path*,PATCH,bff,uncovered,
/api/v1/health/:path*,POST,bff,uncovered,
/api/v1/health/:path*,PUT,bff,uncovered,
/api/v1/insurance/:path*,GET,bff,uncovered,
/api/v1/insurance/:path*,PATCH,bff,uncovered,
/api/v1/insurance/:path*,POST,bff,uncovered,
/api/v1/insurance/:path*,PUT,bff,uncovered,
/api/v1/invest/:path*,DELETE,bff,uncovered,
/api/v1/invest/:path*,GET,bff,uncovered,
/api/v1/invest/:path*,PATCH,bff,uncovered,
/api/v1/invest/:path*,POST,bff,uncovered,
/api/v1/invest/:path*,PUT,bff,uncovered,
/api/v1/kyc/initiate,POST,bff,exercised-by-unit-or-integration-test,unit:route-import|unit:frontend-web/tests/unit/kyc/routes.spec.ts
/api/v1/kyc/me,GET,bff,exercised-by-unit-or-integration-test,unit:route-import|unit:frontend-web/tests/unit/kyc/routes.spec.ts
/api/v1/kyc/tier0,POST,bff,uncovered,
/api/v1/landing/:path*,GET,bff,uncovered,
/api/v1/learn/:path*,DELETE,bff,uncovered,
/api/v1/learn/:path*,GET,bff,uncovered,
/api/v1/learn/:path*,PATCH,bff,uncovered,
/api/v1/learn/:path*,POST,bff,uncovered,
/api/v1/learn/:path*,PUT,bff,uncovered,
/api/v1/loyalty/:path*,GET,bff,uncovered,
/api/v1/loyalty/:path*,PATCH,bff,uncovered,
/api/v1/loyalty/:path*,POST,bff,uncovered,
/api/v1/loyalty/:path*,PUT,bff,uncovered,
/api/v1/maps/:path*,DELETE,bff,uncovered,
/api/v1/maps/:path*,GET,bff,uncovered,
/api/v1/maps/:path*,PATCH,bff,uncovered,
/api/v1/maps/:path*,POST,bff,uncovered,
/api/v1/maps/:path*,PUT,bff,uncovered,
/api/v1/marketplace/:path*,DELETE,bff,exercised-by-live-e2e,e2e:frontend-web/tests/e2e/social/soc-001-discovery.spec.ts|e2e:frontend-web/tests/e2e/social/soc-004-marketplace.spec.ts|e2e:frontend-web/tests/e2e/social/soc-006-edge.spec.ts|e2e:docs/e2e/results/social.md
/api/v1/marketplace/:path*,GET,bff,exercised-by-live-e2e,e2e:frontend-web/tests/e2e/social/soc-001-discovery.spec.ts|e2e:frontend-web/tests/e2e/social/soc-004-marketplace.spec.ts|e2e:frontend-web/tests/e2e/social/soc-006-edge.spec.ts|e2e:docs/e2e/results/social.md
/api/v1/marketplace/:path*,PATCH,bff,exercised-by-live-e2e,e2e:frontend-web/tests/e2e/social/soc-001-discovery.spec.ts|e2e:frontend-web/tests/e2e/social/soc-004-marketplace.spec.ts|e2e:frontend-web/tests/e2e/social/soc-006-edge.spec.ts|e2e:docs/e2e/results/social.md
/api/v1/marketplace/:path*,POST,bff,exercised-by-live-e2e,e2e:frontend-web/tests/e2e/social/soc-001-discovery.spec.ts|e2e:frontend-web/tests/e2e/social/soc-004-marketplace.spec.ts|e2e:frontend-web/tests/e2e/social/soc-006-edge.spec.ts|e2e:docs/e2e/results/social.md
/api/v1/marketplace/:path*,PUT,bff,exercised-by-live-e2e,e2e:frontend-web/tests/e2e/social/soc-001-discovery.spec.ts|e2e:frontend-web/tests/e2e/social/soc-004-marketplace.spec.ts|e2e:frontend-web/tests/e2e/social/soc-006-edge.spec.ts|e2e:docs/e2e/results/social.md
/api/v1/me/capabilities,GET,bff,uncovered,
/api/v1/me/tier,GET,bff,uncovered,
/api/v1/mobility/:path*,DELETE,bff,uncovered,
/api/v1/mobility/:path*,GET,bff,uncovered,
/api/v1/mobility/:path*,PATCH,bff,uncovered,
/api/v1/mobility/:path*,POST,bff,uncovered,
/api/v1/mobility/:path*,PUT,bff,uncovered,
/api/v1/notifications/push-token,POST,bff,uncovered,
/api/v1/nutrition/:path*,DELETE,bff,uncovered,
/api/v1/nutrition/:path*,GET,bff,uncovered,
/api/v1/nutrition/:path*,PATCH,bff,uncovered,
/api/v1/nutrition/:path*,POST,bff,uncovered,
/api/v1/nutrition/:path*,PUT,bff,uncovered,
/api/v1/onboarding/:path*,DELETE,bff,uncovered,
/api/v1/onboarding/:path*,GET,bff,uncovered,
/api/v1/onboarding/:path*,PATCH,bff,uncovered,
/api/v1/onboarding/:path*,POST,bff,uncovered,
/api/v1/onboarding/:path*,PUT,bff,uncovered,
/api/v1/p2p/:path*,GET,bff,exercised-by-live-e2e,e2e:frontend-web/tests/e2e/social/soc-001-discovery.spec.ts|e2e:docs/e2e/results/social.md
/api/v1/p2p/:path*,PATCH,bff,exercised-by-live-e2e,e2e:frontend-web/tests/e2e/social/soc-001-discovery.spec.ts|e2e:docs/e2e/results/social.md
/api/v1/p2p/:path*,POST,bff,exercised-by-live-e2e,e2e:frontend-web/tests/e2e/social/soc-001-discovery.spec.ts|e2e:docs/e2e/results/social.md
/api/v1/p2p/:path*,PUT,bff,exercised-by-live-e2e,e2e:frontend-web/tests/e2e/social/soc-001-discovery.spec.ts|e2e:docs/e2e/results/social.md
/api/v1/payments/gateway/reconcile,POST,bff,exercised-by-unit-or-integration-test,unit:route-import|unit:frontend-web/tests/unit/payments/gateway-reconcile.spec.ts
/api/v1/payments/gateway/recover,POST,bff,exercised-by-unit-or-integration-test,unit:route-import|unit:frontend-web/tests/unit/payments/gateway-recover.spec.ts
/api/v1/placement/:path*,DELETE,bff,uncovered,
/api/v1/placement/:path*,GET,bff,uncovered,
/api/v1/placement/:path*,PATCH,bff,uncovered,
/api/v1/placement/:path*,POST,bff,uncovered,
/api/v1/placement/:path*,PUT,bff,uncovered,
/api/v1/ratings/:entity_id,GET,bff,uncovered,
/api/v1/ratings,POST,bff,uncovered,
/api/v1/realtime/:path*,GET,bff,uncovered,
/api/v1/realtor/ai/assist,POST,bff,uncovered,
/api/v1/realtor/ai/listing-copy,POST,bff,uncovered,
/api/v1/realtor/invoices/:id/pay,POST,bff,uncovered,
/api/v1/referral/:path*,GET,bff,exercised-by-live-e2e,e2e:frontend-web/tests/e2e/finance/fin-004-referrals.spec.ts
/api/v1/referral/:path*,PATCH,bff,exercised-by-live-e2e,e2e:frontend-web/tests/e2e/finance/fin-004-referrals.spec.ts
/api/v1/referral/:path*,POST,bff,exercised-by-live-e2e,e2e:frontend-web/tests/e2e/finance/fin-004-referrals.spec.ts
/api/v1/referral/:path*,PUT,bff,exercised-by-live-e2e,e2e:frontend-web/tests/e2e/finance/fin-004-referrals.spec.ts
/api/v1/referrals/:path*,DELETE,bff,uncovered,
/api/v1/referrals/:path*,GET,bff,uncovered,
/api/v1/referrals/:path*,PATCH,bff,uncovered,
/api/v1/referrals/:path*,POST,bff,uncovered,
/api/v1/referrals/:path*,PUT,bff,uncovered,
/api/v1/referrals/me,GET,bff,uncovered,
/api/v1/referrals/outbox,POST,bff,uncovered,
/api/v1/restaurant/:id/availability,PATCH,bff,exercised-by-live-e2e,e2e:frontend-web/tests/e2e/provider/provider-001-onboarding.spec.ts|e2e:frontend-web/tests/e2e/user/user-004-pagination.spec.ts|e2e:docs/e2e/results/provider.md|e2e:docs/e2e/results/user.md
/api/v1/restaurant/:id/delivery-quote,POST,bff,uncovered,
/api/v1/restaurant/:id/like,DELETE,bff,uncovered,
/api/v1/restaurant/:id/like,POST,bff,uncovered,
/api/v1/restaurant/:id/menu/:path*,DELETE,bff,exercised-by-live-e2e,e2e:frontend-web/tests/e2e/cross/cross-001-order-completion.spec.ts|e2e:frontend-web/tests/e2e/cross/cross-004-audit-continuity.spec.ts|e2e:frontend-web/tests/e2e/provider/provider-001-onboarding.spec.ts|e2e:frontend-web/tests/e2e/provider/provider-003-menu-offering.spec.ts
/api/v1/restaurant/:id/menu/:path*,GET,bff,exercised-by-live-e2e,e2e:frontend-web/tests/e2e/cross/cross-001-order-completion.spec.ts|e2e:frontend-web/tests/e2e/cross/cross-004-audit-continuity.spec.ts|e2e:frontend-web/tests/e2e/provider/provider-001-onboarding.spec.ts|e2e:frontend-web/tests/e2e/provider/provider-003-menu-offering.spec.ts
/api/v1/restaurant/:id/menu/:path*,PATCH,bff,exercised-by-live-e2e,e2e:frontend-web/tests/e2e/cross/cross-001-order-completion.spec.ts|e2e:frontend-web/tests/e2e/cross/cross-004-audit-continuity.spec.ts|e2e:frontend-web/tests/e2e/provider/provider-001-onboarding.spec.ts|e2e:frontend-web/tests/e2e/provider/provider-003-menu-offering.spec.ts
/api/v1/restaurant/:id/menu/:path*,POST,bff,exercised-by-live-e2e,e2e:frontend-web/tests/e2e/cross/cross-001-order-completion.spec.ts|e2e:frontend-web/tests/e2e/cross/cross-004-audit-continuity.spec.ts|e2e:frontend-web/tests/e2e/provider/provider-001-onboarding.spec.ts|e2e:frontend-web/tests/e2e/provider/provider-003-menu-offering.spec.ts
/api/v1/restaurant/:id/orders/:orderId,DELETE,bff,uncovered,
/api/v1/restaurant/:id/orders/:orderId,PATCH,bff,uncovered,
/api/v1/restaurant/:id/orders/:orderId/status,PATCH,bff,exercised-by-live-e2e,e2e:frontend-web/tests/e2e/cross/cross-001-order-completion.spec.ts|e2e:frontend-web/tests/e2e/cross/cross-004-audit-continuity.spec.ts|e2e:frontend-web/tests/e2e/provider/provider-004-visibility-order.spec.ts|e2e:docs/e2e/results/cross.md
/api/v1/restaurant/:id/orders/paystack/initiate,POST,bff,uncovered,
/api/v1/restaurant/:id/orders,POST,bff,exercised-by-live-e2e,e2e:frontend-web/tests/e2e/cross/cross-001-order-completion.spec.ts|e2e:frontend-web/tests/e2e/cross/cross-004-audit-continuity.spec.ts|e2e:docs/e2e/results/cross.md|e2e:docs/e2e/results/provider.md
/api/v1/restaurant/:id,GET,bff,exercised-by-live-e2e,e2e:frontend-web/tests/e2e/provider/provider-001-onboarding.spec.ts|e2e:frontend-web/tests/e2e/provider/provider-003-menu-offering.spec.ts|e2e:frontend-web/tests/e2e/provider/provider-004-visibility-order.spec.ts|e2e:docs/e2e/results/provider.md
/api/v1/restaurant/:id,PATCH,bff,exercised-by-live-e2e,e2e:frontend-web/tests/e2e/provider/provider-001-onboarding.spec.ts|e2e:frontend-web/tests/e2e/provider/provider-003-menu-offering.spec.ts|e2e:frontend-web/tests/e2e/provider/provider-004-visibility-order.spec.ts|e2e:docs/e2e/results/provider.md
/api/v1/restaurant/bank-accounts/verify,POST,bff,uncovered,
/api/v1/restaurant/earnings,GET,bff,uncovered,
/api/v1/restaurant/mine,GET,bff,exercised-by-live-e2e,e2e:frontend-web/tests/e2e/provider/provider-001-onboarding.spec.ts|e2e:docs/e2e/results/cross.md|e2e:docs/e2e/results/provider.md
/api/v1/restaurant/orders/:path*,DELETE,bff,uncovered,
/api/v1/restaurant/orders/:path*,GET,bff,uncovered,
/api/v1/restaurant/orders/:path*,PATCH,bff,uncovered,
/api/v1/restaurant/orders/:path*,POST,bff,uncovered,
/api/v1/restaurant/orders/:path*,PUT,bff,uncovered,
/api/v1/restaurant/rider/:path*,DELETE,bff,uncovered,
/api/v1/restaurant/rider/:path*,GET,bff,uncovered,
/api/v1/restaurant/rider/:path*,PATCH,bff,uncovered,
/api/v1/restaurant/rider/:path*,POST,bff,uncovered,
/api/v1/restaurant/rider/:path*,PUT,bff,uncovered,
/api/v1/restaurant,GET,bff,exercised-by-live-e2e,e2e:frontend-web/tests/e2e/provider/helpers.ts|e2e:frontend-web/tests/e2e/provider/provider-001-onboarding.spec.ts|e2e:frontend-web/tests/e2e/provider/provider-002-kyb-approval.spec.ts|e2e:frontend-web/tests/e2e/provider/provider-004-visibility-order.spec.ts
/api/v1/restaurant,POST,bff,exercised-by-live-e2e,e2e:frontend-web/tests/e2e/provider/helpers.ts|e2e:frontend-web/tests/e2e/provider/provider-001-onboarding.spec.ts|e2e:frontend-web/tests/e2e/provider/provider-002-kyb-approval.spec.ts|e2e:frontend-web/tests/e2e/provider/provider-004-visibility-order.spec.ts
/api/v1/restaurant/ws,GET,bff,uncovered,
/api/v1/savings/:path*,GET,bff,exercised-by-live-e2e,e2e:frontend-web/tests/e2e/finance/fin-002-savings.spec.ts|e2e:docs/e2e/results/finance.md
/api/v1/savings/:path*,PATCH,bff,exercised-by-live-e2e,e2e:frontend-web/tests/e2e/finance/fin-002-savings.spec.ts|e2e:docs/e2e/results/finance.md
/api/v1/savings/:path*,POST,bff,exercised-by-live-e2e,e2e:frontend-web/tests/e2e/finance/fin-002-savings.spec.ts|e2e:docs/e2e/results/finance.md
/api/v1/savings/:path*,PUT,bff,exercised-by-live-e2e,e2e:frontend-web/tests/e2e/finance/fin-002-savings.spec.ts|e2e:docs/e2e/results/finance.md
/api/v1/social/:path*,GET,bff,exercised-by-live-e2e,e2e:frontend-web/tests/e2e/social/soc-001-discovery.spec.ts|e2e:frontend-web/tests/e2e/social/soc-006-edge.spec.ts|e2e:docs/e2e/results/social.md
/api/v1/social/:path*,PATCH,bff,exercised-by-live-e2e,e2e:frontend-web/tests/e2e/social/soc-001-discovery.spec.ts|e2e:frontend-web/tests/e2e/social/soc-006-edge.spec.ts|e2e:docs/e2e/results/social.md
/api/v1/social/:path*,POST,bff,exercised-by-live-e2e,e2e:frontend-web/tests/e2e/social/soc-001-discovery.spec.ts|e2e:frontend-web/tests/e2e/social/soc-006-edge.spec.ts|e2e:docs/e2e/results/social.md
/api/v1/social/:path*,PUT,bff,exercised-by-live-e2e,e2e:frontend-web/tests/e2e/social/soc-001-discovery.spec.ts|e2e:frontend-web/tests/e2e/social/soc-006-edge.spec.ts|e2e:docs/e2e/results/social.md
/api/v1/spotlight/:path*,DELETE,bff,uncovered,
/api/v1/spotlight/:path*,GET,bff,uncovered,
/api/v1/spotlight/:path*,PATCH,bff,uncovered,
/api/v1/spotlight/:path*,POST,bff,uncovered,
/api/v1/spotlight/:path*,PUT,bff,uncovered,
/api/v1/spray/:path*,GET,bff,exercised-by-live-e2e,e2e:frontend-web/tests/e2e/social/soc-001-discovery.spec.ts|e2e:frontend-web/tests/e2e/social/soc-005-creators-events.spec.ts|e2e:docs/e2e/results/social.md|unit:route-import
/api/v1/spray/:path*,PATCH,bff,exercised-by-live-e2e,e2e:frontend-web/tests/e2e/social/soc-001-discovery.spec.ts|e2e:frontend-web/tests/e2e/social/soc-005-creators-events.spec.ts|e2e:docs/e2e/results/social.md|unit:route-import
/api/v1/spray/:path*,POST,bff,exercised-by-live-e2e,e2e:frontend-web/tests/e2e/social/soc-001-discovery.spec.ts|e2e:frontend-web/tests/e2e/social/soc-005-creators-events.spec.ts|e2e:docs/e2e/results/social.md|unit:route-import
/api/v1/spray/:path*,PUT,bff,exercised-by-live-e2e,e2e:frontend-web/tests/e2e/social/soc-001-discovery.spec.ts|e2e:frontend-web/tests/e2e/social/soc-005-creators-events.spec.ts|e2e:docs/e2e/results/social.md|unit:route-import
/api/v1/stays/:path*,DELETE,bff,exercised-by-live-e2e,e2e:frontend-web/tests/e2e/social/soc-001-discovery.spec.ts|e2e:docs/e2e/results/social.md
/api/v1/stays/:path*,GET,bff,exercised-by-live-e2e,e2e:frontend-web/tests/e2e/social/soc-001-discovery.spec.ts|e2e:docs/e2e/results/social.md
/api/v1/stays/:path*,PATCH,bff,exercised-by-live-e2e,e2e:frontend-web/tests/e2e/social/soc-001-discovery.spec.ts|e2e:docs/e2e/results/social.md
/api/v1/stays/:path*,POST,bff,exercised-by-live-e2e,e2e:frontend-web/tests/e2e/social/soc-001-discovery.spec.ts|e2e:docs/e2e/results/social.md
/api/v1/stays/:path*,PUT,bff,exercised-by-live-e2e,e2e:frontend-web/tests/e2e/social/soc-001-discovery.spec.ts|e2e:docs/e2e/results/social.md
/api/v1/stays/extranet/:path*,DELETE,bff,uncovered,
/api/v1/stays/extranet/:path*,GET,bff,uncovered,
/api/v1/stays/extranet/:path*,PATCH,bff,uncovered,
/api/v1/stays/extranet/:path*,POST,bff,uncovered,
/api/v1/stays/extranet/:path*,PUT,bff,uncovered,
/api/v1/stocks/:path*,DELETE,bff,uncovered,
/api/v1/stocks/:path*,GET,bff,uncovered,
/api/v1/stocks/:path*,PATCH,bff,uncovered,
/api/v1/stocks/:path*,POST,bff,uncovered,
/api/v1/stocks/:path*,PUT,bff,uncovered,
/api/v1/support/sessions/:id/escalate,POST,bff,uncovered,
/api/v1/support/sessions/:id/messages,GET,bff,uncovered,
/api/v1/support/sessions/:id/messages,POST,bff,uncovered,
/api/v1/support/sessions,POST,bff,uncovered,
/api/v1/telemedicine/:path*,DELETE,bff,uncovered,
/api/v1/telemedicine/:path*,GET,bff,uncovered,
/api/v1/telemedicine/:path*,PATCH,bff,uncovered,
/api/v1/telemedicine/:path*,POST,bff,uncovered,
/api/v1/telemedicine/:path*,PUT,bff,uncovered,
/api/v1/telemedicine/appointments/:id/complete,POST,bff,uncovered,
/api/v1/telemedicine/appointments/:id/prescription,POST,bff,uncovered,
/api/v1/telemedicine/appointments/:id,DELETE,bff,uncovered,
/api/v1/telemedicine/appointments,POST,bff,uncovered,
/api/v1/telemedicine/doctors,GET,bff,uncovered,
/api/v1/telemedicine/doctors,POST,bff,uncovered,
/api/v1/transfers/:path*,DELETE,bff,uncovered,
/api/v1/transfers/:path*,GET,bff,uncovered,
/api/v1/transfers/:path*,PATCH,bff,uncovered,
/api/v1/transfers/:path*,POST,bff,uncovered,
/api/v1/transfers/:path*,PUT,bff,uncovered,
/api/v1/transfers/bank/:id,GET,bff,exercised-by-unit-or-integration-test,unit:route-import|unit:frontend-web/tests/unit/transfers/bank-transfer-verify.spec.ts
/api/v1/transfers/bank,POST,bff,uncovered,
/api/v1/transfers/paymax/resolve,GET,bff,uncovered,
/api/v1/transfers/paymax,POST,bff,uncovered,
/api/v1/transport/drivers,POST,bff,uncovered,
/api/v1/transport/trips/:id/accept,POST,bff,uncovered,
/api/v1/transport/trips/:id/status,PATCH,bff,uncovered,
/api/v1/transport/trips,POST,bff,uncovered,
/api/v1/utility/beneficiaries/:id,DELETE,bff,exercised-by-unit-or-integration-test,unit:route-import|unit:frontend-web/tests/unit/utility/beneficiaries.spec.ts
/api/v1/utility/beneficiaries,GET,bff,exercised-by-unit-or-integration-test,unit:route-import|unit:frontend-web/tests/unit/utility/beneficiaries.spec.ts
/api/v1/utility/beneficiaries,POST,bff,exercised-by-unit-or-integration-test,unit:route-import|unit:frontend-web/tests/unit/utility/beneficiaries.spec.ts
/api/v1/utility/billers,GET,bff,uncovered,
/api/v1/utility/categories,GET,bff,exercised-by-unit-or-integration-test,unit:route-import|unit:frontend-web/tests/unit/utility/routes.spec.ts
/api/v1/utility/logos,GET,bff,uncovered,
/api/v1/utility/pay,POST,bff,exercised-by-unit-or-integration-test,unit:route-import|unit:frontend-web/tests/unit/utility/routes.spec.ts
/api/v1/utility/paystack/callback,GET,bff,uncovered,
/api/v1/utility/paystack/initiate,POST,bff,uncovered,
/api/v1/utility/paystack/verify,POST,bff,uncovered,
/api/v1/utility/products,GET,bff,uncovered,
/api/v1/utility/transactions/:id/dispute,POST,bff,uncovered,
/api/v1/utility/transactions/:id/receipt,GET,bff,uncovered,
/api/v1/utility/transactions/:id/requery,POST,bff,uncovered,
/api/v1/utility/transactions/:id,GET,bff,uncovered,
/api/v1/utility/transactions,GET,bff,uncovered,
/api/v1/utility/validate,POST,bff,uncovered,
/api/v1/virtual-accounts/me,GET,bff,exercised-by-unit-or-integration-test,unit:route-import|unit:frontend-web/tests/unit/virtual-accounts/routes.spec.ts
/api/v1/visitor/analytics,GET,bff,uncovered,
/api/v1/visitor/blacklist/:id,DELETE,bff,uncovered,
/api/v1/visitor/blacklist,GET,bff,uncovered,
/api/v1/visitor/blacklist,POST,bff,uncovered,
/api/v1/visitor/codes/:id/arrival,POST,bff,uncovered,
/api/v1/visitor/codes/:id/attendance,GET,bff,uncovered,
/api/v1/visitor/codes/:id/exit,POST,bff,uncovered,
/api/v1/visitor/codes/:id/extend,POST,bff,uncovered,
/api/v1/visitor/codes/:id/revoke,POST,bff,uncovered,
/api/v1/visitor/codes/:id,GET,bff,uncovered,
/api/v1/visitor/codes/:id/share,POST,bff,uncovered,
/api/v1/visitor/codes/event,POST,bff,uncovered,
/api/v1/visitor/codes/import,POST,bff,uncovered,
/api/v1/visitor/codes,GET,bff,uncovered,
/api/v1/visitor/codes,POST,bff,uncovered,
/api/v1/visitor/gate/approve,POST,bff,uncovered,
/api/v1/visitor/gate/checkout,POST,bff,uncovered,
/api/v1/visitor/gate/deny,POST,bff,uncovered,
/api/v1/visitor/gate/expected,GET,bff,uncovered,
/api/v1/visitor/gate/handover,POST,bff,uncovered,
/api/v1/visitor/gate/log,GET,bff,uncovered,
/api/v1/visitor/gate/lookup,GET,bff,uncovered,
/api/v1/visitor/gate/open-visits/count,GET,bff,uncovered,
/api/v1/visitor/gate/open-visits,GET,bff,uncovered,
/api/v1/visitor/gate/overstays,GET,bff,uncovered,
/api/v1/visitor/gate/pending-sync-count,GET,bff,uncovered,
/api/v1/visitor/gate/session,GET,bff,uncovered,
/api/v1/visitor/gate/sync,POST,bff,uncovered,
/api/v1/visitor/gate/vehicles,GET,bff,uncovered,
/api/v1/visitor/gate/vehicles/scan,POST,bff,uncovered,
/api/v1/visitor/gate/walkin,POST,bff,uncovered,
/api/v1/visitor/history,GET,bff,uncovered,
/api/v1/visitor/incidents,GET,bff,uncovered,
/api/v1/visitor/incidents,POST,bff,uncovered,
/api/v1/visitor/notifications/:id/read,POST,bff,uncovered,
/api/v1/visitor/notifications/read-all,POST,bff,uncovered,
/api/v1/visitor/notifications,GET,bff,uncovered,
/api/v1/visitor/notifications/unread-count,GET,bff,uncovered,
/api/v1/visitor/restriction/appeal,POST,bff,uncovered,
/api/v1/visitor/restriction/proof,POST,bff,uncovered,
/api/v1/visitor/restriction,GET,bff,uncovered,
/api/v1/visitor/search,GET,bff,uncovered,
/api/v1/wallet/balance,GET,bff,exercised-by-live-e2e,e2e:frontend-web/tests/e2e/finance/fin-001-wallet.spec.ts|e2e:docs/e2e/results/finance.md|e2e:docs/e2e/results/mobile.md|unit:route-import
/api/v1/wallet/topup/:reference,GET,bff,uncovered,
/api/v1/wallet/topup,POST,bff,exercised-by-unit-or-integration-test,unit:route-import|unit:frontend-web/tests/unit/wallet/routes.spec.ts
/api/v1/wallet/transactions,GET,bff,exercised-by-unit-or-integration-test,unit:route-import|unit:frontend-web/tests/unit/wallet/routes.spec.ts
/api/v2/votes/free,POST,bff,exercised-by-live-e2e,e2e:frontend-web/tests/e2e/cross/cross-002-contest-lifecycle.spec.ts|e2e:frontend-web/tests/e2e/cross/cross-004-audit-continuity.spec.ts|e2e:docs/e2e/results/cross.md|unit:route-import
/api/v2/votes/paid/initiate,POST,bff,exercised-by-unit-or-integration-test,unit:route-import|unit:frontend-web/tests/unit/voting/v2-paid-initiate.spec.ts
/api/v2/votes/paid/verify,GET,bff,exercised-by-live-e2e,e2e:frontend-web/tests/e2e/cross/vote-002-callback.spec.ts|e2e:docs/e2e/results/cross.md|unit:route-import|unit:frontend-web/tests/unit/voting-bridge/routes.spec.ts
/api/v2/votes/paid/verify,POST,bff,exercised-by-live-e2e,e2e:frontend-web/tests/e2e/cross/vote-002-callback.spec.ts|e2e:docs/e2e/results/cross.md|unit:route-import|unit:frontend-web/tests/unit/voting-bridge/routes.spec.ts
/api/v2/votes/stream,GET,bff,exercised-by-unit-or-integration-test,unit:route-import
/api/v2/votes/wallet,POST,bff,exercised-by-live-e2e,e2e:frontend-web/tests/e2e/cross/vote-001-paid-vote-atomicity.spec.ts|e2e:docs/e2e/results/cross.md|unit:route-import|unit:frontend-web/tests/unit/voting-bridge/wallet-route.spec.ts
/api/vote-page,GET,bff,exercised-by-unit-or-integration-test,unit:route-import|unit:frontend-web/tests/unit/voting/vote-page-visibility.spec.ts
/api/votes/free,POST,bff,exercised-by-unit-or-integration-test,unit:route-import|unit:frontend-web/tests/unit/golden-path/free-vote.spec.ts|unit:frontend-web/tests/unit/voting/sec-006-injection-abuse.spec.ts|unit:frontend-web/tests/unit/voting/sec-008-rate-limit-e2e.spec.ts
/api/votes/paid/initiate,POST,bff,exercised-by-unit-or-integration-test,unit:route-import|unit:frontend-web/tests/unit/golden-path/paid-vote.spec.ts|unit:frontend-web/tests/unit/middleware/edge-controls.spec.ts
/api/votes/paid/verify,POST,bff,exercised-by-unit-or-integration-test,unit:route-import|unit:frontend-web/tests/unit/golden-path/paid-vote.spec.ts|unit:frontend-web/tests/unit/middleware/edge-controls.spec.ts
/api/votes/paid/wallet,POST,bff,exercised-by-live-e2e,e2e:frontend-web/tests/e2e/cross/cross-002-contest-lifecycle.spec.ts|e2e:frontend-web/tests/e2e/cross/vote-001-paid-vote-atomicity.spec.ts|e2e:docs/e2e/results/cross.md|unit:route-import
/api/votes/remaining,GET,bff,uncovered,
/api/votes/stream,GET,bff,uncovered,
/api/webhooks/paystack,POST,bff,internal-or-infra-only,unit:route-import|unit:frontend-web/tests/unit/golden-path/webhook.spec.ts
/api/registration/applications/:id/step,PATCH,bff,exercised-by-live-e2e,e2e:frontend-web/tests/e2e/user/user-003-create-application.spec.ts
/api/v1/spray,POST,bff,exercised-by-unit-or-integration-test,unit:route-import|unit:frontend-web/tests/unit/spray/route.spec.ts
/api/finance/academy/me,GET,contract,uncovered,
/api/finance/academy/roles,POST,contract,uncovered,
/api/finance/academy/profile,PUT,contract,uncovered,
/api/finance/academy/guardians/link,POST,contract,uncovered,
/api/finance/academy/guardians/{minorId}/consent,POST,contract,uncovered,
/api/academy/admin/users/{id},GET,contract,uncovered,
/api/academy/admin/guardians/{id}/revoke,POST,contract,uncovered,
/api/finance/academy/curriculum/versions,GET,contract,uncovered,
/api/finance/academy/curriculum/classes,GET,contract,uncovered,
/api/finance/academy/curriculum/classes/{id}/subjects,GET,contract,uncovered,
/api/finance/academy/curriculum/subjects/{id}/topics,GET,contract,uncovered,
/api/finance/academy/curriculum/topics/{id}/objectives,GET,contract,uncovered,
/api/finance/academy/curriculum/streams,GET,contract,uncovered,
/api/finance/academy/curriculum/trade-tracks,GET,contract,uncovered,
/api/academy/admin/curriculum/versions,POST,contract,uncovered,
/api/academy/admin/curriculum/versions/{id},PATCH,contract,uncovered,
/api/academy/admin/curriculum/versions/{id}/publish,POST,contract,uncovered,
/api/academy/admin/curriculum/classes,POST,contract,uncovered,
/api/academy/admin/curriculum/classes/{id},PATCH,contract,uncovered,
/api/academy/admin/curriculum/subjects,POST,contract,uncovered,
/api/academy/admin/curriculum/subjects/{id},PATCH,contract,uncovered,
/api/academy/admin/curriculum/topics,POST,contract,uncovered,
/api/academy/admin/curriculum/topics/{id},PATCH,contract,uncovered,
/api/academy/admin/curriculum/objectives,POST,contract,uncovered,
/api/academy/admin/curriculum/objectives/{id},PATCH,contract,uncovered,
/api/finance/academy/commerce/plans,GET,contract,uncovered,
/api/finance/academy/commerce/bundles,GET,contract,uncovered,
/api/finance/academy/commerce/bundles/{id}/manifest,GET,contract,uncovered,
/api/finance/academy/commerce/orders,POST,contract,uncovered,
/api/finance/academy/commerce/orders/{id}/pay,POST,contract,uncovered,
/api/finance/academy/commerce/orders/{id}/bnpl,POST,contract,uncovered,
/api/finance/academy/commerce/access-cards/activate,POST,contract,uncovered,
/api/finance/academy/commerce/subscribe,POST,contract,uncovered,
/api/finance/academy/commerce/sync,POST,contract,uncovered,
/api/academy/commerce/admin/orders/{id}/refund,POST,contract,uncovered,
/api/academy/commerce/admin/access-cards/generate,POST,contract,uncovered,
/api/academy/commerce/admin/access-cards/allocate,POST,contract,uncovered,
/api/academy/commerce/admin/plans,GET,contract,uncovered,
/api/academy/commerce/admin/bundles,GET,contract,uncovered,
/api/finance/academy/gamification/profile,GET,contract,uncovered,
/api/finance/academy/gamification/badges,GET,contract,uncovered,
/api/finance/academy/gamification/leaderboards/{id},GET,contract,uncovered,
/api/finance/academy/gamification/challenges,GET,contract,uncovered,
/api/academy/admin/gamification/badges,GET,contract,uncovered,
/api/academy/admin/gamification/badges,POST,contract,uncovered,
/api/academy/admin/gamification/challenges,POST,contract,uncovered,
/api/academy/admin/gamification/leaderboards,POST,contract,uncovered,
/api/finance/academy/rewards/balance,GET,contract,uncovered,
/api/finance/academy/rewards/history,GET,contract,uncovered,
/api/finance/academy/rewards/catalog,GET,contract,uncovered,
/api/finance/academy/rewards/redeem,POST,contract,uncovered,
/api/academy/admin/rewards/pools,GET,contract,uncovered,
/api/academy/admin/rewards/pools,POST,contract,uncovered,
/api/academy/admin/rewards/pools/{id}/fund,POST,contract,uncovered,
/api/academy/admin/rewards/pools/{id}/ledger,GET,contract,uncovered,
/api/academy/admin/rewards/catalog,GET,contract,uncovered,
/api/academy/admin/rewards/catalog,POST,contract,uncovered,
/api/finance/academy/practice,GET,contract,uncovered,
/api/finance/academy/practice/submit,POST,contract,uncovered,
/api/finance/academy/mastery,GET,contract,uncovered,
/api/finance/academy/progress,GET,contract,uncovered,
/api/academy/admin/question-bank/items,GET,contract,uncovered,
/api/academy/admin/question-bank/items,POST,contract,uncovered,
/api/academy/admin/question-bank/items/{id},GET,contract,uncovered,
/api/academy/admin/question-bank/items/{id},PUT,contract,uncovered,
/api/academy/admin/question-bank/items/{id}/transition,POST,contract,uncovered,
/api/academy/admin/question-bank/item-analysis,GET,contract,uncovered,
/api/finance/academy/exam/arenas,GET,contract,uncovered,
/api/finance/academy/exam/arenas/{id},GET,contract,uncovered,
/api/finance/academy/exam/arenas/{id}/blueprints,GET,contract,uncovered,
/api/finance/academy/exam/attempts,POST,contract,uncovered,
/api/finance/academy/exam/attempts/{id}/pause,POST,contract,uncovered,
/api/finance/academy/exam/attempts/{id}/resume,POST,contract,uncovered,
/api/finance/academy/exam/attempts/{id}/submit,POST,contract,uncovered,
/api/finance/academy/exam/attempts/{id},GET,contract,uncovered,
/api/finance/academy/exam/utme/combinations,GET,contract,uncovered,
/api/academy/admin/exam/arenas,POST,contract,uncovered,
/api/academy/admin/exam/arenas/{id},PUT,contract,uncovered,
/api/academy/admin/exam/arenas/{id}/blueprints,POST,contract,uncovered,
/api/academy/admin/exam/blueprints/{id},PUT,contract,uncovered,
/api/academy/admin/exam/combinations,POST,contract,uncovered,
/api/academy/admin/exam/combinations/{id},PUT,contract,uncovered,
/api/academy/admin/exam/combinations/{id},DELETE,contract,uncovered,
/api/finance/academy/progression/paths/{subjectId},GET,contract,uncovered,
/api/finance/academy/progression/paths,POST,contract,uncovered,
/api/finance/academy/progression/steps/{objectiveId}/advance,POST,contract,uncovered,
/api/finance/academy/progression/practice/adaptive,POST,contract,uncovered,
/api/finance/academy/progression/recommendations,GET,contract,uncovered,
/api/academy/admin/progression/adaptive-config,GET,contract,uncovered,
/api/academy/admin/progression/adaptive-config,PUT,contract,uncovered,
/api/finance/academy/content/lessons/{objectiveId},GET,contract,uncovered,
/api/finance/academy/content/bundles,GET,contract,uncovered,
/api/finance/academy/content/bundles/{id}/manifest,GET,contract,uncovered,
/api/academy/admin/content/lessons/{id}/publish,POST,contract,uncovered,
/api/academy/admin/content/bundles/{id}/publish,POST,contract,uncovered,
/api/academy/admin/content/productions,GET,contract,uncovered,
/api/academy/admin/content/productions,POST,contract,uncovered,
/api/academy/admin/content/productions/{id},GET,contract,uncovered,
/api/academy/admin/content/productions/{id},PUT,contract,uncovered,
/api/academy/admin/content/productions/{id}/advance,POST,contract,uncovered,
/api/academy/admin/content/localizations,GET,contract,uncovered,
/api/academy/admin/content/localizations,POST,contract,uncovered,
/api/academy/admin/content/localizations,DELETE,contract,uncovered,
/api/finance/academy/parent/children,GET,contract,uncovered,
/api/finance/academy/parent/children/{minorId}/dashboard,GET,contract,uncovered,
/api/finance/academy/parent/children/{minorId}/subjects/{subjectId},GET,contract,uncovered,
/api/finance/academy/parent/children/{minorId}/controls,PUT,contract,uncovered,
/api/finance/academy/parent/children/{minorId}/reports,GET,contract,uncovered,
/api/finance/academy/parent/reports/generate,POST,contract,uncovered,
/api/finance/academy/parent/approvals,GET,contract,uncovered,
/api/finance/academy/parent/approvals/{id}/decide,POST,contract,uncovered,
/api/academy/admin/notification-templates,GET,contract,uncovered,
/api/academy/admin/notification-templates,POST,contract,uncovered,
/api/academy/admin/notification-templates,PUT,contract,uncovered,
/api/academy/admin/notification-templates/{key},GET,contract,uncovered,
/api/academy/admin/notification-templates/{key},DELETE,contract,uncovered,
/api/finance/academy/edupay/schools,GET,contract,uncovered,
/api/finance/academy/edupay/fee-schedules,GET,contract,uncovered,
/api/finance/academy/edupay/link,POST,contract,uncovered,
/api/finance/academy/edupay/me,GET,contract,uncovered,
/api/finance/academy/edupay/pay,POST,contract,uncovered,
/api/finance/academy/edupay/pots,POST,contract,uncovered,
/api/finance/academy/edupay/pots/{id}/fund,POST,contract,uncovered,
/api/finance/academy/edupay/pots/{id}/pay,POST,contract,uncovered,
/api/academy/admin/edupay/admin/schools,POST,contract,uncovered,
/api/academy/admin/edupay/admin/fee-schedules,POST,contract,uncovered,
/api/academy/admin/edupay/admin/disbursements/{id}/reconcile,POST,contract,uncovered,
/api/academy/admin/edupay/admin/scholarships,GET,contract,uncovered,
/api/academy/admin/edupay/admin/scholarships,POST,contract,uncovered,
/api/academy/admin/edupay/admin/scholarships/award,POST,contract,uncovered,
/api/finance/academy/credentials,GET,contract,uncovered,
/api/finance/academy/credentials/verify/{verificationId},GET,contract,uncovered,
/api/finance/academy/earning/opportunities,GET,contract,uncovered,
/api/finance/academy/earning/apply,POST,contract,uncovered,
/api/academy/admin/credentials/{id}/revoke,POST,contract,uncovered,
/api/academy/admin/earning/opportunities,GET,contract,uncovered,
/api/academy/admin/earning/opportunities,POST,contract,uncovered,
/api/academy/admin/earning/opportunities/{id},PUT,contract,uncovered,
/api/finance/academy/trade/hub,GET,contract,uncovered,
/api/finance/academy/trade/modules/{id},GET,contract,uncovered,
/api/finance/academy/trade/projects/{id}/submit,POST,contract,uncovered,
/api/finance/academy/trade/submissions,GET,contract,uncovered,
/api/finance/academy/trade/assessments,GET,contract,uncovered,
/api/finance/academy/trade/assessments/{id}/take,POST,contract,uncovered,
/api/finance/academy/trade/mentors,GET,contract,uncovered,
/api/finance/academy/trade/mentors/{id}/request,POST,contract,uncovered,
/api/finance/academy/trade/matches/{id}/close,POST,contract,uncovered,
/api/academy/admin/trade/modules,POST,contract,uncovered,
/api/academy/admin/trade/modules/{id},PUT,contract,uncovered,
/api/academy/admin/trade/lessons,POST,contract,uncovered,
/api/academy/admin/trade/lessons/{id},PUT,contract,uncovered,
/api/academy/admin/trade/projects,POST,contract,uncovered,
/api/academy/admin/trade/projects/{id},PUT,contract,uncovered,
/api/academy/admin/trade/skill-assessments,POST,contract,uncovered,
/api/academy/admin/trade/skill-assessments/{id},PUT,contract,uncovered,
/api/academy/admin/trade/mentors,POST,contract,uncovered,
/api/academy/admin/trade/matches/{id}/accept,POST,contract,uncovered,
/api/academy/admin/trade/submissions/{id}/review,POST,contract,uncovered,
/api/finance/academy/live/sessions,GET,contract,uncovered,
/api/finance/academy/live/sessions/{id}/join,POST,contract,uncovered,
/api/finance/academy/community/groups,GET,contract,uncovered,
/api/finance/academy/community/groups,POST,contract,uncovered,
/api/finance/academy/community/groups/{id}/join,POST,contract,uncovered,
/api/finance/academy/community/discussions,GET,contract,uncovered,
/api/finance/academy/community/discussions,POST,contract,uncovered,
/api/finance/academy/moderation/report,POST,contract,uncovered,
/api/academy/admin/live/sessions,POST,contract,uncovered,
/api/academy/admin/live/sessions/{id}/start,POST,contract,uncovered,
/api/academy/admin/live/sessions/{id}/end,POST,contract,uncovered,
/api/academy/admin/live/sessions/{id}/cancel,POST,contract,uncovered,
/api/academy/admin/moderation/reports,GET,contract,uncovered,
/api/academy/admin/moderation/reports/{id}/decide,POST,contract,uncovered,
/api/finance/academy/schools/mine,GET,contract,uncovered,
/api/finance/academy/schools/{id}/overview,GET,contract,uncovered,
/api/academy/admin/schools/admin/institutions,POST,contract,uncovered,
/api/academy/admin/schools/admin/institutions,GET,contract,uncovered,
/api/academy/admin/schools/admin/institutions/{id}/overview,GET,contract,uncovered,
/api/academy/admin/schools/admin/institutions/{id}/class-groups,GET,contract,uncovered,
/api/academy/admin/schools/admin/licences,POST,contract,uncovered,
/api/academy/admin/schools/admin/licences/{id}/suspend,POST,contract,uncovered,
/api/academy/admin/schools/admin/licences/{id}/reactivate,POST,contract,uncovered,
/api/academy/admin/schools/admin/licences/{id}/expire,POST,contract,uncovered,
/api/academy/admin/schools/admin/class-groups,POST,contract,uncovered,
/api/academy/admin/schools/admin/enrollments/bulk,POST,contract,uncovered,
/api/academy/admin/schools/admin/enrollments,DELETE,contract,uncovered,
/api/academy/admin/schools/admin/billing,POST,contract,uncovered,
/api/academy/admin/schools/admin/billing/{id}/charge,POST,contract,uncovered,
/api/finance/academy/tutor/onboard,POST,contract,uncovered,
/api/finance/academy/tutor/me,GET,contract,uncovered,
/api/finance/academy/tutor/assignments,POST,contract,uncovered,
/api/finance/academy/tutor/grades,POST,contract,uncovered,
/api/finance/academy/tutor/earnings,GET,contract,uncovered,
/api/finance/academy/tutor/payouts,POST,contract,uncovered,
/api/finance/academy/tutors,GET,contract,uncovered,
/api/academy/admin/tutor/{id}/verify,POST,contract,uncovered,
/api/academy/admin/tutor/{id}/suspend,POST,contract,uncovered,
/api/academy/admin/tutor/payouts,GET,contract,uncovered,
/api/finance/academy/schools,POST,contract,uncovered,
/api/finance/academy/schools,GET,contract,uncovered,
/api/finance/academy/schools/{schoolId},GET,contract,uncovered,
/api/finance/academy/schools/{schoolId},PATCH,contract,uncovered,
/api/finance/academy/schools/{schoolId}/export,GET,contract,uncovered,
/api/academy/admin/schools/admin/{schoolId}/verify,POST,contract,uncovered,
/api/academy/admin/schools/admin,GET,contract,uncovered,
/api/finance/academy/schools/{schoolId}/sessions,POST,contract,uncovered,
/api/finance/academy/schools/{schoolId}/sessions,GET,contract,uncovered,
/api/finance/academy/schools/{schoolId}/sessions/{sessionId},GET,contract,uncovered,
/api/finance/academy/schools/{schoolId}/sessions/{sessionId}/status,POST,contract,uncovered,
/api/finance/academy/schools/{schoolId}/classes,POST,contract,uncovered,
/api/finance/academy/schools/{schoolId}/classes,GET,contract,uncovered,
/api/finance/academy/schools/{schoolId}/classes/{classId},GET,contract,uncovered,
/api/finance/academy/schools/{schoolId}/classes/{classId},PATCH,contract,uncovered,
/api/finance/academy/schools/{schoolId}/fee-schedules,POST,contract,uncovered,
/api/finance/academy/schools/{schoolId}/fee-schedules,GET,contract,uncovered,
/api/finance/academy/fee-schedules/{id},GET,contract,uncovered,
/api/finance/academy/fee-schedules/{id},PATCH,contract,uncovered,
/api/finance/academy/fee-schedules/{id}/lock,POST,contract,uncovered,
/api/finance/academy/schools/{schoolId}/students,POST,contract,uncovered,
/api/finance/academy/schools/{schoolId}/students,GET,contract,uncovered,
/api/finance/academy/schools/{schoolId}/students/{studentId},GET,contract,uncovered,
/api/finance/academy/schools/{schoolId}/students/{studentId}/guardians,POST,contract,uncovered,
/api/finance/academy/schools/{schoolId}/students/{studentId}/guardians/{guardianId},DELETE,contract,uncovered,
/api/finance/academy/schools/{schoolId}/students/import/preview,POST,contract,uncovered,
/api/finance/academy/schools/{schoolId}/students/import/approve,POST,contract,uncovered,
/api/finance/academy/invoices,POST,contract,uncovered,
/api/finance/academy/invoices/{id},GET,contract,uncovered,
/api/finance/academy/invoices/{id}/payments,GET,contract,uncovered,
/api/finance/academy/invoices/{id}/payments,POST,contract,uncovered,
/api/finance/academy/students/{studentId}/invoices,GET,contract,uncovered,
/api/finance/academy/schools/{schoolId}/sessions/{sessionId}/classes/{classId}/scores,POST,contract,uncovered,
/api/finance/academy/schools/{schoolId}/sessions/{sessionId}/classes/{classId}/compute,POST,contract,uncovered,
/api/finance/academy/schools/{schoolId}/promotions/{promotionId},GET,contract,uncovered,
/api/finance/academy/schools/{schoolId}/promotions/{promotionId}/teacher-approval,POST,contract,uncovered,
/api/finance/academy/schools/{schoolId}/promotions/{promotionId}/admin-approval,POST,contract,uncovered,
/api/finance/academy/schools/{schoolId}/promotions/{promotionId}/apply,POST,contract,uncovered,
/api/academy/admin/schools/{schoolId}/staff,POST,contract,uncovered,
/api/academy/admin/schools/{schoolId}/staff,DELETE,contract,uncovered,
/api/academy/admin/schools/{schoolId}/staff,GET,contract,uncovered,
/api/finance/academy/hardship,POST,contract,uncovered,
/api/finance/academy/hardship/{id},GET,contract,uncovered,
/api/academy/admin/hardship/admin/{id}/approve,POST,contract,uncovered,
/api/academy/admin/hardship/admin/{id}/deny,POST,contract,uncovered,
/api/academy/admin/hardship/admin,GET,contract,uncovered,
/api/finance/academy/vaults,POST,contract,uncovered,
/api/finance/academy/vaults,GET,contract,uncovered,
/api/finance/academy/vaults/{id},GET,contract,uncovered,
/api/finance/academy/vaults/{id}/contribute,POST,contract,uncovered,
/api/finance/academy/vaults/{id}/apply-to-invoice,POST,contract,uncovered,
/api/finance/academy/vaults/{id}/withdraw,POST,contract,uncovered,
/api/finance/academy/vaults/{id}/lock,POST,contract,uncovered,
/api/finance/academy/vaults/{id}/unlock,POST,contract,uncovered,
/api/finance/academy/scholarship/pledges,POST,contract,uncovered,
/api/finance/academy/scholarship/pledges/{id}/fund,POST,contract,uncovered,
/api/finance/academy/scholarship/pledges/{id}/apply,POST,contract,uncovered,
/api/finance/academy/scholarship/pledges/{id},GET,contract,uncovered,
/api/finance/academy/scholarship/pledges/{id}/awards,GET,contract,uncovered,
/api/academy/admin/trust-score/{schoolId},GET,contract,uncovered,
/api/academy/admin/trust-score/{schoolId}/override,POST,contract,uncovered,
/api/finance/academy/competitions/{id}/leaderboard,GET,contract,uncovered,
/api/academy/admin/competitions,POST,contract,uncovered,
/api/academy/admin/competitions/{id}/transition,POST,contract,uncovered,
/api/academy/admin/competitions/{id}/register,POST,contract,uncovered,
/api/academy/admin/competitions/{id}/scores,POST,contract,uncovered,
/api/finance/academy/payments/intent,POST,contract,uncovered,
/api/finance/academy/payments/installment,POST,contract,uncovered,
/api/academy/admin/fees/schools,GET,contract,uncovered,
/api/academy/admin/fees/schools/{schoolId}/sessions,GET,contract,uncovered,
/api/academy/admin/fees/schools/{schoolId}/classes,GET,contract,uncovered,
/api/academy/admin/fees/sessions,GET,contract,uncovered,
/api/academy/admin/fees/classes,GET,contract,uncovered,
/api/academy/admin/fees/schedules,GET,contract,uncovered,
/api/academy/admin/fees/schedules,POST,contract,uncovered,
/api/academy/admin/fees/schedules/{id}/issue,POST,contract,uncovered,
/api/academy/admin/fees/collections/overview,GET,contract,uncovered,
/api/academy/admin/fees/invoices,GET,contract,uncovered,
/api/academy/admin/fees/promotions,GET,contract,uncovered,
/api/academy/admin/fees/competitions,GET,contract,uncovered,
/api/academy/admin/fees/competitions/registrations,GET,contract,uncovered,
/api/academy/admin/fees/gov-export/opt-ins,GET,contract,uncovered,
/api/academy/admin/fees/gov-export/opt-ins,PATCH,contract,uncovered,
/api/academy/admin/fees/roles,GET,contract,uncovered,
/api/academy/admin/export/compliance,POST,contract,uncovered,
/api/academy/admin/export/compliance/{schoolId},GET,contract,uncovered,
/api/academy/admin/export/school-data,POST,contract,uncovered,
/api/academy/admin/platform/schools,GET,contract,uncovered,
/api/academy/admin/platform/verification-queue,GET,contract,uncovered,
/api/academy/admin/platform/schools/{id}/verify,POST,contract,uncovered,
/api/academy/admin/platform/verification-queue/{id}/review,POST,contract,uncovered,
/api/academy/admin/platform/collections,GET,contract,uncovered,
/api/academy/admin/platform/risk,GET,contract,uncovered,
/api/academy/admin/platform/gov-sync,GET,contract,uncovered,
/api/academy/admin/platform/compliance-exports,GET,contract,uncovered,
/api/academy/admin/platform/competitions,GET,contract,uncovered,
/api/academy/admin/platform/trust-scores,GET,contract,uncovered,
/api/academy/admin/platform/trust-scores/{schoolId}/override,POST,contract,uncovered,
/api/academy/admin/platform/scholarship-pledges,GET,contract,uncovered,
/api/academy/admin/platform/support-tickets,GET,contract,uncovered,
/api/academy/admin/platform/flags,GET,contract,uncovered,
/api/academy/admin/platform/flags,PUT,contract,uncovered,
/api/academy/admin/platform/flags/toggle,POST,contract,uncovered,
/api/academy/admin/platform/audit-log,GET,contract,uncovered,
/api/academy/admin/platform/compliance-posture,GET,contract,uncovered,
/associations,GET,contract,uncovered,
/associations,POST,contract,uncovered,
/associations/orgs/{id},GET,contract,uncovered,
/associations/invites/validate,POST,contract,uncovered,
/associations/access-codes/validate,POST,contract,uncovered,
/associations/apply,POST,contract,uncovered,
/associations/me/dashboard,GET,contract,uncovered,
/associations/me/card,GET,contract,uncovered,
/associations/me/profile,GET,contract,uncovered,
/associations/me/profile,PUT,contract,uncovered,
/associations/me/privacy,GET,contract,uncovered,
/associations/me/privacy,PUT,contract,uncovered,
/associations/me/activity,GET,contract,uncovered,
/associations/me/dues,GET,contract,uncovered,
/associations/me/admin-access,GET,contract,uncovered,
/associations/me/notification-prefs,GET,contract,uncovered,
/associations/me/notification-prefs,PUT,contract,uncovered,
/associations/me/security,GET,contract,uncovered,
/associations/me/security,PUT,contract,uncovered,
/associations/me/devices,GET,contract,uncovered,
/associations/me/devices,POST,contract,uncovered,
/associations/me/devices/{id},DELETE,contract,uncovered,
/associations/members,GET,contract,uncovered,
/associations/members/{id},GET,contract,uncovered,
/associations/dues/{invoiceId}/pay,POST,contract,uncovered,
/associations/receipts/{receiptId},GET,contract,uncovered,
/associations/announcements,GET,contract,uncovered,
/associations/announcements/{id},GET,contract,uncovered,
/associations/announcements/{id}/acknowledge,POST,contract,uncovered,
/associations/notifications,GET,contract,uncovered,
/associations/notifications/read,POST,contract,uncovered,
/associations/meetings,GET,contract,uncovered,
/associations/meetings/{id},GET,contract,uncovered,
/associations/meetings/{id}/rsvp,POST,contract,uncovered,
/associations/meetings/{id}/attendance,POST,contract,uncovered,
/associations/tasks,GET,contract,uncovered,
/associations/tasks/{id},GET,contract,uncovered,
/associations/tasks/{id},PATCH,contract,uncovered,
/associations/documents,GET,contract,uncovered,
/associations/documents/{id},GET,contract,uncovered,
/associations/documents/{id}/acknowledge,POST,contract,uncovered,
/associations/chat/threads,GET,contract,uncovered,
/associations/chat/threads/{id},GET,contract,uncovered,
/associations/chat/threads/{id}/messages,POST,contract,uncovered,
/associations/chat/threads/{id}/mute,POST,contract,uncovered,
/associations/ai-notes,GET,contract,uncovered,
/associations/ai-notes,POST,contract,uncovered,
/associations/ai-notes/{id},GET,contract,uncovered,
/associations/ai-notes/{id}/status,GET,contract,uncovered,
/associations/ai-notes/{id}/approve,POST,contract,uncovered,
/associations/ai-notes/{id}/publish,POST,contract,uncovered,
/associations/ai-notes/{noteId}/action-items/{itemId}/convert,POST,contract,uncovered,
/associations/committees,GET,contract,uncovered,
/associations/committees/{id},GET,contract,uncovered,
/associations/committees/{id}/join,POST,contract,uncovered,
/associations/events,GET,contract,uncovered,
/associations/events/{id},GET,contract,uncovered,
/associations/events/{id}/rsvp,POST,contract,uncovered,
/associations/events/{id}/register,POST,contract,uncovered,
/associations/events/{id}/feedback,POST,contract,uncovered,
/associations/support/faqs,GET,contract,uncovered,
/associations/support/tickets,GET,contract,uncovered,
/associations/support/tickets,POST,contract,uncovered,
/associations/support/tickets/{id},GET,contract,uncovered,
/associations/support/tickets/{id}/messages,POST,contract,uncovered,
/associations/admin/organisations,GET,contract,uncovered,
/associations/admin/organisations/{id},GET,contract,uncovered,
/associations/admin/organisations/{id},PATCH,contract,uncovered,
/associations/admin/organisations/{id}/settings,GET,contract,uncovered,
/associations/admin/organisations/{id}/settings,PUT,contract,uncovered,
/associations/admin/organisations/{id}/verify,POST,contract,uncovered,
/associations/admin/organisations/{id}/unverify,POST,contract,uncovered,
/associations/admin/organisations/{id}/publish,POST,contract,uncovered,
/associations/admin/organisations/{id}/unpublish,POST,contract,uncovered,
/associations/admin/organisations/{id}/suspend,POST,contract,uncovered,
/associations/admin/organisations/{id}/restore,POST,contract,uncovered,
/associations/admin/organisations/{id}/chapters,POST,contract,uncovered,
/associations/admin/organisations/{id}/committees,POST,contract,uncovered,
/associations/admin/organisations/{id}/categories,POST,contract,uncovered,
/associations/admin/organisations/{id}/rules,POST,contract,uncovered,
/associations/admin/chapters/{childId},PATCH,contract,uncovered,
/associations/admin/chapters/{childId},DELETE,contract,uncovered,
/associations/admin/committees/{childId},PATCH,contract,uncovered,
/associations/admin/committees/{childId},DELETE,contract,uncovered,
/associations/admin/categories/{childId},PATCH,contract,uncovered,
/associations/admin/categories/{childId},DELETE,contract,uncovered,
/associations/admin/rules/{childId},PATCH,contract,uncovered,
/associations/admin/rules/{childId},DELETE,contract,uncovered,
/associations/admin/organisations/{id}/announcements,GET,contract,uncovered,
/associations/admin/organisations/{id}/announcements,POST,contract,uncovered,
/associations/admin/announcements/{childId},PATCH,contract,uncovered,
/associations/admin/announcements/{childId},DELETE,contract,uncovered,
/associations/admin/organisations/{id}/meetings,GET,contract,uncovered,
/associations/admin/organisations/{id}/meetings,POST,contract,uncovered,
/associations/admin/meetings/{childId},PATCH,contract,uncovered,
/associations/admin/meetings/{childId},DELETE,contract,uncovered,
/associations/admin/meetings/{childId}/minutes,POST,contract,uncovered,
/associations/admin/organisations/{id}/documents,GET,contract,uncovered,
/associations/admin/organisations/{id}/documents,POST,contract,uncovered,
/associations/admin/documents/{childId},PATCH,contract,uncovered,
/associations/admin/documents/{childId},DELETE,contract,uncovered,
/associations/admin/organisations/{id}/events,GET,contract,uncovered,
/associations/admin/organisations/{id}/events,POST,contract,uncovered,
/associations/admin/events/{childId},PATCH,contract,uncovered,
/associations/admin/events/{childId},DELETE,contract,uncovered,
/associations/admin/organisations/{id}/tasks,GET,contract,uncovered,
/associations/admin/organisations/{id}/tasks,POST,contract,uncovered,
/associations/admin/tasks/{childId},PATCH,contract,uncovered,
/associations/admin/tasks/{childId},DELETE,contract,uncovered,
/associations/admin/organisations/{id}/dues/runs,GET,contract,uncovered,
/associations/admin/organisations/{id}/dues/run,POST,contract,uncovered,
/associations/admin/invoices,POST,contract,uncovered,
/associations/admin/audit-log,GET,contract,uncovered,
/associations/admin/kpis,GET,contract,uncovered,
/associations/admin/approvals,GET,contract,uncovered,
/associations/admin/approvals/{id},GET,contract,uncovered,
/associations/admin/approvals/{id}/decision,POST,contract,uncovered,
/associations/admin/finance,GET,contract,uncovered,
/associations/admin/finance/offline,GET,contract,uncovered,
/associations/admin/finance/offline/{id}/decision,POST,contract,uncovered,
/associations/admin/import/preview,POST,contract,uncovered,
/associations/admin/import/confirm,POST,contract,uncovered,
/associations/admin/members/{id}/suspend,POST,contract,uncovered,
/associations/admin/members/{id}/restore,POST,contract,uncovered,
/associations/admin/members/{id}/transfer,POST,contract,uncovered,
/associations/admin/members/{id}/role,POST,contract,uncovered,
/matches/{matchId}/conversation,POST,contract,exercised-by-live-e2e,e2e-via-bff(app/api/v1/connect/[...path]/route.ts):frontend-web/tests/e2e/social/soc-002-connect-hub.spec.ts|e2e:frontend-web/tests/e2e/social/soc-002-connect-hub.spec.ts|e2e-results:docs/e2e/results/social.md
/conversations/{id}/messages,GET,contract,exercised-by-live-e2e,e2e-via-bff(app/api/v1/connect/[...path]/route.ts):frontend-web/tests/e2e/social/soc-002-connect-hub.spec.ts|e2e:frontend-web/tests/e2e/social/soc-002-connect-hub.spec.ts|e2e-results:docs/e2e/results/social.md
/conversations/{id}/messages,POST,contract,exercised-by-live-e2e,e2e-via-bff(app/api/v1/connect/[...path]/route.ts):frontend-web/tests/e2e/social/soc-002-connect-hub.spec.ts|e2e:frontend-web/tests/e2e/social/soc-002-connect-hub.spec.ts|e2e-results:docs/e2e/results/social.md
/safety/block,POST,contract,uncovered,
/safety/block/{blockedId},DELETE,contract,uncovered,
/safety/trusted-contacts,GET,contract,uncovered,
/safety/trusted-contacts,POST,contract,uncovered,
/safety/trusted-contacts/{id},DELETE,contract,uncovered,
/date-plans,POST,contract,uncovered,
/date-plans/{id}/share,POST,contract,uncovered,
/date-plans/{id}/checkin,POST,contract,uncovered,
/date-plans/{id}/feedback,POST,contract,uncovered,
/ai/assist,POST,contract,uncovered,
/moderation/conversations,GET,contract,uncovered,
/moderation/conversations/{id},PATCH,contract,uncovered,
/moderation/messages,GET,contract,uncovered,
/moderation/decisions,GET,contract,uncovered,
/moderation/decisions,POST,contract,uncovered,
/scam-shield,GET,contract,uncovered,
/profile,GET,contract,exercised-by-live-e2e,e2e-via-bff(app/api/v1/connect/[...path]/route.ts):frontend-web/tests/e2e/social/soc-001-discovery.spec.ts|e2e:frontend-web/tests/e2e/social/soc-001-discovery.spec.ts|e2e:frontend-web/tests/e2e/social/soc-002-connect-hub.spec.ts
/profile,PATCH,contract,exercised-by-live-e2e,e2e-via-bff(app/api/v1/connect/[...path]/route.ts):frontend-web/tests/e2e/social/soc-001-discovery.spec.ts|e2e:frontend-web/tests/e2e/social/soc-001-discovery.spec.ts|e2e:frontend-web/tests/e2e/social/soc-002-connect-hub.spec.ts
/profile/modes,GET,contract,uncovered,
/profile/modes/{mode},PATCH,contract,exercised-by-live-e2e,e2e-via-bff(app/api/v1/connect/[...path]/route.ts):frontend-web/tests/e2e/social/soc-002-connect-hub.spec.ts|e2e:frontend-web/tests/e2e/social/soc-002-connect-hub.spec.ts|e2e-via-bff(app/api/v1/connect/[...path]/route.ts):frontend-web/tests/e2e/social/soc-006-edge.spec.ts
/profile/media,POST,contract,uncovered,
/verification/selfie,POST,contract,uncovered,
/verification/status,GET,contract,uncovered,
/discovery,GET,contract,uncovered,
/likes,POST,contract,exercised-by-live-e2e,e2e-via-bff(app/api/v1/connect/[...path]/route.ts):frontend-web/tests/e2e/social/soc-002-connect-hub.spec.ts|e2e:frontend-web/tests/e2e/social/soc-002-connect-hub.spec.ts|e2e-via-bff(app/api/v1/connect/[...path]/route.ts):frontend-web/tests/e2e/social/soc-006-edge.spec.ts
/matches,GET,contract,exercised-by-live-e2e,e2e-via-bff(app/api/v1/connect/[...path]/route.ts):frontend-web/tests/e2e/social/soc-002-connect-hub.spec.ts|e2e:frontend-web/tests/e2e/social/soc-002-connect-hub.spec.ts|e2e-results:docs/e2e/results/social.md
/search,GET,contract,uncovered,
/verification/status#admin,GET,contract,uncovered,
/professional/profile,GET,contract,uncovered,
/professional/profile,PATCH,contract,uncovered,
/professional/verification,POST,contract,uncovered,
/professional/discovery,GET,contract,uncovered,
/professional/intro,POST,contract,uncovered,
/professional/intro/{id}/respond,POST,contract,uncovered,
/professional/business-card,PATCH,contract,uncovered,
/professional/contacts,GET,contract,uncovered,
/professional/contacts,POST,contract,uncovered,
/professional/rooms,POST,contract,uncovered,
/professional/rooms/{id}/join,POST,contract,uncovered,
/professional/rooms/{id}/moderate,POST,contract,uncovered,
/events/{id}/networking/opt-in,POST,contract,uncovered,
/events/{id}/attendees,GET,contract,uncovered,
/events/{id}/checkin,POST,contract,uncovered,
/events/{id}/qr/scan,POST,contract,uncovered,
/events/{id}/contacts,POST,contract,uncovered,
/events/contacts,GET,contract,uncovered,
/creator/profile,GET,contract,uncovered,
/creator/profile,PATCH,contract,uncovered,
/creator/portfolio,GET,contract,uncovered,
/creator/portfolio,POST,contract,uncovered,
/creator/verification,POST,contract,uncovered,
/creator/fan-messages,PATCH,contract,uncovered,
/creator/collab-requests,GET,contract,uncovered,
/creator/collab-requests,POST,contract,uncovered,
/creator/collab-requests/{id}/respond,POST,contract,uncovered,
/plans,GET,contract,uncovered,
/subscriptions,POST,contract,uncovered,
/boosts,POST,contract,uncovered,
/passes,POST,contract,uncovered,
/entitlements,GET,contract,uncovered,
/date-plans/{id}/ride,POST,contract,uncovered,
/date-plans/{id}/tickets,POST,contract,uncovered,
/admin/business/verification,POST,contract,uncovered,
/admin/creator/verification,GET,contract,uncovered,
/admin/creator/verification,POST,contract,uncovered,
/plans-admin,POST,contract,uncovered,
/orders,GET,contract,uncovered,
/doctor/profile,GET,contract,uncovered,
/doctor/verification,GET,contract,uncovered,
/doctor/verification,POST,contract,uncovered,
/doctor/availability,GET,contract,uncovered,
/doctor/availability,PUT,contract,uncovered,
/doctor/appointments,GET,contract,uncovered,
/doctor/appointments/{id},GET,contract,uncovered,
/doctor/appointments/{appointmentId}/status,POST,contract,uncovered,
/doctor/appointments/{appointmentId}/notes,GET,contract,uncovered,
/doctor/appointments/{appointmentId}/notes,POST,contract,uncovered,
/doctor/appointments/{appointmentId}/hmo-eligibility,GET,contract,uncovered,
/doctor/patients/{patientId},GET,contract,uncovered,
/doctor/chat/threads,GET,contract,uncovered,
/doctor/chat/{threadId}/messages,GET,contract,uncovered,
/doctor/chat/{threadId}/messages,POST,contract,uncovered,
/doctor/calls/{appointmentId},GET,contract,uncovered,
/doctor/prescriptions,GET,contract,uncovered,
/doctor/prescriptions,POST,contract,uncovered,
/doctor/prescriptions/{id},GET,contract,uncovered,
/doctor/lab-orders,GET,contract,uncovered,
/doctor/lab-orders,POST,contract,uncovered,
/doctor/lab-orders/{orderId}/result,GET,contract,uncovered,
/doctor/lab-results/{resultId}/review,POST,contract,uncovered,
/doctor/earnings,GET,contract,uncovered,
/doctor/payouts,GET,contract,exercised-by-unit-or-integration-test,
/doctor/payouts,POST,contract,exercised-by-unit-or-integration-test,
/doctor/notifications,GET,contract,uncovered,
/doctor/support/tickets,GET,contract,uncovered,
/doctor/support/tickets,POST,contract,uncovered,
/doctor/settings,GET,contract,uncovered,
/doctor/settings,PUT,contract,uncovered,
/doctor/pharmacy/fulfilments,GET,contract,uncovered,
/doctor/pharmacy/fulfilments/{id},GET,contract,uncovered,
/doctor/pharmacy/fulfilments/{fulfilmentId}/delivery,GET,contract,uncovered,
/doctor/pharmacy/fulfilments/{fulfilmentId}/substitute,POST,contract,uncovered,
/doctor/drug-deliveries,GET,contract,uncovered,
/doctor/refills,GET,contract,uncovered,
/doctor/refills/{id},GET,contract,uncovered,
/doctor/refills/{refillId}/review,POST,contract,uncovered,
/doctor/specialists,GET,contract,uncovered,
/doctor/referrals,GET,contract,uncovered,
/doctor/referrals,POST,contract,uncovered,
/doctor/referrals/{id},GET,contract,uncovered,
/doctor/patients/{patientId}/record-hub,GET,contract,uncovered,
/doctor/hmo/claims,GET,contract,uncovered,
/doctor/hmo/claims,POST,contract,uncovered,
/doctor/hmo/claims/{id},GET,contract,uncovered,
/doctor/hmo/claims/{claimId}/dispute,POST,contract,uncovered,
/doctor/follow-ups,GET,contract,uncovered,
/doctor/follow-ups,POST,contract,uncovered,
/doctor/follow-ups/{id},GET,contract,uncovered,
/doctor/follow-ups/{followUpId}/review,POST,contract,uncovered,
/doctor/reputation,GET,contract,uncovered,
/doctor/payout-report,GET,contract,uncovered,
/doctor/compliance,GET,contract,uncovered,
/doctor/compliance/policies/{policyKey}/ack,POST,contract,uncovered,
/doctor/reviews/{reviewId}/report,POST,contract,uncovered,
/doctor/vet/dashboard,GET,contract,uncovered,
/doctor/vet/pets/{petId},GET,contract,uncovered,
/doctor/vet/pets/{petId}/prescription,GET,contract,uncovered,
/doctor/vet/lab-orders,GET,contract,uncovered,
/doctor/vet/lab-orders,POST,contract,uncovered,
/doctor/vet/lab-orders/{orderId}/result,GET,contract,uncovered,
/doctor/vet/products,GET,contract,uncovered,
/doctor/vet/pets/{petId}/recommendations,GET,contract,uncovered,
/doctor/vet/mode,POST,contract,uncovered,
/doctor/vet/prescriptions,POST,contract,uncovered,
/doctor/vet/lab-results/{resultId}/review,POST,contract,uncovered,
/doctor/vet/recommendations,POST,contract,uncovered,
/doctor/analytics/quality,GET,contract,uncovered,
/doctor/clinics,GET,contract,uncovered,
/doctor/clinics/active,POST,contract,uncovered,
/doctor/clinics/{clinicId}/schedule,PATCH,contract,uncovered,
/doctor/ai/note-summary/{appointmentId},GET,contract,uncovered,
/doctor/ai/note-summary,POST,contract,uncovered,
/doctor/ai/note-summary/accept,POST,contract,uncovered,
/doctor/ai/rx-safety/{id},GET,contract,uncovered,
/doctor/ai/rx-safety,POST,contract,uncovered,
/doctor/ai/lab-explanation/{resultId},GET,contract,uncovered,
/doctor/ai/lab-explanation,POST,contract,uncovered,
/doctor/profile/draft,GET,contract,uncovered,
/doctor/profile/draft,PUT,contract,uncovered,
/doctor/uploads/presign,POST,contract,uncovered,
/doctor/profile/documents,GET,contract,uncovered,
/doctor/profile/documents,POST,contract,uncovered,
/doctor/profile/photo,POST,contract,uncovered,
/doctor/profile/bank-account,POST,contract,uncovered,
/doctor/profile/tax-info,PUT,contract,uncovered,
/doctor/profile/publish,POST,contract,uncovered,
/doctor/licence/expiry-warning,GET,contract,uncovered,
/doctor/licence/renew,POST,contract,uncovered,
/doctor/verification/decision,GET,contract,uncovered,
/doctor/onboarding/slides,GET,contract,uncovered,
/doctor/onboarding/merchant-upgrade,GET,contract,uncovered,
/doctor/onboarding/merchant-upgrade,POST,contract,uncovered,
/doctor/onboarding/provider-type,POST,contract,uncovered,
/doctor/onboarding/legal,GET,contract,uncovered,
/doctor/onboarding/consents,GET,contract,uncovered,
/doctor/onboarding/consents,POST,contract,uncovered,
/doctor/onboarding/permissions,GET,contract,uncovered,
/doctor/onboarding/permissions,POST,contract,uncovered,
/doctor/vet/profile/draft,GET,contract,uncovered,
/doctor/vet/profile/draft,PUT,contract,uncovered,
/doctor/vet/profile/documents,GET,contract,uncovered,
/doctor/vet/verification,GET,contract,uncovered,
/doctor/vet/verification,POST,contract,uncovered,
/doctor/vet/licence/renew,POST,contract,uncovered,
/doctor/vet/profile/publish,POST,contract,uncovered,
/doctor/dashboard,GET,contract,uncovered,
/doctor/announcements/latest,GET,contract,uncovered,
/doctor/announcements/{announcementId}/dismiss,POST,contract,uncovered,
/doctor/presence,PUT,contract,uncovered,
/doctor/schedule,GET,contract,uncovered,
/doctor/schedule/blocked-dates,GET,contract,uncovered,
/doctor/schedule/blocked-dates,POST,contract,uncovered,
/doctor/schedule/vacation,PUT,contract,uncovered,
/doctor/schedule/emergency,PUT,contract,uncovered,
/doctor/schedule/reminders,PUT,contract,uncovered,
/doctor/schedule/recurring,PUT,contract,uncovered,
/doctor/schedule/timezone,PUT,contract,uncovered,
/doctor/queue,GET,contract,uncovered,
/doctor/appointment-requests,GET,contract,uncovered,
/doctor/appointment-requests/{id},GET,contract,uncovered,
/doctor/appointments/{appointmentId}/accept,POST,contract,uncovered,
/doctor/appointments/{appointmentId}/reject,POST,contract,uncovered,
/doctor/appointments/{appointmentId}/request-reschedule,POST,contract,uncovered,
/doctor/appointments/{appointmentId}/reschedule,POST,contract,uncovered,
/doctor/appointments/{appointmentId}/cancel,POST,contract,uncovered,
/doctor/appointments/{appointmentId}/start,POST,contract,uncovered,
/doctor/appointments/{appointmentId}/end,POST,contract,uncovered,
/doctor/appointments/{appointmentId}/no-show,POST,contract,uncovered,
/doctor/patients/{patientId}/full-profile,GET,contract,uncovered,
/doctor/chat/{threadId}/rich-messages,GET,contract,uncovered,
/doctor/chat/{threadId}/state,GET,contract,uncovered,
/doctor/chat/{threadId}/presence,GET,contract,uncovered,
/doctor/chat/{threadId}/transcript,GET,contract,uncovered,
/doctor/chat/{threadId}/voice,POST,contract,uncovered,
/doctor/chat/{threadId}/attachments,POST,contract,uncovered,
/doctor/chat/{threadId}/share,POST,contract,uncovered,
/doctor/chat/{threadId}/escalate,POST,contract,uncovered,
/doctor/chat/{threadId}/end,POST,contract,uncovered,
/doctor/chat/messages/{messageId}/annotations,PUT,contract,uncovered,
/doctor/chat/messages/{messageId}/report,POST,contract,uncovered,
/doctor/calls/{appointmentId}/rich,GET,contract,uncovered,
/doctor/calls/{appointmentId}/pre-check,GET,contract,uncovered,
/doctor/calls/disputes,GET,contract,uncovered,
/doctor/calls/{appointmentId}/join,POST,contract,uncovered,
/doctor/calls/{appointmentId}/leave,POST,contract,uncovered,
/doctor/calls/{appointmentId}/token,POST,contract,uncovered,
/doctor/ws,GET,contract,uncovered,
/doctor/calls/{appointmentId}/switch-provider,POST,contract,uncovered,
/doctor/calls/{appointmentId}/feedback,POST,contract,uncovered,
/doctor/calls/{appointmentId}/dispute,POST,contract,uncovered,
/doctor/support/technical,POST,contract,uncovered,
/doctor/appointments/{appointmentId}/clinical-note,GET,contract,uncovered,
/doctor/appointments/{appointmentId}/clinical-note,PUT,contract,uncovered,
/doctor/clinical-notes/{noteId}/finalize,POST,contract,uncovered,
/doctor/clinical-notes/{noteId}/share,POST,contract,uncovered,
/doctor/prescriptions/{id}/issued,GET,contract,uncovered,
/doctor/prescriptions/{prescriptionId}/issue,POST,contract,uncovered,
/doctor/prescriptions/{prescriptionId}/cancel,POST,contract,uncovered,
/doctor/prescriptions/{prescriptionId}/share,POST,contract,uncovered,
/doctor/prescriptions/{prescriptionId}/send-to-pharmacy,POST,contract,uncovered,
/doctor/prescriptions/{prescriptionId}/refill-consultation,POST,contract,uncovered,
/doctor/prescriptions/{prescriptionId}/pharmacy,POST,contract,uncovered,
/doctor/pharmacies,GET,contract,uncovered,
/doctor/pharmacies/preferred,GET,contract,uncovered,
/doctor/pharmacies/{pharmacyId}/stock,GET,contract,uncovered,
/doctor/pharmacies/{pharmacyId}/report,POST,contract,uncovered,
/doctor/pharmacy/{fulfilmentId}/messages,GET,contract,uncovered,
/doctor/pharmacy/{fulfilmentId}/messages,POST,contract,uncovered,
/doctor/pharmacy/{fulfilmentId}/received,POST,contract,uncovered,
/doctor/delivery-alerts,GET,contract,uncovered,
/doctor/lab-catalogue,GET,contract,uncovered,
/doctor/lab-packages,GET,contract,uncovered,
/doctor/lab-providers,GET,contract,uncovered,
/doctor/lab-orders/{orderId}/rich,GET,contract,uncovered,
/doctor/lab-orders/{orderId}/share,POST,contract,uncovered,
/doctor/lab-orders/{orderId}/cancel,POST,contract,uncovered,
/doctor/lab-results/inbox,GET,contract,uncovered,
/doctor/lab-results/{resultId}/rich,GET,contract,uncovered,
/doctor/lab-results/{resultId}/comparisons,GET,contract,uncovered,
/doctor/lab-results/{resultId}/interpretation,PUT,contract,uncovered,
/doctor/lab-results/{resultId}/share-explanation,POST,contract,uncovered,
/doctor/lab-results/{resultId}/report,POST,contract,uncovered,
/doctor/hmo/coverage/{patientId},GET,contract,uncovered,
/doctor/hmo/pre-auth,GET,contract,uncovered,
/doctor/hmo/pre-auth,POST,contract,uncovered,
/doctor/hmo/pre-auth/{id},GET,contract,uncovered,
/doctor/hmo/covered-services,GET,contract,uncovered,
/doctor/hmo/support/{threadId},GET,contract,uncovered,
/doctor/hmo/support/{threadId}/messages,POST,contract,uncovered,
/doctor/hmo/fraud-warnings,GET,contract,uncovered,
/doctor/hmo/fraud-warnings/{warningId}/ack,POST,contract,uncovered,
/doctor/referrals/incoming,GET,contract,uncovered,
/doctor/referrals/incoming/{id},GET,contract,uncovered,
/doctor/referrals/incoming/{referralId}/accept,POST,contract,uncovered,
/doctor/referrals/incoming/{referralId}/reject,POST,contract,uncovered,
/doctor/opinions,GET,contract,uncovered,
/doctor/opinions,POST,contract,uncovered,
/doctor/opinions/{id},GET,contract,uncovered,
/doctor/care-team/{threadId},GET,contract,uncovered,
/doctor/care-team/{threadId}/messages,POST,contract,uncovered,
/doctor/case-summaries/{caseRef},GET,contract,uncovered,
/doctor/patients/{patientId}/follow-up-eligibility,GET,contract,uncovered,
/doctor/care-plans,GET,contract,uncovered,
/doctor/care-plans,POST,contract,uncovered,
/doctor/care-plans/{id},GET,contract,uncovered,
/doctor/chronic-monitoring,GET,contract,uncovered,
/doctor/adherence-checks,GET,contract,uncovered,
/doctor/adherence-checks,POST,contract,uncovered,
/doctor/follow-ups/{followUpId}/reminder,POST,contract,uncovered,
/doctor/follow-ups/{followUpId}/complete,POST,contract,uncovered,
/doctor/emergency/facilities,GET,contract,uncovered,
/doctor/red-flag-alerts,GET,contract,uncovered,
/doctor/emergency/escalations,GET,contract,uncovered,
/doctor/emergency/cases,GET,contract,uncovered,
/doctor/emergency/cases,POST,contract,uncovered,
/doctor/emergency/cases/{id},GET,contract,uncovered,
/doctor/emergency/escalate/hospital,POST,contract,uncovered,
/doctor/emergency/escalate/ambulance,POST,contract,uncovered,
/doctor/emergency/contacts/{patientId}/notify,POST,contract,uncovered,
/doctor/vet/appointments,GET,contract,uncovered,
/doctor/vet/owner-requests,GET,contract,uncovered,
/doctor/vet/pets/{petId}/chat,GET,contract,uncovered,
/doctor/vet/pets/{petId}/call,GET,contract,uncovered,
/doctor/vet/pets/{petId}/soap-note,GET,contract,uncovered,
/doctor/vet/pets/{petId}/emergency-warnings,GET,contract,uncovered,
/doctor/vet/specialists,GET,contract,uncovered,
/doctor/vet/pets/{petId}/referrals,GET,contract,uncovered,
/doctor/vet/consults/{consultId}/summary,GET,contract,uncovered,
/doctor/vet/consults/history,GET,contract,uncovered,
/doctor/vet/pharmacies,GET,contract,uncovered,
/doctor/vet/prescriptions/{prescriptionId}/issued,GET,contract,uncovered,
/doctor/vet/refills,GET,contract,uncovered,
/doctor/vet/refills,POST,contract,uncovered,
/doctor/vet/lab-catalogue,GET,contract,uncovered,
/doctor/vet/lab-results/inbox,GET,contract,uncovered,
/doctor/vet/pets/{petId}/vaccination-recommendations,GET,contract,uncovered,
/doctor/vet/pets/{petId}/vaccination-reminders,GET,contract,uncovered,
/doctor/vet/pets/{petId}/health-record,GET,contract,uncovered,
/doctor/vet/pets/{petId}/growth,GET,contract,uncovered,
/doctor/vet/pets/{petId}/growth,POST,contract,uncovered,
/doctor/vet/pets/{petId}/chronic-monitoring,GET,contract,uncovered,
/doctor/vet/pets/{petId}/chronic-monitoring,POST,contract,uncovered,
/doctor/vet/products/{productId},GET,contract,uncovered,
/doctor/vet/product-fulfilments,GET,contract,uncovered,
/doctor/vet/product-fulfilments/{id},GET,contract,uncovered,
/doctor/vet/requests/{requestId}/respond,POST,contract,uncovered,
/doctor/vet/soap-notes,POST,contract,uncovered,
/doctor/vet/referrals,POST,contract,uncovered,
/doctor/vet/prescriptions/{prescriptionId}/issue,POST,contract,uncovered,
/doctor/vet/prescriptions/{prescriptionId}/send,POST,contract,uncovered,
/doctor/vet/refills/{refillId}/review,POST,contract,uncovered,
/doctor/vet/lab-results/{resultId}/interpretation,POST,contract,uncovered,
/doctor/vet/vaccination-reminders,POST,contract,uncovered,
/doctor/vet/recommendations/{recommendationId}/share,POST,contract,uncovered,
/doctor/records/dashboard,GET,contract,uncovered,
/doctor/records/{patientId}/index,GET,contract,uncovered,
/doctor/records/{patientId}/restrictions,GET,contract,uncovered,
/doctor/records/{patientId}/restricted-warnings,GET,contract,uncovered,
/doctor/records/shares,GET,contract,uncovered,
/doctor/records/{patientId}/export,POST,contract,uncovered,
/doctor/records/{patientId}/share,POST,contract,uncovered,
/doctor/records/{patientId}/access-request,POST,contract,uncovered,
/doctor/notifications/groups,GET,contract,uncovered,
/doctor/notifications/preferences,GET,contract,uncovered,
/doctor/notifications/preferences,PUT,contract,uncovered,
/doctor/notifications/{notificationId}/read,POST,contract,uncovered,
/doctor/notifications/read-all,POST,contract,uncovered,
/doctor/earnings/breakdown,GET,contract,uncovered,
/doctor/earnings/commission,GET,contract,uncovered,
/doctor/earnings/tax-vat,GET,contract,uncovered,
/doctor/wallet/balance,GET,contract,uncovered,
/doctor/payouts/{id},GET,contract,uncovered,
/doctor/payouts/disputes,GET,contract,uncovered,
/doctor/payouts/{payoutId}/dispute,POST,contract,uncovered,
/doctor/payout-account,PUT,contract,uncovered,
/doctor/invoices,GET,contract,uncovered,
/doctor/feedback,GET,contract,uncovered,
/doctor/quality/score,GET,contract,uncovered,
/doctor/quality/ranking,GET,contract,uncovered,
/doctor/quality/recommendations,GET,contract,uncovered,
/doctor/reviews/disputes,GET,contract,uncovered,
/doctor/reviews/{reviewId}/dispute,POST,contract,uncovered,
/doctor/reviews/{reviewId}/removal-request,POST,contract,uncovered,
/doctor/support/faqs,GET,contract,uncovered,
/doctor/support/help-articles,GET,contract,uncovered,
/doctor/disputes,GET,contract,uncovered,
/doctor/disputes,POST,contract,uncovered,
/doctor/disputes/{id},GET,contract,uncovered,
/doctor/disputes/{disputeId}/evidence,POST,contract,uncovered,
/doctor/support/{threadId}/messages,GET,contract,uncovered,
/doctor/support/{threadId}/messages,POST,contract,uncovered,
/doctor/vet/licence,GET,contract,uncovered,
/doctor/privacy,GET,contract,uncovered,
/doctor/privacy,PUT,contract,uncovered,
/doctor/privacy/export,POST,contract,uncovered,
/doctor/privacy/delete,POST,contract,uncovered,
/doctor/audit-trail,GET,contract,uncovered,
/doctor/training,GET,contract,uncovered,
/doctor/training/{moduleId}/complete,POST,contract,uncovered,
/doctor/safety-issues,GET,contract,uncovered,
/doctor/safety-issues,POST,contract,uncovered,
/doctor/account/review-notice,GET,contract,uncovered,
/doctor/account/status,GET,contract,uncovered,
/doctor/security,GET,contract,uncovered,
/doctor/security/password,POST,contract,uncovered,
/doctor/security/biometric,PUT,contract,uncovered,
/doctor/security/2fa,PUT,contract,uncovered,
/doctor/security/devices,GET,contract,uncovered,
/doctor/security/devices/{deviceId},DELETE,contract,uncovered,
/doctor/preferences,GET,contract,uncovered,
/doctor/preferences,PUT,contract,uncovered,
/doctor/app-status,GET,contract,uncovered,
/doctor/auth/logout,POST,contract,uncovered,
/estate/dues,GET,contract,uncovered,
/estate/dues/{id}/pay,POST,contract,uncovered,
/estate/meetings,GET,contract,uncovered,
/estate/meetings,POST,contract,uncovered,
/estate/meetings/{id},GET,contract,uncovered,
/estate/meetings/{id}/rsvp,POST,contract,uncovered,
/estate/meetings/{id}/minutes,GET,contract,uncovered,
/estate/tasks,GET,contract,uncovered,
/estate/tasks,POST,contract,uncovered,
/estate/tasks/{id},GET,contract,uncovered,
/estate/tasks/{id}/status,POST,contract,uncovered,
/estate/repairs,GET,contract,uncovered,
/estate/repairs,POST,contract,uncovered,
/estate/repairs/{id},GET,contract,uncovered,
/estate/repairs/{id}/updates,POST,contract,uncovered,
/estate/facilities,GET,contract,uncovered,
/estate/facilities/bookings,GET,contract,uncovered,
/estate/facilities/bookings,POST,contract,uncovered,
/estate/facilities/bookings/{id}/cancel,POST,contract,uncovered,
/estate/announcements,GET,contract,uncovered,
/estate/announcements,POST,contract,uncovered,
/estate/announcements/{id},GET,contract,uncovered,
/estate/announcements/{id}/read,POST,contract,uncovered,
/estate/emergencies,GET,contract,uncovered,
/estate/emergencies,POST,contract,uncovered,
/estate/emergencies/{id}/resolve,POST,contract,uncovered,
/estate/documents,GET,contract,uncovered,
/estate/documents,POST,contract,uncovered,
/estate/vendors,GET,contract,uncovered,
/estate/vendors/jobs,GET,contract,uncovered,
/estate/vendors/jobs/{id}/status,POST,contract,uncovered,
/estate/vendors/self/earnings,GET,contract,uncovered,
/estate/vendors/self/jobs/{id}/quote,POST,contract,uncovered,
/estate/vendors/self/onboard,POST,contract,uncovered,
/estate/ai-notes,GET,contract,uncovered,
/estate/ai-notes/generate,POST,contract,uncovered,
/estate/finance,GET,contract,uncovered,
/estate/admin/summary,GET,contract,uncovered,
/estate/notifications,GET,contract,uncovered,
/estate/notifications/{id}/read,POST,contract,uncovered,
/estate/notifications/read-all,POST,contract,uncovered,
/estate/reports,GET,contract,uncovered,
/estate/analytics/{type},GET,contract,uncovered,
/estate/properties,GET,contract,uncovered,
/estate/settings,GET,contract,uncovered,
/estate/settings,PATCH,contract,uncovered,
/health/intake/appointments/{appointmentId},GET,contract,uncovered,
/health/intake/appointments/{appointmentId}/draft,PUT,contract,uncovered,
/health/intake/appointments/{appointmentId}/submit,POST,contract,uncovered,
/health/intake/appointments/{appointmentId}/attachments/presign,POST,contract,uncovered,
/health/intake/appointments/{appointmentId}/doctor-summary,GET,contract,uncovered,
/health/intake/health-profile,GET,contract,uncovered,
/invest/profile,GET,contract,uncovered,
/invest/start,POST,contract,uncovered,
/invest/eligibility,GET,contract,uncovered,
/invest/agreements,GET,contract,uncovered,
/invest/agreements/accept,POST,contract,uncovered,
/invest/suitability/questions,GET,contract,uncovered,
/invest/suitability/submit,POST,contract,uncovered,
/invest/suitability/result,GET,contract,uncovered,
/stocks,GET,contract,uncovered,
/stocks/search,GET,contract,uncovered,
/stocks/market-status,GET,contract,uncovered,
/stocks/{symbol},GET,contract,uncovered,
/stocks/{symbol}/chart,GET,contract,uncovered,
/stocks/{symbol}/dividends,GET,contract,uncovered,
/stocks/{symbol}/corporate-actions,GET,contract,uncovered,
/stocks/orders/buy,POST,contract,uncovered,
/stocks/orders/sell,POST,contract,uncovered,
/stocks/orders,GET,contract,uncovered,
/stocks/orders/{id},GET,contract,uncovered,
/stocks/orders/{id}/cancel,POST,contract,uncovered,
/invest/portfolio,GET,contract,uncovered,
/invest/portfolio/positions,GET,contract,uncovered,
/invest/portfolio/performance,GET,contract,uncovered,
/invest/wallet,GET,contract,uncovered,
/invest/wallet/deposit,POST,contract,uncovered,
/invest/wallet/withdraw,POST,contract,uncovered,
/invest/wallet/transactions,GET,contract,uncovered,
/invest/watchlists,GET,contract,uncovered,
/invest/watchlists,POST,contract,uncovered,
/invest/watchlists/{id},PATCH,contract,uncovered,
/invest/watchlists/{id},DELETE,contract,uncovered,
/invest/watchlists/{id}/stocks,POST,contract,uncovered,
/invest/watchlists/{id}/stocks/{assetId},DELETE,contract,uncovered,
/invest/alerts,GET,contract,uncovered,
/invest/alerts,POST,contract,uncovered,
/invest/alerts/{id},PATCH,contract,uncovered,
/invest/alerts/{id},DELETE,contract,uncovered,
/invest/public-offers,GET,contract,uncovered,
/invest/public-offers/applications,GET,contract,uncovered,
/invest/public-offers/{id},GET,contract,uncovered,
/invest/public-offers/{id}/apply,POST,contract,uncovered,
/invest/rights-issues,GET,contract,uncovered,
/invest/rights-issues/applications,GET,contract,uncovered,
/invest/rights-issues/{id},GET,contract,uncovered,
/invest/rights-issues/{id}/accept,POST,contract,uncovered,
/nutrition/dishes/{dishId},GET,contract,uncovered,
/nutrition/dishes/{dishId}/recipe,POST,contract,uncovered,
/nutrition/dishes/{dishId}/approve,POST,contract,uncovered,
/nutrition/dishes/{dishId}/edit,POST,contract,uncovered,
/nutrition/dishes/{dishId}/allergens,POST,contract,uncovered,
/nutrition/cart/summary,GET,contract,uncovered,
/nutrition/menus/{menuId}/auto-suggest,POST,contract,uncovered,
/nutrition/menus/{menuId}/approve-all,POST,contract,uncovered,
/api/auth/reset-password,POST,contract,exercised-by-live-e2e,e2e:frontend-web/tests/e2e/auth/auth-003-forgot-reset.spec.ts|e2e-results:docs/e2e/results/auth.md|unit:backend/internal/handlers/otp_login_stepup_test.go
/api/auth/otp/request,POST,contract,exercised-by-unit-or-integration-test,
/api/auth/otp/verify,POST,contract,exercised-by-unit-or-integration-test,
/api/auth/sessions,GET,contract,uncovered,
/api/auth/sessions/{id},DELETE,contract,uncovered,
/api/auth/sessions/revoke-all,POST,contract,uncovered,
/api/admin/users/{id}/force-logout,POST,contract,uncovered,
/api/admin/users/{id}/force-password-reset,POST,contract,uncovered,
/api/admin/users/export,GET,contract,uncovered,
/api/admin/users/bulk-roles,POST,contract,uncovered,
/api/admin/users/{id}/roles/bulk,POST,contract,exercised-by-live-e2e,e2e:frontend-web/tests/e2e/admin/admin-003-rbac.spec.ts|e2e-results:docs/e2e/results/admin.md
/api/admin/users/{id}/sessions,GET,contract,uncovered,
/api/admin/roles/{id}/permissions/bulk,POST,contract,uncovered,
/api/finance/estate/{id}/dues/invoices,GET,contract,uncovered,
/api/finance/estate/{id}/dues/invoices,POST,contract,uncovered,
/api/finance/estate/{id}/dues/invoices/{invoiceId}/pay,POST,contract,uncovered,
/api/finance/estate/{id}/dues/restrictions,POST,contract,uncovered,
/api/finance/estate/{id}/dues/restrictions/{residentId}/lift,POST,contract,uncovered,
/api/finance/estate/{id}/tasks,GET,contract,uncovered,
/api/finance/estate/{id}/tasks,POST,contract,uncovered,
/api/finance/estate/{id}/tasks/{taskId}/status,PATCH,contract,uncovered,
/api/finance/estate/{id}/repairs,GET,contract,uncovered,
/api/finance/estate/{id}/repairs,POST,contract,uncovered,
/api/finance/estate/{id}/repairs/{repairId}/updates,GET,contract,uncovered,
/api/finance/estate/{id}/repairs/{repairId}/updates,POST,contract,uncovered,
/api/finance/estate/{id}/facilities,GET,contract,uncovered,
/api/finance/estate/{id}/facilities,POST,contract,uncovered,
/api/finance/estate/{id}/facilities/{facilityId}/book,POST,contract,uncovered,
/api/finance/estate/{id}/bookings,GET,contract,uncovered,
/api/finance/estate/{id}/announcements,GET,contract,uncovered,
/api/finance/estate/{id}/announcements,POST,contract,uncovered,
/api/finance/estate/{id}/announcements/{annId}/read,POST,contract,uncovered,
/api/finance/estate/{id}/emergencies,GET,contract,uncovered,
/api/finance/estate/{id}/emergencies,POST,contract,uncovered,
/api/finance/estate/{id}/emergencies/{alertId}/status,PATCH,contract,uncovered,
/api/finance/estate/{id}/documents,GET,contract,uncovered,
/api/finance/estate/{id}/documents,POST,contract,uncovered,
/api/finance/estate/{id}/vendors,GET,contract,uncovered,
/api/finance/estate/{id}/vendors,POST,contract,uncovered,
/api/finance/estate/{id}/vendors/{vendorId}/verify,POST,contract,uncovered,
/api/finance/estate/{id}/finance/dashboard,GET,contract,uncovered,
/api/finance/estate/{id}/notifications,GET,contract,uncovered,
/api/finance/estate/{id}/reports,GET,contract,uncovered,
/api/finance/property/context,GET,contract,exercised-by-unit-or-integration-test,
/api/finance/property/context/switch,POST,contract,exercised-by-unit-or-integration-test,
/api/finance/property/rent-passport/me,GET,contract,exercised-by-unit-or-integration-test,
/api/finance/property/rent-passport/lookup/{userId},GET,contract,exercised-by-unit-or-integration-test,
/api/realtor/admin/overview,GET,contract,uncovered,
/api/realtor/admin/listings/pending,GET,contract,uncovered,
/api/realtor/admin/listings/{id}/decision,POST,contract,uncovered,
/api/realtor/admin/verifications,GET,contract,uncovered,
/api/realtor/admin/verifications/{id}/decision,POST,contract,uncovered,
/api/realtor/admin/payments,GET,contract,uncovered,
/api/realtor/admin/escrow,GET,contract,uncovered,
/api/realtor/admin/escrow/{id}/resolve,POST,contract,uncovered,
/api/finance/maps/basemap,GET,contract,uncovered,
/api/finance/maps/geocode,POST,contract,exercised-by-unit-or-integration-test,
/api/finance/maps/reverse,POST,contract,uncovered,
/api/finance/maps/autocomplete,POST,contract,exercised-by-unit-or-integration-test,
/api/finance/maps/places,POST,contract,uncovered,
/api/finance/maps/route,POST,contract,uncovered,
/api/finance/maps/matrix,POST,contract,uncovered,
/api/finance/maps/match,POST,contract,uncovered,
/api/finance/maps/match,TRACE,contract,uncovered,
/api/finance/maps/nearby,POST,contract,uncovered,
/api/finance/maps/in-zone,POST,contract,uncovered,
/api/finance/maps/locations,POST,contract,uncovered,
/api/finance/maps/usage,GET,contract,uncovered,
/api/finance/maps/metrics,GET,contract,internal-or-infra-only,
/api/finance/mobility/ws,GET,contract,uncovered,
/api/finance/mobility/public/track/{token},GET,contract,uncovered,
/api/finance/mobility/trips/{id}/track,POST,contract,uncovered,
/api/finance/placement/zones,GET,contract,uncovered,
/api/finance/placement/campaigns,POST,contract,uncovered,
/api/finance/placement/campaigns,GET,contract,uncovered,
/api/finance/placement/campaigns/{id},GET,contract,uncovered,
/api/finance/placement/campaigns/{id}/quote,POST,contract,uncovered,
/api/finance/placement/campaigns/{id}/submit,POST,contract,uncovered,
/api/finance/placement/campaigns/{id}/pay,POST,contract,uncovered,
/api/finance/placement/campaigns/{id}/cancel,POST,contract,uncovered,
/api/finance/placement/campaigns/{id}/pause,POST,contract,uncovered,
/api/finance/placement/campaigns/{id}/resume,POST,contract,uncovered,
/api/finance/placement/campaigns/{id}/analytics,GET,contract,uncovered,
/api/placement/admin/review-queue,GET,contract,uncovered,
/api/placement/admin/campaigns/{id},GET,contract,uncovered,
/api/placement/admin/campaigns/{id}/approve,POST,contract,uncovered,
/api/placement/admin/campaigns/{id}/reject,POST,contract,uncovered,
/api/placement/admin/campaigns/{id}/request-info,POST,contract,uncovered,
/api/placement/admin/campaigns/{id}/suspend,POST,contract,uncovered,
/api/finance/placement/landing,GET,contract,uncovered,
/api/finance/placement/events,POST,contract,uncovered,
/api/finance/nutrition/dishes/{dishId},GET,contract,uncovered,
/api/finance/nutrition/dishes/{dishId}/recipe,POST,contract,uncovered,
/api/finance/nutrition/dishes/{dishId}/approve,POST,contract,uncovered,
/api/finance/nutrition/dishes/{dishId}/edit,POST,contract,uncovered,
/api/finance/nutrition/dishes/{dishId}/allergens,POST,contract,uncovered,
/api/finance/nutrition/cart/summary,GET,contract,uncovered,
/api/finance/nutrition/menus/{menuId}/auto-suggest,POST,contract,uncovered,
/api/finance/nutrition/menus/{menuId}/approve-all,POST,contract,uncovered,
/api/nutrition/admin/composition,POST,contract,uncovered,
/api/nutrition/admin/library,POST,contract,uncovered,
/api/nutrition/admin/reresolve,POST,contract,uncovered,
/api/nutrition/admin/resolve,POST,contract,uncovered,
/api/v1/fx/quotes,POST,contract,uncovered,
/api/v1/fx/quotes/{id}/lock,POST,contract,uncovered,
/api/v1/fx/conversions,POST,contract,uncovered,
/api/v1/fx/transfers,POST,contract,uncovered,
/api/v1/fx/collections/virtual-accounts,GET,contract,uncovered,
/api/v1/fx/collections/virtual-accounts,POST,contract,uncovered,
/api/v1/fx/rates,GET,contract,uncovered,
/api/v1/fx/balances,GET,contract,uncovered,
/api/v1/fx/balances,POST,contract,uncovered,
/api/v1/fx/webhooks/{provider},POST,contract,internal-or-infra-only,
/api/v1/fx/transactions,GET,contract,uncovered,
/api/v1/fx/transactions/{id},GET,contract,uncovered,
/api/v1/fx/transactions/{id}/dispute,POST,contract,uncovered,
/api/v1/fx/rates/history,GET,contract,uncovered,
/api/v1/fx/transfers/{reference},GET,contract,uncovered,
/api/v1/fx/collections,GET,contract,uncovered,
/api/v1/fx/beneficiaries,GET,contract,uncovered,
/api/v1/fx/beneficiaries,POST,contract,uncovered,
/api/v1/fx/beneficiaries/validate,POST,contract,uncovered,
/api/v1/fx/beneficiaries/{id},PUT,contract,uncovered,
/api/v1/fx/beneficiaries/{id},PATCH,contract,uncovered,
/api/v1/fx/beneficiaries/{id},DELETE,contract,uncovered,
/api/v1/fx/rate-alerts,GET,contract,uncovered,
/api/v1/fx/rate-alerts,POST,contract,uncovered,
/api/v1/fx/rate-alerts/{id},DELETE,contract,uncovered,
/api/v1/fx/cards,GET,contract,uncovered,
/api/v1/fx/cards,POST,contract,uncovered,
/api/v1/fx/cards/{id},GET,contract,uncovered,
/api/v1/fx/cards/{id}/reveal,POST,contract,uncovered,
/api/v1/fx/cards/{id}/fund,POST,contract,uncovered,
/api/v1/fx/cards/{id}/freeze,POST,contract,uncovered,
/api/v1/fx/cards/{id}/unfreeze,POST,contract,uncovered,
/api/v1/fx/cards/{id}/terminate,POST,contract,uncovered,
/api/v1/fx/cards/{id}/controls,PATCH,contract,uncovered,
/api/v1/fx/cards/{id}/transactions,GET,contract,uncovered,
/api/v1/onboarding/modules,GET,contract,uncovered,
/api/v1/onboarding/modules/{id}/merchant-types,GET,contract,uncovered,
/api/v1/onboarding/merchant-types/{id},GET,contract,uncovered,
/api/v1/onboarding/form-schemas/{id},GET,contract,uncovered,
/api/v1/onboarding/applications,POST,contract,uncovered,
/api/v1/onboarding/applications/{id},GET,contract,uncovered,
/api/v1/onboarding/applications/{id},PATCH,contract,uncovered,
/api/v1/onboarding/applications/{id}/submit,POST,contract,uncovered,
/api/v1/onboarding/applications/{id}/resubmit,POST,contract,uncovered,
/api/v1/me/capabilities,GET,contract,uncovered,
/api/admin/onboarding/review-queue,GET,contract,uncovered,
/api/admin/onboarding/applications/{id}/approve,POST,contract,uncovered,
/api/admin/onboarding/applications/{id}/reject,POST,contract,uncovered,
/api/admin/onboarding/applications/{id}/request-info,POST,contract,uncovered,
/kyc/me,GET,contract,exercised-by-unit-or-integration-test,
/me/tier,GET,contract,exercised-by-unit-or-integration-test,
/kyc/initiate,POST,contract,exercised-by-unit-or-integration-test,
/placement/zones,GET,contract,uncovered,
/placement/campaigns,GET,contract,uncovered,
/placement/campaigns,POST,contract,uncovered,
/placement/campaigns/{id},GET,contract,uncovered,
/placement/campaigns/{id}/quote,POST,contract,uncovered,
/placement/campaigns/{id}/submit,POST,contract,uncovered,
/placement/campaigns/{id}/pay,POST,contract,uncovered,
/placement/campaigns/{id}/cancel,POST,contract,uncovered,
/placement/campaigns/{id}/pause,POST,contract,uncovered,
/placement/campaigns/{id}/resume,POST,contract,uncovered,
/placement/campaigns/{id}/analytics,GET,contract,uncovered,
/placement/admin/review-queue,GET,contract,uncovered,
/placement/admin/campaigns/{id},GET,contract,uncovered,
/placement/admin/campaigns/{id}/approve,POST,contract,uncovered,
/placement/admin/campaigns/{id}/reject,POST,contract,uncovered,
/placement/admin/campaigns/{id}/request-info,POST,contract,uncovered,
/placement/admin/campaigns/{id}/suspend,POST,contract,uncovered,
/landing/placements,GET,contract,uncovered,
/placement/events,POST,contract,uncovered,
/property/context,GET,contract,exercised-by-unit-or-integration-test,
/property/context/switch,POST,contract,exercised-by-unit-or-integration-test,
/property/rent-passport/me,GET,contract,exercised-by-unit-or-integration-test,
/property/rent-passport/lookup/{userId},GET,contract,exercised-by-unit-or-integration-test,
/realtor/stays/{bookingId}/gate-pass,GET,contract,uncovered,
/,POST,contract,exercised-by-live-e2e,e2e-via-bff(app/api/v1/restaurant/route.ts):frontend-web/tests/e2e/provider/helpers.ts|e2e-via-bff(app/api/v1/restaurant/route.ts):frontend-web/tests/e2e/provider/provider-001-onboarding.spec.ts|e2e-via-bff(app/api/v1/restaurant/route.ts):frontend-web/tests/e2e/provider/provider-002-kyb-approval.spec.ts
/,GET,contract,exercised-by-live-e2e,e2e-via-bff(app/api/v1/restaurant/route.ts):frontend-web/tests/e2e/provider/helpers.ts|e2e-via-bff(app/api/v1/restaurant/route.ts):frontend-web/tests/e2e/provider/provider-001-onboarding.spec.ts|e2e-via-bff(app/api/v1/restaurant/route.ts):frontend-web/tests/e2e/provider/provider-002-kyb-approval.spec.ts
/{id},GET,contract,exercised-by-live-e2e,e2e-via-bff(app/api/v1/restaurant/[id]/route.ts):frontend-web/tests/e2e/provider/provider-001-onboarding.spec.ts|e2e-via-bff(app/api/v1/restaurant/[id]/route.ts):frontend-web/tests/e2e/provider/provider-003-menu-offering.spec.ts|e2e-via-bff(app/api/v1/restaurant/[id]/route.ts):frontend-web/tests/e2e/provider/provider-004-visibility-order.spec.ts
/{id},PATCH,contract,exercised-by-live-e2e,e2e-via-bff(app/api/v1/restaurant/[id]/route.ts):frontend-web/tests/e2e/provider/provider-001-onboarding.spec.ts|e2e-via-bff(app/api/v1/restaurant/[id]/route.ts):frontend-web/tests/e2e/provider/provider-003-menu-offering.spec.ts|e2e-via-bff(app/api/v1/restaurant/[id]/route.ts):frontend-web/tests/e2e/provider/provider-004-visibility-order.spec.ts
/{id}/availability,PATCH,contract,exercised-by-live-e2e,e2e-via-bff(app/api/v1/restaurant/[id]/availability/route.ts):frontend-web/tests/e2e/provider/provider-001-onboarding.spec.ts|e2e-via-bff(app/api/v1/restaurant/[id]/availability/route.ts):frontend-web/tests/e2e/user/user-004-pagination.spec.ts|e2e-via-bff(app/api/v1/restaurant/[id]/availability/route.ts):docs/e2e/results/provider.md
/mine,GET,contract,exercised-by-live-e2e,e2e-via-bff(app/api/v1/restaurant/[id]/route.ts):frontend-web/tests/e2e/provider/provider-001-onboarding.spec.ts|e2e-via-bff(app/api/v1/restaurant/[id]/route.ts):frontend-web/tests/e2e/provider/provider-003-menu-offering.spec.ts|e2e-via-bff(app/api/v1/restaurant/[id]/route.ts):frontend-web/tests/e2e/provider/provider-004-visibility-order.spec.ts
/earnings,GET,contract,exercised-by-live-e2e,e2e-via-bff(app/api/v1/restaurant/[id]/route.ts):frontend-web/tests/e2e/provider/provider-001-onboarding.spec.ts|e2e-via-bff(app/api/v1/restaurant/[id]/route.ts):frontend-web/tests/e2e/provider/provider-003-menu-offering.spec.ts|e2e-via-bff(app/api/v1/restaurant/[id]/route.ts):frontend-web/tests/e2e/provider/provider-004-visibility-order.spec.ts
/{id}/menu/categories,POST,contract,exercised-by-live-e2e,e2e-via-bff(app/api/v1/restaurant/[id]/menu/[...path]/route.ts):frontend-web/tests/e2e/cross/cross-001-order-completion.spec.ts|e2e-via-bff(app/api/v1/restaurant/[id]/menu/[...path]/route.ts):frontend-web/tests/e2e/cross/cross-004-audit-continuity.spec.ts|e2e-via-bff(app/api/v1/restaurant/[id]/menu/[...path]/route.ts):frontend-web/tests/e2e/provider/provider-001-onboarding.spec.ts
/{id}/menu/categories/{categoryId},DELETE,contract,uncovered,
/{id}/menu/items,POST,contract,exercised-by-live-e2e,e2e-via-bff(app/api/v1/restaurant/[id]/menu/[...path]/route.ts):frontend-web/tests/e2e/cross/cross-001-order-completion.spec.ts|e2e-via-bff(app/api/v1/restaurant/[id]/menu/[...path]/route.ts):frontend-web/tests/e2e/cross/cross-004-audit-continuity.spec.ts|e2e-via-bff(app/api/v1/restaurant/[id]/menu/[...path]/route.ts):frontend-web/tests/e2e/provider/provider-003-menu-offering.spec.ts
/{id}/menu/items/{itemId},PATCH,contract,exercised-by-live-e2e,e2e-via-bff(app/api/v1/restaurant/[id]/menu/[...path]/route.ts):frontend-web/tests/e2e/provider/provider-003-menu-offering.spec.ts
/{id}/menu/items/{itemId},DELETE,contract,exercised-by-live-e2e,e2e-via-bff(app/api/v1/restaurant/[id]/menu/[...path]/route.ts):frontend-web/tests/e2e/provider/provider-003-menu-offering.spec.ts
/{id}/orders,POST,contract,exercised-by-live-e2e,e2e-via-bff(app/api/v1/restaurant/[id]/orders/route.ts):frontend-web/tests/e2e/cross/cross-001-order-completion.spec.ts|e2e-via-bff(app/api/v1/restaurant/[id]/orders/route.ts):frontend-web/tests/e2e/cross/cross-004-audit-continuity.spec.ts|e2e-via-bff(app/api/v1/restaurant/[id]/orders/route.ts):docs/e2e/results/cross.md
/orders/{orderId},GET,contract,exercised-by-live-e2e,e2e:frontend-web/tests/e2e/cross/cross-001-order-completion.spec.ts|e2e-via-bff(app/api/finance/[...path]/route.ts):frontend-web/tests/e2e/cross/cross-001-order-completion.spec.ts|e2e-results:docs/e2e/results/cross.md
/orders,GET,contract,exercised-by-live-e2e,e2e-via-bff(app/api/v1/restaurant/[id]/route.ts):frontend-web/tests/e2e/provider/provider-001-onboarding.spec.ts|e2e-via-bff(app/api/v1/restaurant/[id]/route.ts):frontend-web/tests/e2e/provider/provider-003-menu-offering.spec.ts|e2e-via-bff(app/api/v1/restaurant/[id]/route.ts):frontend-web/tests/e2e/provider/provider-004-visibility-order.spec.ts
/{id}/orders/{orderId}/status,PATCH,contract,exercised-by-live-e2e,e2e-via-bff(app/api/v1/restaurant/[id]/orders/[orderId]/status/route.ts):frontend-web/tests/e2e/cross/cross-001-order-completion.spec.ts|e2e-via-bff(app/api/v1/restaurant/[id]/orders/[orderId]/status/route.ts):frontend-web/tests/e2e/cross/cross-004-audit-continuity.spec.ts|e2e-via-bff(app/api/v1/restaurant/[id]/orders/[orderId]/status/route.ts):frontend-web/tests/e2e/provider/provider-004-visibility-order.spec.ts
/{id}/orders/{orderId},DELETE,contract,uncovered,
/orders/{orderId}/assign,POST,contract,uncovered,
/orders/{orderId}/accept,POST,contract,exercised-by-live-e2e,e2e:frontend-web/tests/e2e/cross/cross-001-order-completion.spec.ts|e2e-via-bff(app/api/finance/[...path]/route.ts):frontend-web/tests/e2e/cross/cross-001-order-completion.spec.ts
/orders/{orderId}/location,POST,contract,uncovered,
/rider/offers,GET,contract,exercised-by-live-e2e,e2e:frontend-web/tests/e2e/cross/cross-001-order-completion.spec.ts|e2e-via-bff(app/api/finance/[...path]/route.ts):frontend-web/tests/e2e/cross/cross-001-order-completion.spec.ts|e2e-results:docs/e2e/results/cross.md
/rider/active,GET,contract,uncovered,
/orders/{orderId}/messages,GET,contract,uncovered,
/orders/{orderId}/messages,POST,contract,uncovered,
/orders/{orderId}/rate,POST,contract,uncovered,
/orders/{orderId}/ws,GET,contract,uncovered,
/restaurants,GET,contract,exercised-by-live-e2e,e2e-via-bff(app/api/v1/restaurant/[id]/route.ts):frontend-web/tests/e2e/provider/provider-001-onboarding.spec.ts|e2e-via-bff(app/api/v1/restaurant/[id]/route.ts):frontend-web/tests/e2e/provider/provider-003-menu-offering.spec.ts|e2e-via-bff(app/api/v1/restaurant/[id]/route.ts):frontend-web/tests/e2e/provider/provider-004-visibility-order.spec.ts
/admin/orders,GET,contract,exercised-by-live-e2e,e2e-via-bff(app/api/v1/restaurant/[id]/orders/route.ts):frontend-web/tests/e2e/cross/cross-001-order-completion.spec.ts|e2e-via-bff(app/api/v1/restaurant/[id]/orders/route.ts):frontend-web/tests/e2e/cross/cross-004-audit-continuity.spec.ts|e2e-via-bff(app/api/v1/restaurant/[id]/orders/route.ts):docs/e2e/results/cross.md
/admin/riders,GET,contract,uncovered,
/admin/dispatch/queue,GET,contract,uncovered,
/admin/orders/{id}/dispatch,POST,contract,uncovered,
/transfers/banks,GET,contract,uncovered,
/transfers/resolve-account,POST,contract,uncovered,
/transfers/bank,POST,contract,uncovered,
/transfers/bank-to-bank,POST,contract,uncovered,
/transfers/beneficiaries,GET,contract,uncovered,
/transfers/beneficiaries,POST,contract,uncovered,
/transfers/beneficiaries/{id},DELETE,contract,uncovered,
/transfers/pin/status,GET,contract,exercised-by-live-e2e,e2e:frontend-web/tests/e2e/finance/fin-007-edge.spec.ts|e2e-via-bff(app/api/finance/[...path]/route.ts):frontend-web/tests/e2e/finance/fin-007-edge.spec.ts
/transfers/pin,POST,contract,uncovered,
/transfers/pin/verify,POST,contract,uncovered,
/mobility/ws,GET,contract,uncovered,
/mobility/trips/{id}/track,POST,contract,uncovered,
/mobility/home,GET,contract,uncovered,
/mobility/config/pricing,GET,contract,uncovered,
/mobility/rides/estimate,POST,contract,uncovered,
/mobility/rides/request,POST,contract,uncovered,
/mobility/rides/active,GET,contract,uncovered,
/mobility/rides/{id}/offer,POST,contract,uncovered,
/mobility/rides/{id}/accept-counter,POST,contract,uncovered,
/mobility/rides/{id}/cancel,POST,contract,uncovered,
/mobility/rides/{id},GET,contract,uncovered,
/mobility/rides/{id}/share,POST,contract,uncovered,
/mobility/rides/{id}/sos,POST,contract,uncovered,
/mobility/rides/{id}/rate,POST,contract,uncovered,
/mobility/parcel/{id}/rate,POST,contract,uncovered,
/mobility/towing/{id}/rate,POST,contract,uncovered,
/mobility/movers/{id}/rate,POST,contract,uncovered,
/mobility/bus/schedules/{id}/seats,GET,contract,uncovered,
/mobility/history,GET,contract,uncovered,
/mobility/profile,GET,contract,uncovered,
/mobility/profile,PUT,contract,uncovered,
/mobility/trusted-contacts,GET,contract,uncovered,
/mobility/trusted-contacts,POST,contract,uncovered,
/mobility/trusted-contacts/{id},DELETE,contract,uncovered,
/driver/onboarding/submit,POST,contract,uncovered,
/driver/documents,POST,contract,uncovered,
/driver/vehicle,POST,contract,uncovered,
/driver/me,GET,contract,uncovered,
/driver/status,PATCH,contract,uncovered,
/driver/requests,GET,contract,uncovered,
/driver/requests/{id}/accept,POST,contract,uncovered,
/driver/requests/{id}/counter,POST,contract,uncovered,
/driver/trips/{id}/arrive,POST,contract,uncovered,
/driver/trips/{id}/verify-pin,POST,contract,uncovered,
/driver/trips/{id}/start,POST,contract,uncovered,
/driver/trips/{id}/complete,POST,contract,uncovered,
/driver/earnings,GET,contract,uncovered,
/driver/sos,POST,contract,uncovered,
/admin/transport/dashboard,GET,contract,uncovered,
/admin/transport/drivers,GET,contract,uncovered,
/admin/transport/drivers/{id},GET,contract,uncovered,
/admin/transport/drivers/{id}/verification,PATCH,contract,uncovered,
/admin/transport/vehicles,GET,contract,uncovered,
/admin/transport/vehicles/{id}/status,PATCH,contract,uncovered,
/admin/transport/trips,GET,contract,uncovered,
/admin/transport/dispatch/live,GET,contract,uncovered,
/admin/transport/dispatch/{trip_id}/assign,POST,contract,uncovered,
/admin/transport/pricing,GET,contract,uncovered,
/admin/transport/pricing,PATCH,contract,uncovered,
/admin/transport/commission,GET,contract,uncovered,
/admin/transport/commission/{tier},PATCH,contract,uncovered,
/admin/transport/safety/incidents,GET,contract,uncovered,
/admin/transport/safety/incidents/{id},PATCH,contract,uncovered,
/admin/transport/reports/summary,GET,contract,uncovered,
/admin/transport/audit,GET,contract,uncovered,
/mobility/car-hire/quote,POST,contract,uncovered,
/mobility/car-hire/book,POST,contract,uncovered,
/mobility/car-hire,GET,contract,uncovered,
/mobility/car-hire/{id},GET,contract,uncovered,
/mobility/car-hire/{id}/activate,POST,contract,uncovered,
/mobility/car-hire/{id}/extend,POST,contract,uncovered,
/mobility/car-hire/{id}/complete,POST,contract,uncovered,
/mobility/car-hire/{id}/cancel,POST,contract,uncovered,
/mobility/parcels/estimate,POST,contract,uncovered,
/mobility/parcels,POST,contract,uncovered,
/mobility/parcels,GET,contract,uncovered,
/mobility/parcels/{id},GET,contract,uncovered,
/mobility/parcels/{id}/cancel,POST,contract,uncovered,
/driver/parcels/requests,GET,contract,uncovered,
/driver/parcels/{id}/accept,POST,contract,uncovered,
/driver/parcels/{id}/verify-pickup-pin,POST,contract,uncovered,
/driver/parcels/{id}/picked-up,POST,contract,uncovered,
/driver/parcels/{id}/verify-dropoff,POST,contract,uncovered,
/mobility/bus/routes,GET,contract,uncovered,
/mobility/bus/schedules,GET,contract,uncovered,
/mobility/bus/book,POST,contract,uncovered,
/mobility/bus/tickets,GET,contract,uncovered,
/mobility/bus/tickets/{id}/cancel,POST,contract,uncovered,
/driver/bus/validate,POST,contract,uncovered,
/mobility/towing/estimate,POST,contract,uncovered,
/mobility/towing,POST,contract,uncovered,
/mobility/towing,GET,contract,uncovered,
/mobility/towing/{id},GET,contract,uncovered,
/mobility/towing/{id}/cancel,POST,contract,uncovered,
/driver/towing/requests,GET,contract,uncovered,
/driver/towing/{id}/accept,POST,contract,uncovered,
/driver/towing/{id}/en-route,POST,contract,uncovered,
/driver/towing/{id}/verify-pin,POST,contract,uncovered,
/driver/towing/{id}/start,POST,contract,uncovered,
/driver/towing/{id}/complete,POST,contract,uncovered,
/mobility/movers/quote,POST,contract,uncovered,
/mobility/movers/{id},GET,contract,uncovered,
/mobility/movers/{id}/accept-bid,POST,contract,uncovered,
/mobility/movers/{id}/confirm-completion,POST,contract,uncovered,
/mobility/movers/{id}/cancel,POST,contract,uncovered,
/driver/movers/open,GET,contract,uncovered,
/driver/movers/{id}/bid,POST,contract,uncovered,
/driver/movers/{id}/start,POST,contract,uncovered,
/driver/movers/{id}/complete,POST,contract,uncovered,
/mobility/events/transport,GET,contract,uncovered,
/mobility/events/transport,POST,contract,uncovered,
/mobility/events/transport/{id},GET,contract,uncovered,
/mobility/events/transport/{id}/book,POST,contract,uncovered,
/mobility/events/bookings,GET,contract,uncovered,
/mobility/events/bookings/{id}/cancel,POST,contract,uncovered,
/driver/events/validate,POST,contract,uncovered,
/mobility/business/accounts,POST,contract,uncovered,
/mobility/business/accounts/me,GET,contract,uncovered,
/mobility/business/deliveries,POST,contract,uncovered,
/mobility/business/deliveries,GET,contract,uncovered,
/mobility/business/deliveries/{id},GET,contract,uncovered,
/mobility/business/deliveries/{id}/cancel,POST,contract,uncovered,
/mobility/business/batches,POST,contract,uncovered,
/mobility/business/batches,GET,contract,uncovered,
/mobility/business/batches/{id},GET,contract,uncovered,
/mobility/business/invoices,GET,contract,uncovered,
/mobility/business/analytics,GET,contract,uncovered,
/driver/business/requests,GET,contract,uncovered,
/driver/business/{id}/accept,POST,contract,uncovered,
/driver/business/{id}/picked-up,POST,contract,uncovered,
/driver/business/{id}/deliver,POST,contract,uncovered,
/driver/business/{id}/fail,POST,contract,uncovered,
/admin/transport/parcels,GET,contract,uncovered,
/admin/transport/parcels/{id}/status,PATCH,contract,uncovered,
/admin/transport/bus/routes,GET,contract,uncovered,
/admin/transport/bus/routes,POST,contract,uncovered,
/admin/transport/bus/schedules,POST,contract,uncovered,
/admin/transport/bus/schedules/{id}/approve-fare,POST,contract,uncovered,
/admin/transport/bus/manifest,GET,contract,uncovered,
/admin/transport/towing,GET,contract,uncovered,
/admin/transport/towing/{id}/status,PATCH,contract,uncovered,
/admin/transport/movers,GET,contract,uncovered,
/admin/transport/movers/{id}/status,PATCH,contract,uncovered,
/admin/transport/car-hire,GET,contract,uncovered,
/admin/transport/car-hire/{id}/status,PATCH,contract,uncovered,
/admin/transport/business/accounts,GET,contract,uncovered,
/admin/transport/business/accounts/{id}/status,PATCH,contract,uncovered,
/admin/transport/business/deliveries,GET,contract,uncovered,
/admin/transport/business/deliveries/{id}/status,PATCH,contract,uncovered,
/admin/transport/business/invoices,GET,contract,uncovered,
/admin/transport/business/invoices/{id}/issue,POST,contract,uncovered,
/admin/transport/business/invoices/{id}/mark-paid,POST,contract,uncovered,
/admin/transport/events/offers,GET,contract,uncovered,
/admin/transport/events/offers/{id}/status,PATCH,contract,uncovered,
/admin/transport/events/bookings,GET,contract,uncovered,
/visitor/restriction,GET,contract,uncovered,
/visitor/restriction/proof,POST,contract,uncovered,
/visitor/restriction/appeal,POST,contract,uncovered,
/visitor/codes,GET,contract,uncovered,
/visitor/codes,POST,contract,uncovered,
/visitor/codes/{id},GET,contract,uncovered,
/visitor/codes/{id}/revoke,POST,contract,uncovered,
/visitor/codes/{id}/extend,POST,contract,uncovered,
/visitor/codes/{id}/share,POST,contract,uncovered,
/visitor/codes/event,POST,contract,uncovered,
/visitor/codes/{id}/attendance,GET,contract,uncovered,
/visitor/codes/{id}/arrival,POST,contract,uncovered,
/visitor/codes/{id}/exit,POST,contract,uncovered,
/visitor/history,GET,contract,uncovered,
/visitor/notifications,GET,contract,uncovered,
/visitor/notifications/unread-count,GET,contract,uncovered,
/visitor/notifications/read-all,POST,contract,uncovered,
/visitor/notifications/{id}/read,POST,contract,uncovered,
/visitor/gate/session,GET,contract,uncovered,
/visitor/gate/expected,GET,contract,uncovered,
/visitor/gate/log,GET,contract,uncovered,
/visitor/gate/vehicles,GET,contract,uncovered,
/visitor/gate/open-visits,GET,contract,uncovered,
/visitor/gate/open-visits/count,GET,contract,uncovered,
/visitor/gate/overstays,GET,contract,uncovered,
/visitor/gate/pending-sync-count,GET,contract,uncovered,
/visitor/gate/sync,POST,contract,uncovered,
/visitor/gate/lookup,GET,contract,uncovered,
/visitor/gate/approve,POST,contract,uncovered,
/visitor/gate/deny,POST,contract,uncovered,
/visitor/gate/checkout,POST,contract,uncovered,
/visitor/gate/walkin,POST,contract,uncovered,
/visitor/gate/handover,POST,contract,uncovered,
/visitor/blacklist,GET,contract,uncovered,
/visitor/blacklist,POST,contract,uncovered,
/visitor/blacklist/{id},DELETE,contract,uncovered,
/visitor/incidents,GET,contract,uncovered,
/visitor/incidents,POST,contract,uncovered,
/visitor/analytics,GET,contract,uncovered,
/visitor/search,GET,contract,uncovered,
/elections,GET,contract,uncovered,
/elections,POST,contract,uncovered,
/elections/active,GET,contract,uncovered,
/elections/{id},GET,contract,uncovered,
/elections/{id}/eligibility,GET,contract,uncovered,
/elections/{id}/ballot,GET,contract,uncovered,
/elections/{id}/vote,POST,contract,uncovered,
/elections/{id}/publish,POST,contract,uncovered,
/notifications/push-token,POST,contract,uncovered,
/v2/votes/wallet,POST,contract,exercised-by-live-e2e,e2e:frontend-web/tests/e2e/cross/vote-001-paid-vote-atomicity.spec.ts|e2e:docs/e2e/results/cross.md|unit:route-import
/votes/paid/wallet,POST,contract,exercised-by-live-e2e,e2e:frontend-web/tests/e2e/cross/cross-002-contest-lifecycle.spec.ts|e2e:frontend-web/tests/e2e/cross/vote-001-paid-vote-atomicity.spec.ts|e2e:docs/e2e/results/cross.md
/open-mic/votes/pay/initiate,POST,contract,uncovered,
/open-mic/votes/pay/verify,POST,contract,exercised-by-unit-or-integration-test,
/admin/voting/votes/{voteId}/reverse,POST,contract,exercised-by-unit-or-integration-test,
/v1/connect/contests/{id}/stages/{stageNum}/evict,POST,contract,uncovered,
/v1/connect/contests/{id}/save,POST,contract,uncovered,
/v1/connect/contests/{id}/extend-grace-period,POST,contract,uncovered,
/v1/connect/contests/{id}/stages/{stageNum}/finalize-evictions,POST,contract,uncovered,
/v1/connect/contests/{id}/stages/{stageNum}/contestants,GET,contract,uncovered,
/v1/connect/contests/{id}/evictions,GET,contract,uncovered,
/v1/connect/contests/{id}/admin-vote,POST,contract,uncovered,
/v1/connect/contestants/{id}/like,POST,contract,uncovered,
/v1/connect/contestants/{id}/like,DELETE,contract,uncovered,
/v1/connect/contestants/{id}/share,POST,contract,uncovered,
/v1/connect/share/{token},GET,contract,uncovered,
