source_file,method,path,route_group
cmd/voting-test-server/main.go,GET,/api/v1/connect/health,(root)
internal/academy/assessment/handler.go,GET,/api/academy/admin/question-bank/item-analysis,/api/academy/admin/question-bank
internal/academy/assessment/handler.go,GET,/api/academy/admin/question-bank/items,/api/academy/admin/question-bank
internal/academy/assessment/handler.go,POST,/api/academy/admin/question-bank/items,/api/academy/admin/question-bank
internal/academy/assessment/handler.go,GET,/api/academy/admin/question-bank/items/:id,/api/academy/admin/question-bank
internal/academy/assessment/handler.go,PUT,/api/academy/admin/question-bank/items/:id,/api/academy/admin/question-bank
internal/academy/assessment/handler.go,POST,/api/academy/admin/question-bank/items/:id/transition,/api/academy/admin/question-bank
internal/academy/assessment/handler.go,GET,/api/finance/academy/mastery,/api/finance/academy
internal/academy/assessment/handler.go,GET,/api/finance/academy/practice,/api/finance/academy
internal/academy/assessment/handler.go,POST,/api/finance/academy/practice/submit,/api/finance/academy
internal/academy/assessment/handler.go,GET,/api/finance/academy/progress,/api/finance/academy
internal/academy/assessment/mock_exam_handler.go,GET,/api/academy/admin/analytics/comparison/class,/api/academy/admin/analytics
internal/academy/assessment/mock_exam_handler.go,GET,/api/academy/admin/analytics/difficulty/subjects/:classId,/api/academy/admin/analytics
internal/academy/assessment/mock_exam_handler.go,GET,/api/academy/admin/analytics/distribution/grades,/api/academy/admin/analytics
internal/academy/assessment/mock_exam_handler.go,GET,/api/academy/admin/analytics/rankings/exam,/api/academy/admin/analytics
internal/academy/assessment/mock_exam_handler.go,POST,/api/academy/admin/analytics/refresh,/api/academy/admin/analytics
internal/academy/assessment/mock_exam_handler.go,GET,/api/academy/admin/analytics/retention/cohorts,/api/academy/admin/analytics
internal/academy/assessment/mock_exam_handler.go,GET,/api/academy/admin/analytics/trends/performance,/api/academy/admin/analytics
internal/academy/assessment/mock_exam_handler.go,GET,/api/academy/admin/mock-exams/analytics,/api/academy/admin/mock-exams
internal/academy/assessment/mock_exam_handler.go,GET,/api/academy/admin/mock-exams/templates,/api/academy/admin/mock-exams
internal/academy/assessment/mock_exam_handler.go,POST,/api/academy/admin/mock-exams/templates,/api/academy/admin/mock-exams
internal/academy/assessment/mock_exam_handler.go,PUT,/api/academy/admin/mock-exams/templates/:id,/api/academy/admin/mock-exams
internal/academy/assessment/mock_exam_handler.go,DELETE,/api/academy/admin/mock-exams/templates/:id,/api/academy/admin/mock-exams
internal/academy/assessment/mock_exam_handler.go,GET,/api/finance/academy/mock-exams/analytics,/api/finance/academy/mock-exams
internal/academy/assessment/mock_exam_handler.go,GET,/api/finance/academy/mock-exams/attempts/:attempt_id,/api/finance/academy/mock-exams
internal/academy/assessment/mock_exam_handler.go,POST,/api/finance/academy/mock-exams/attempts/:attempt_id/save,/api/finance/academy/mock-exams
internal/academy/assessment/mock_exam_handler.go,POST,/api/finance/academy/mock-exams/attempts/:attempt_id/submit,/api/finance/academy/mock-exams
internal/academy/assessment/mock_exam_handler.go,GET,/api/finance/academy/mock-exams/results/:attempt_id,/api/finance/academy/mock-exams
internal/academy/assessment/mock_exam_handler.go,POST,/api/finance/academy/mock-exams/start,/api/finance/academy/mock-exams
internal/academy/assessment/mock_exam_handler.go,GET,/api/finance/academy/mock-exams/statistics/:template_id,/api/finance/academy/mock-exams
internal/academy/assessment/mock_exam_handler.go,GET,/api/finance/academy/mock-exams/templates,/api/finance/academy/mock-exams
internal/academy/assessment/mock_exam_handler.go,GET,/api/finance/academy/mock-exams/templates/:id,/api/finance/academy/mock-exams
internal/academy/commerce/handler.go,GET,/api/academy/commerce/admin/access-cards,/api/academy/commerce/admin
internal/academy/commerce/handler.go,POST,/api/academy/commerce/admin/access-cards/allocate,/api/academy/commerce/admin
internal/academy/commerce/handler.go,POST,/api/academy/commerce/admin/access-cards/generate,/api/academy/commerce/admin
internal/academy/commerce/handler.go,GET,/api/academy/commerce/admin/bundles,/api/academy/commerce/admin
internal/academy/commerce/handler.go,POST,/api/academy/commerce/admin/orders/:id/refund,/api/academy/commerce/admin
internal/academy/commerce/handler.go,GET,/api/academy/commerce/admin/payments/overview,/api/academy/commerce/admin
internal/academy/commerce/handler.go,GET,/api/academy/commerce/admin/plans,/api/academy/commerce/admin
internal/academy/commerce/handler.go,POST,/api/finance/academy/commerce/access-cards/activate,/api/finance/academy/commerce
internal/academy/commerce/handler.go,GET,/api/finance/academy/commerce/bundles,/api/finance/academy/commerce
internal/academy/commerce/handler.go,GET,/api/finance/academy/commerce/bundles/:id,/api/finance/academy/commerce
internal/academy/commerce/handler.go,GET,/api/finance/academy/commerce/bundles/:id/manifest,/api/finance/academy/commerce
internal/academy/commerce/handler.go,POST,/api/finance/academy/commerce/orders,/api/finance/academy/commerce
internal/academy/commerce/handler.go,POST,/api/finance/academy/commerce/orders/:id/bnpl,/api/finance/academy/commerce
internal/academy/commerce/handler.go,POST,/api/finance/academy/commerce/orders/:id/pay,/api/finance/academy/commerce
internal/academy/commerce/handler.go,GET,/api/finance/academy/commerce/plans,/api/finance/academy/commerce
internal/academy/commerce/handler.go,POST,/api/finance/academy/commerce/subscribe,/api/finance/academy/commerce
internal/academy/commerce/handler.go,POST,/api/finance/academy/commerce/sync,/api/finance/academy/commerce
internal/academy/content/handler.go,POST,/api/academy/admin/content/bundles/:id/publish,/api/academy/admin/content
internal/academy/content/handler.go,GET,/api/academy/admin/content/items,/api/academy/admin/content
internal/academy/content/handler.go,POST,/api/academy/admin/content/lessons/:id/publish,/api/academy/admin/content
internal/academy/content/handler.go,GET,/api/academy/admin/content/localizations,/api/academy/admin/content
internal/academy/content/handler.go,POST,/api/academy/admin/content/localizations,/api/academy/admin/content
internal/academy/content/handler.go,DELETE,/api/academy/admin/content/localizations,/api/academy/admin/content
internal/academy/content/handler.go,GET,/api/academy/admin/content/productions,/api/academy/admin/content
internal/academy/content/handler.go,POST,/api/academy/admin/content/productions,/api/academy/admin/content
internal/academy/content/handler.go,GET,/api/academy/admin/content/productions/:id,/api/academy/admin/content
internal/academy/content/handler.go,PUT,/api/academy/admin/content/productions/:id,/api/academy/admin/content
internal/academy/content/handler.go,POST,/api/academy/admin/content/productions/:id/advance,/api/academy/admin/content
internal/academy/content/handler.go,POST,/api/academy/admin/content/productions/:id/block,/api/academy/admin/content
internal/academy/content/handler.go,GET,/api/finance/academy/content/bundles,/api/finance/academy
internal/academy/content/handler.go,GET,/api/finance/academy/content/bundles/:id/manifest,/api/finance/academy
internal/academy/content/handler.go,GET,/api/finance/academy/content/lessons/:objectiveId,/api/finance/academy
internal/academy/credentials/handler.go,POST,/api/academy/admin/credentials/:id/revoke,/api/academy/admin
internal/academy/credentials/handler.go,GET,/api/academy/admin/earning/opportunities,/api/academy/admin
internal/academy/credentials/handler.go,POST,/api/academy/admin/earning/opportunities,/api/academy/admin
internal/academy/credentials/handler.go,PUT,/api/academy/admin/earning/opportunities/:id,/api/academy/admin
internal/academy/credentials/handler.go,GET,/api/finance/academy/credentials,/api/finance/academy
internal/academy/credentials/handler.go,GET,/api/finance/academy/credentials/:id,/api/finance/academy
internal/academy/credentials/handler.go,GET,/api/finance/academy/credentials/verify/:verificationId,/api/finance/academy
internal/academy/credentials/handler.go,POST,/api/finance/academy/earning/apply,/api/finance/academy
internal/academy/credentials/handler.go,GET,/api/finance/academy/earning/opportunities,/api/finance/academy
internal/academy/credentials/handler.go,GET,/api/finance/academy/earning/opportunities/:id,/api/finance/academy
internal/academy/curriculum/handler.go,POST,/api/academy/admin/curriculum/classes,/api/academy/admin/curriculum
internal/academy/curriculum/handler.go,PATCH,/api/academy/admin/curriculum/classes/:id,/api/academy/admin/curriculum
internal/academy/curriculum/handler.go,POST,/api/academy/admin/curriculum/objectives,/api/academy/admin/curriculum
internal/academy/curriculum/handler.go,PATCH,/api/academy/admin/curriculum/objectives/:id,/api/academy/admin/curriculum
internal/academy/curriculum/handler.go,POST,/api/academy/admin/curriculum/subjects,/api/academy/admin/curriculum
internal/academy/curriculum/handler.go,PATCH,/api/academy/admin/curriculum/subjects/:id,/api/academy/admin/curriculum
internal/academy/curriculum/handler.go,GET,/api/academy/admin/curriculum/subjects/:id/topics,/api/academy/admin/curriculum
internal/academy/curriculum/handler.go,POST,/api/academy/admin/curriculum/topics,/api/academy/admin/curriculum
internal/academy/curriculum/handler.go,PATCH,/api/academy/admin/curriculum/topics/:id,/api/academy/admin/curriculum
internal/academy/curriculum/handler.go,GET,/api/academy/admin/curriculum/topics/:id/objectives,/api/academy/admin/curriculum
internal/academy/curriculum/handler.go,GET,/api/academy/admin/curriculum/tree,/api/academy/admin/curriculum
internal/academy/curriculum/handler.go,POST,/api/academy/admin/curriculum/versions,/api/academy/admin/curriculum
internal/academy/curriculum/handler.go,PATCH,/api/academy/admin/curriculum/versions/:id,/api/academy/admin/curriculum
internal/academy/curriculum/handler.go,POST,/api/academy/admin/curriculum/versions/:id/publish,/api/academy/admin/curriculum
internal/academy/curriculum/handler.go,GET,/api/finance/academy/curriculum/classes,/api/finance/academy/curriculum
internal/academy/curriculum/handler.go,GET,/api/finance/academy/curriculum/classes/:id/subjects,/api/finance/academy/curriculum
internal/academy/curriculum/handler.go,GET,/api/finance/academy/curriculum/lessons/:id,/api/finance/academy/curriculum
internal/academy/curriculum/handler.go,GET,/api/finance/academy/curriculum/streams,/api/finance/academy/curriculum
internal/academy/curriculum/handler.go,GET,/api/finance/academy/curriculum/subjects/:id,/api/finance/academy/curriculum
internal/academy/curriculum/handler.go,GET,/api/finance/academy/curriculum/subjects/:id/topics,/api/finance/academy/curriculum
internal/academy/curriculum/handler.go,GET,/api/finance/academy/curriculum/topics/:id,/api/finance/academy/curriculum
internal/academy/curriculum/handler.go,GET,/api/finance/academy/curriculum/topics/:id/lessons,/api/finance/academy/curriculum
internal/academy/curriculum/handler.go,GET,/api/finance/academy/curriculum/topics/:id/objectives,/api/finance/academy/curriculum
internal/academy/curriculum/handler.go,GET,/api/finance/academy/curriculum/trade-tracks,/api/finance/academy/curriculum
internal/academy/curriculum/handler.go,GET,/api/finance/academy/curriculum/versions,/api/finance/academy/curriculum
internal/academy/edupay/handler.go,GET,/api/academy/admin/edupay/admin/disbursements,/api/academy/admin/edupay/admin
internal/academy/edupay/handler.go,POST,/api/academy/admin/edupay/admin/disbursements/:id/reconcile,/api/academy/admin/edupay/admin
internal/academy/edupay/handler.go,GET,/api/academy/admin/edupay/admin/fee-schedules,/api/academy/admin/edupay/admin
internal/academy/edupay/handler.go,POST,/api/academy/admin/edupay/admin/fee-schedules,/api/academy/admin/edupay/admin
internal/academy/edupay/handler.go,GET,/api/academy/admin/edupay/admin/pots,/api/academy/admin/edupay/admin
internal/academy/edupay/handler.go,GET,/api/academy/admin/edupay/admin/scholarships,/api/academy/admin/edupay/admin
internal/academy/edupay/handler.go,POST,/api/academy/admin/edupay/admin/scholarships,/api/academy/admin/edupay/admin
internal/academy/edupay/handler.go,POST,/api/academy/admin/edupay/admin/scholarships/award,/api/academy/admin/edupay/admin
internal/academy/edupay/handler.go,GET,/api/academy/admin/edupay/admin/schools,/api/academy/admin/edupay/admin
internal/academy/edupay/handler.go,POST,/api/academy/admin/edupay/admin/schools,/api/academy/admin/edupay/admin
internal/academy/edupay/handler.go,GET,/api/finance/academy/edupay/fee-schedules,/api/finance/academy/edupay
internal/academy/edupay/handler.go,POST,/api/finance/academy/edupay/link,/api/finance/academy/edupay
internal/academy/edupay/handler.go,GET,/api/finance/academy/edupay/me,/api/finance/academy/edupay
internal/academy/edupay/handler.go,POST,/api/finance/academy/edupay/pay,/api/finance/academy/edupay
internal/academy/edupay/handler.go,GET,/api/finance/academy/edupay/pots,/api/finance/academy/edupay
internal/academy/edupay/handler.go,POST,/api/finance/academy/edupay/pots,/api/finance/academy/edupay
internal/academy/edupay/handler.go,POST,/api/finance/academy/edupay/pots/:id/fund,/api/finance/academy/edupay
internal/academy/edupay/handler.go,POST,/api/finance/academy/edupay/pots/:id/pay,/api/finance/academy/edupay
internal/academy/edupay/handler.go,GET,/api/finance/academy/edupay/schools,/api/finance/academy/edupay
internal/academy/exam/handler.go,GET,/api/academy/admin/exam/arenas,/api/academy/admin/exam
internal/academy/exam/handler.go,POST,/api/academy/admin/exam/arenas,/api/academy/admin/exam
internal/academy/exam/handler.go,PUT,/api/academy/admin/exam/arenas/:id,/api/academy/admin/exam
internal/academy/exam/handler.go,POST,/api/academy/admin/exam/arenas/:id/blueprints,/api/academy/admin/exam
internal/academy/exam/handler.go,GET,/api/academy/admin/exam/blueprints,/api/academy/admin/exam
internal/academy/exam/handler.go,PUT,/api/academy/admin/exam/blueprints/:id,/api/academy/admin/exam
internal/academy/exam/handler.go,GET,/api/academy/admin/exam/combinations,/api/academy/admin/exam
internal/academy/exam/handler.go,POST,/api/academy/admin/exam/combinations,/api/academy/admin/exam
internal/academy/exam/handler.go,PUT,/api/academy/admin/exam/combinations/:id,/api/academy/admin/exam
internal/academy/exam/handler.go,DELETE,/api/academy/admin/exam/combinations/:id,/api/academy/admin/exam
internal/academy/exam/handler.go,GET,/api/finance/academy/exam/arenas,/api/finance/academy
internal/academy/exam/handler.go,GET,/api/finance/academy/exam/arenas/:id,/api/finance/academy
internal/academy/exam/handler.go,GET,/api/finance/academy/exam/arenas/:id/blueprints,/api/finance/academy
internal/academy/exam/handler.go,POST,/api/finance/academy/exam/attempts,/api/finance/academy
internal/academy/exam/handler.go,GET,/api/finance/academy/exam/attempts/:id,/api/finance/academy
internal/academy/exam/handler.go,POST,/api/finance/academy/exam/attempts/:id/pause,/api/finance/academy
internal/academy/exam/handler.go,GET,/api/finance/academy/exam/attempts/:id/result,/api/finance/academy
internal/academy/exam/handler.go,POST,/api/finance/academy/exam/attempts/:id/resume,/api/finance/academy
internal/academy/exam/handler.go,POST,/api/finance/academy/exam/attempts/:id/submit,/api/finance/academy
internal/academy/exam/handler.go,GET,/api/finance/academy/exam/utme/combinations,/api/finance/academy
internal/academy/fees/adminapi/handler.go,GET,/api/academy/admin/fees/classes,/api/academy/admin/fees
internal/academy/fees/adminapi/handler.go,POST,/api/academy/admin/fees/classes,/api/academy/admin/fees
internal/academy/fees/adminapi/handler.go,GET,/api/academy/admin/fees/collections/overview,/api/academy/admin/fees
internal/academy/fees/adminapi/handler.go,GET,/api/academy/admin/fees/competitions,/api/academy/admin/fees
internal/academy/fees/adminapi/handler.go,GET,/api/academy/admin/fees/competitions/registrations,/api/academy/admin/fees
internal/academy/fees/adminapi/handler.go,GET,/api/academy/admin/fees/gov-export/opt-ins,/api/academy/admin/fees
internal/academy/fees/adminapi/handler.go,PATCH,/api/academy/admin/fees/gov-export/opt-ins,/api/academy/admin/fees
internal/academy/fees/adminapi/handler.go,GET,/api/academy/admin/fees/invoices,/api/academy/admin/fees
internal/academy/fees/adminapi/handler.go,GET,/api/academy/admin/fees/promotions,/api/academy/admin/fees
internal/academy/fees/adminapi/handler.go,GET,/api/academy/admin/fees/roles,/api/academy/admin/fees
internal/academy/fees/adminapi/handler.go,GET,/api/academy/admin/fees/schedules,/api/academy/admin/fees
internal/academy/fees/adminapi/handler.go,POST,/api/academy/admin/fees/schedules,/api/academy/admin/fees
internal/academy/fees/adminapi/handler.go,POST,/api/academy/admin/fees/schedules/:id/issue,/api/academy/admin/fees
internal/academy/fees/adminapi/handler.go,GET,/api/academy/admin/fees/schools,/api/academy/admin/fees
internal/academy/fees/adminapi/handler.go,POST,/api/academy/admin/fees/schools,/api/academy/admin/fees
internal/academy/fees/adminapi/handler.go,GET,/api/academy/admin/fees/schools/:schoolId/classes,/api/academy/admin/fees
internal/academy/fees/adminapi/handler.go,GET,/api/academy/admin/fees/schools/:schoolId/sessions,/api/academy/admin/fees
internal/academy/fees/adminapi/handler.go,GET,/api/academy/admin/fees/sessions,/api/academy/admin/fees
internal/academy/fees/adminapi/handler.go,POST,/api/academy/admin/fees/sessions,/api/academy/admin/fees
internal/academy/fees/competition/handler.go,POST,/api/academy/admin/competitions,/api/academy/admin/competitions
internal/academy/fees/competition/handler.go,POST,/api/academy/admin/competitions/:id/register,/api/academy/admin/competitions
internal/academy/fees/competition/handler.go,POST,/api/academy/admin/competitions/:id/scores,/api/academy/admin/competitions
internal/academy/fees/competition/handler.go,POST,/api/academy/admin/competitions/:id/transition,/api/academy/admin/competitions
internal/academy/fees/competition/handler.go,GET,/api/finance/academy/competitions/:id/leaderboard,/api/finance/academy/competitions
internal/academy/fees/export/handler.go,POST,/api/academy/admin/export/compliance,/api/academy/admin/export
internal/academy/fees/export/handler.go,GET,/api/academy/admin/export/compliance/:schoolId,/api/academy/admin/export
internal/academy/fees/export/handler.go,POST,/api/academy/admin/export/school-data,/api/academy/admin/export
internal/academy/fees/feeschedule/handler.go,GET,/api/finance/academy/fee-schedules/:id,/api/finance/academy/fee-schedules
internal/academy/fees/feeschedule/handler.go,PATCH,/api/finance/academy/fee-schedules/:id,/api/finance/academy/fee-schedules
internal/academy/fees/feeschedule/handler.go,POST,/api/finance/academy/fee-schedules/:id/lock,/api/finance/academy/fee-schedules
internal/academy/fees/feeschedule/handler.go,POST,/api/finance/academy/schools/:schoolId/fee-schedules,/api/finance/academy/schools/:schoolId
internal/academy/fees/feeschedule/handler.go,GET,/api/finance/academy/schools/:schoolId/fee-schedules,/api/finance/academy/schools/:schoolId
internal/academy/fees/hardship/handler.go,GET,/api/academy/admin/hardship/admin,/api/academy/admin/hardship/admin
internal/academy/fees/hardship/handler.go,POST,/api/academy/admin/hardship/admin/:id/approve,/api/academy/admin/hardship/admin
internal/academy/fees/hardship/handler.go,POST,/api/academy/admin/hardship/admin/:id/deny,/api/academy/admin/hardship/admin
internal/academy/fees/hardship/handler.go,POST,/api/finance/academy/hardship,/api/finance/academy/hardship
internal/academy/fees/hardship/handler.go,GET,/api/finance/academy/hardship/:id,/api/finance/academy/hardship
internal/academy/fees/invoice/handler.go,POST,/api/finance/academy/invoices,/api/finance/academy/invoices
internal/academy/fees/invoice/handler.go,GET,/api/finance/academy/invoices/:id,/api/finance/academy/invoices
internal/academy/fees/invoice/handler.go,GET,/api/finance/academy/invoices/:id/payments,/api/finance/academy/invoices
internal/academy/fees/invoice/handler.go,POST,/api/finance/academy/invoices/:id/payments,/api/finance/academy/invoices
internal/academy/fees/invoice/handler.go,GET,/api/finance/academy/students/:studentId/invoices,/api/finance/academy
internal/academy/fees/payment/handler.go,POST,/api/finance/academy/payments/installment,/api/finance/academy/payments
internal/academy/fees/payment/handler.go,POST,/api/finance/academy/payments/intent,/api/finance/academy/payments
internal/academy/fees/promotion/handler.go,GET,/api/finance/academy/schools/:schoolId/promotions/:promotionId,/api/finance/academy/schools/:schoolId
internal/academy/fees/promotion/handler.go,POST,/api/finance/academy/schools/:schoolId/promotions/:promotionId/admin-approval,/api/finance/academy/schools/:schoolId
internal/academy/fees/promotion/handler.go,POST,/api/finance/academy/schools/:schoolId/promotions/:promotionId/apply,/api/finance/academy/schools/:schoolId
internal/academy/fees/promotion/handler.go,POST,/api/finance/academy/schools/:schoolId/promotions/:promotionId/teacher-approval,/api/finance/academy/schools/:schoolId
internal/academy/fees/promotion/handler.go,POST,/api/finance/academy/schools/:schoolId/sessions/:sessionId/classes/:classId/compute,/api/finance/academy/schools/:schoolId
internal/academy/fees/promotion/handler.go,POST,/api/finance/academy/schools/:schoolId/sessions/:sessionId/classes/:classId/scores,/api/finance/academy/schools/:schoolId
internal/academy/fees/roles/handler.go,POST,/api/academy/admin/schools/:schoolId/staff,/api/academy/admin/schools/:schoolId/staff
internal/academy/fees/roles/handler.go,DELETE,/api/academy/admin/schools/:schoolId/staff,/api/academy/admin/schools/:schoolId/staff
internal/academy/fees/roles/handler.go,GET,/api/academy/admin/schools/:schoolId/staff,/api/academy/admin/schools/:schoolId/staff
internal/academy/fees/scholarship/handler.go,POST,/api/finance/academy/scholarship/pledges,/api/finance/academy/scholarship/pledges
internal/academy/fees/scholarship/handler.go,GET,/api/finance/academy/scholarship/pledges/:id,/api/finance/academy/scholarship/pledges
internal/academy/fees/scholarship/handler.go,POST,/api/finance/academy/scholarship/pledges/:id/apply,/api/finance/academy/scholarship/pledges
internal/academy/fees/scholarship/handler.go,GET,/api/finance/academy/scholarship/pledges/:id/awards,/api/finance/academy/scholarship/pledges
internal/academy/fees/scholarship/handler.go,POST,/api/finance/academy/scholarship/pledges/:id/fund,/api/finance/academy/scholarship/pledges
internal/academy/fees/school/handler.go,GET,/api/academy/admin/schools/admin,/api/academy/admin/schools/admin
internal/academy/fees/school/handler.go,POST,/api/academy/admin/schools/admin/:schoolId/verify,/api/academy/admin/schools/admin
internal/academy/fees/school/handler.go,POST,/api/finance/academy/schools,/api/finance/academy/schools
internal/academy/fees/school/handler.go,GET,/api/finance/academy/schools,/api/finance/academy/schools
internal/academy/fees/school/handler.go,GET,/api/finance/academy/schools/:schoolId,/api/finance/academy/schools
internal/academy/fees/school/handler.go,PATCH,/api/finance/academy/schools/:schoolId,/api/finance/academy/schools
internal/academy/fees/school/handler.go,GET,/api/finance/academy/schools/:schoolId/export,/api/finance/academy/schools
internal/academy/fees/session/handler.go,POST,/api/finance/academy/schools/:schoolId/classes,/api/finance/academy/schools/:schoolId
internal/academy/fees/session/handler.go,GET,/api/finance/academy/schools/:schoolId/classes,/api/finance/academy/schools/:schoolId
internal/academy/fees/session/handler.go,GET,/api/finance/academy/schools/:schoolId/classes/:classId,/api/finance/academy/schools/:schoolId
internal/academy/fees/session/handler.go,PATCH,/api/finance/academy/schools/:schoolId/classes/:classId,/api/finance/academy/schools/:schoolId
internal/academy/fees/session/handler.go,POST,/api/finance/academy/schools/:schoolId/sessions,/api/finance/academy/schools/:schoolId
internal/academy/fees/session/handler.go,GET,/api/finance/academy/schools/:schoolId/sessions,/api/finance/academy/schools/:schoolId
internal/academy/fees/session/handler.go,GET,/api/finance/academy/schools/:schoolId/sessions/:sessionId,/api/finance/academy/schools/:schoolId
internal/academy/fees/session/handler.go,POST,/api/finance/academy/schools/:schoolId/sessions/:sessionId/status,/api/finance/academy/schools/:schoolId
internal/academy/fees/student/handler.go,POST,/api/finance/academy/schools/:schoolId/students,/api/finance/academy/schools/:schoolId
internal/academy/fees/student/handler.go,GET,/api/finance/academy/schools/:schoolId/students,/api/finance/academy/schools/:schoolId
internal/academy/fees/student/handler.go,GET,/api/finance/academy/schools/:schoolId/students/:studentId,/api/finance/academy/schools/:schoolId
internal/academy/fees/student/handler.go,POST,/api/finance/academy/schools/:schoolId/students/:studentId/guardians,/api/finance/academy/schools/:schoolId
internal/academy/fees/student/handler.go,DELETE,/api/finance/academy/schools/:schoolId/students/:studentId/guardians/:guardianId,/api/finance/academy/schools/:schoolId
internal/academy/fees/student/handler.go,POST,/api/finance/academy/schools/:schoolId/students/import/approve,/api/finance/academy/schools/:schoolId
internal/academy/fees/student/handler.go,POST,/api/finance/academy/schools/:schoolId/students/import/preview,/api/finance/academy/schools/:schoolId
internal/academy/fees/trustscore/handler.go,GET,/api/academy/admin/trust-score/:schoolId,/api/academy/admin/trust-score
internal/academy/fees/trustscore/handler.go,POST,/api/academy/admin/trust-score/:schoolId/override,/api/academy/admin/trust-score
internal/academy/fees/vault/handler.go,POST,/api/finance/academy/vaults,/api/finance/academy/vaults
internal/academy/fees/vault/handler.go,GET,/api/finance/academy/vaults,/api/finance/academy/vaults
internal/academy/fees/vault/handler.go,GET,/api/finance/academy/vaults/:id,/api/finance/academy/vaults
internal/academy/fees/vault/handler.go,POST,/api/finance/academy/vaults/:id/apply-to-invoice,/api/finance/academy/vaults
internal/academy/fees/vault/handler.go,POST,/api/finance/academy/vaults/:id/contribute,/api/finance/academy/vaults
internal/academy/fees/vault/handler.go,POST,/api/finance/academy/vaults/:id/lock,/api/finance/academy/vaults
internal/academy/fees/vault/handler.go,POST,/api/finance/academy/vaults/:id/unlock,/api/finance/academy/vaults
internal/academy/fees/vault/handler.go,POST,/api/finance/academy/vaults/:id/withdraw,/api/finance/academy/vaults
internal/academy/gamification/handler.go,GET,/api/academy/admin/gamification/badges,/api/academy/admin/gamification
internal/academy/gamification/handler.go,POST,/api/academy/admin/gamification/badges,/api/academy/admin/gamification
internal/academy/gamification/handler.go,POST,/api/academy/admin/gamification/challenges,/api/academy/admin/gamification
internal/academy/gamification/handler.go,GET,/api/academy/admin/gamification/config,/api/academy/admin/gamification
internal/academy/gamification/handler.go,POST,/api/academy/admin/gamification/leaderboards,/api/academy/admin/gamification
internal/academy/gamification/handler.go,GET,/api/finance/academy/gamification/badges,/api/finance/academy/gamification
internal/academy/gamification/handler.go,GET,/api/finance/academy/gamification/challenges,/api/finance/academy/gamification
internal/academy/gamification/handler.go,GET,/api/finance/academy/gamification/leaderboard/class,/api/finance/academy/gamification
internal/academy/gamification/handler.go,GET,/api/finance/academy/gamification/leaderboards/:id,/api/finance/academy/gamification
internal/academy/gamification/handler.go,GET,/api/finance/academy/gamification/profile,/api/finance/academy/gamification
internal/academy/identity/handler.go,POST,/api/academy/admin/guardians/:id/revoke,/api/academy
internal/academy/identity/handler.go,GET,/api/academy/admin/users/:id,/api/academy
internal/academy/identity/handler.go,POST,/api/finance/academy/guardians/:minorId/consent,/api/finance/academy
internal/academy/identity/handler.go,POST,/api/finance/academy/guardians/link,/api/finance/academy
internal/academy/identity/handler.go,GET,/api/finance/academy/me,/api/finance/academy
internal/academy/identity/handler.go,PUT,/api/finance/academy/profile,/api/finance/academy
internal/academy/identity/handler.go,POST,/api/finance/academy/roles,/api/finance/academy
internal/academy/learner/handler.go,GET,/api/finance/academy/announcements,/api/finance/academy
internal/academy/learner/handler.go,GET,/api/finance/academy/learner/bookmarks,/api/finance/academy/learner
internal/academy/learner/handler.go,POST,/api/finance/academy/learner/bookmarks,/api/finance/academy/learner
internal/academy/learner/handler.go,DELETE,/api/finance/academy/learner/bookmarks/:id,/api/finance/academy/learner
internal/academy/learner/handler.go,GET,/api/finance/academy/learner/daily-goal,/api/finance/academy/learner
internal/academy/learner/handler.go,GET,/api/finance/academy/learner/notes,/api/finance/academy/learner
internal/academy/learner/handler.go,POST,/api/finance/academy/learner/notes,/api/finance/academy/learner
internal/academy/learner/handler.go,DELETE,/api/finance/academy/learner/notes/:id,/api/finance/academy/learner
internal/academy/learner/handler.go,GET,/api/finance/academy/learner/search,/api/finance/academy/learner
internal/academy/learner/handler.go,GET,/api/finance/academy/notifications,/api/finance/academy
internal/academy/learner/handler.go,POST,/api/finance/academy/notifications/:id/read,/api/finance/academy
internal/academy/learner/handler.go,POST,/api/finance/academy/notifications/read-all,/api/finance/academy
internal/academy/live/handler.go,GET,/api/academy/admin/live/replays,/api/academy/admin
internal/academy/live/handler.go,GET,/api/academy/admin/live/sessions,/api/academy/admin
internal/academy/live/handler.go,POST,/api/academy/admin/live/sessions,/api/academy/admin
internal/academy/live/handler.go,POST,/api/academy/admin/live/sessions/:id/cancel,/api/academy/admin
internal/academy/live/handler.go,POST,/api/academy/admin/live/sessions/:id/end,/api/academy/admin
internal/academy/live/handler.go,POST,/api/academy/admin/live/sessions/:id/start,/api/academy/admin
internal/academy/live/handler.go,GET,/api/academy/admin/moderation/reports,/api/academy/admin
internal/academy/live/handler.go,POST,/api/academy/admin/moderation/reports/:id/decide,/api/academy/admin
internal/academy/live/handler.go,POST,/api/academy/admin/moderation/reports/:id/escalate,/api/academy/admin
internal/academy/live/handler.go,POST,/api/academy/admin/moderation/reports/:id/triage,/api/academy/admin
internal/academy/live/handler.go,GET,/api/finance/academy/community/discussions,/api/finance/academy
internal/academy/live/handler.go,POST,/api/finance/academy/community/discussions,/api/finance/academy
internal/academy/live/handler.go,GET,/api/finance/academy/community/groups,/api/finance/academy
internal/academy/live/handler.go,POST,/api/finance/academy/community/groups,/api/finance/academy
internal/academy/live/handler.go,POST,/api/finance/academy/community/groups/:id/join,/api/finance/academy
internal/academy/live/handler.go,GET,/api/finance/academy/live/sessions,/api/finance/academy
internal/academy/live/handler.go,GET,/api/finance/academy/live/sessions/:id,/api/finance/academy
internal/academy/live/handler.go,POST,/api/finance/academy/live/sessions/:id/join,/api/finance/academy
internal/academy/live/handler.go,POST,/api/finance/academy/moderation/report,/api/finance/academy
internal/academy/offlinesync/handler.go,POST,/api/finance/academy/sync,/api/finance/academy
internal/academy/parent/handler.go,GET,/api/academy/admin/notification-templates,/api/academy/admin/notification-templates
internal/academy/parent/handler.go,POST,/api/academy/admin/notification-templates,/api/academy/admin/notification-templates
internal/academy/parent/handler.go,PUT,/api/academy/admin/notification-templates,/api/academy/admin/notification-templates
internal/academy/parent/handler.go,GET,/api/academy/admin/notification-templates/:key,/api/academy/admin/notification-templates
internal/academy/parent/handler.go,DELETE,/api/academy/admin/notification-templates/:key,/api/academy/admin/notification-templates
internal/academy/parent/handler.go,GET,/api/finance/academy/parent/approvals,/api/finance/academy/parent
internal/academy/parent/handler.go,POST,/api/finance/academy/parent/approvals/:id/decide,/api/finance/academy/parent
internal/academy/parent/handler.go,GET,/api/finance/academy/parent/children,/api/finance/academy/parent
internal/academy/parent/handler.go,PUT,/api/finance/academy/parent/children/:minorId/controls,/api/finance/academy/parent
internal/academy/parent/handler.go,GET,/api/finance/academy/parent/children/:minorId/dashboard,/api/finance/academy/parent
internal/academy/parent/handler.go,GET,/api/finance/academy/parent/children/:minorId/reports,/api/finance/academy/parent
internal/academy/parent/handler.go,GET,/api/finance/academy/parent/children/:minorId/subjects/:subjectId,/api/finance/academy/parent
internal/academy/parent/handler.go,POST,/api/finance/academy/parent/reports/generate,/api/finance/academy/parent
internal/academy/placement/handler.go,GET,/api/finance/academy/placement,/api/finance/academy/placement
internal/academy/placement/handler.go,POST,/api/finance/academy/placement/submit,/api/finance/academy/placement
internal/academy/progression/handler.go,GET,/api/academy/admin/progression/adaptive-config,/api/academy/admin/progression
internal/academy/progression/handler.go,PUT,/api/academy/admin/progression/adaptive-config,/api/academy/admin/progression
internal/academy/progression/handler.go,POST,/api/finance/academy/progression/paths,/api/finance/academy
internal/academy/progression/handler.go,GET,/api/finance/academy/progression/paths/:subjectId,/api/finance/academy
internal/academy/progression/handler.go,POST,/api/finance/academy/progression/practice/adaptive,/api/finance/academy
internal/academy/progression/handler.go,GET,/api/finance/academy/progression/recommendations,/api/finance/academy
internal/academy/progression/handler.go,POST,/api/finance/academy/progression/steps/:objectiveId/advance,/api/finance/academy
internal/academy/rewards/handler.go,GET,/api/academy/admin/rewards/catalog,/api/academy/admin/rewards
internal/academy/rewards/handler.go,POST,/api/academy/admin/rewards/catalog,/api/academy/admin/rewards
internal/academy/rewards/handler.go,GET,/api/academy/admin/rewards/ledger,/api/academy/admin/rewards
internal/academy/rewards/handler.go,GET,/api/academy/admin/rewards/pools,/api/academy/admin/rewards
internal/academy/rewards/handler.go,POST,/api/academy/admin/rewards/pools,/api/academy/admin/rewards
internal/academy/rewards/handler.go,POST,/api/academy/admin/rewards/pools/:id/fund,/api/academy/admin/rewards
internal/academy/rewards/handler.go,GET,/api/academy/admin/rewards/pools/:id/ledger,/api/academy/admin/rewards
internal/academy/rewards/handler.go,GET,/api/finance/academy/rewards/balance,/api/finance/academy/rewards
internal/academy/rewards/handler.go,GET,/api/finance/academy/rewards/catalog,/api/finance/academy/rewards
internal/academy/rewards/handler.go,GET,/api/finance/academy/rewards/history,/api/finance/academy/rewards
internal/academy/rewards/handler.go,POST,/api/finance/academy/rewards/redeem,/api/finance/academy/rewards
internal/academy/schools/handler.go,GET,/api/academy/admin/schools/admin/billing,/api/academy/admin/schools/admin
internal/academy/schools/handler.go,POST,/api/academy/admin/schools/admin/billing,/api/academy/admin/schools/admin
internal/academy/schools/handler.go,POST,/api/academy/admin/schools/admin/billing/:id/charge,/api/academy/admin/schools/admin
internal/academy/schools/handler.go,GET,/api/academy/admin/schools/admin/class-groups,/api/academy/admin/schools/admin
internal/academy/schools/handler.go,POST,/api/academy/admin/schools/admin/class-groups,/api/academy/admin/schools/admin
internal/academy/schools/handler.go,DELETE,/api/academy/admin/schools/admin/enrollments,/api/academy/admin/schools/admin
internal/academy/schools/handler.go,POST,/api/academy/admin/schools/admin/enrollments/bulk,/api/academy/admin/schools/admin
internal/academy/schools/handler.go,POST,/api/academy/admin/schools/admin/institutions,/api/academy/admin/schools/admin
internal/academy/schools/handler.go,GET,/api/academy/admin/schools/admin/institutions,/api/academy/admin/schools/admin
internal/academy/schools/handler.go,GET,/api/academy/admin/schools/admin/institutions/:id/class-groups,/api/academy/admin/schools/admin
internal/academy/schools/handler.go,GET,/api/academy/admin/schools/admin/institutions/:id/overview,/api/academy/admin/schools/admin
internal/academy/schools/handler.go,GET,/api/academy/admin/schools/admin/licences,/api/academy/admin/schools/admin
internal/academy/schools/handler.go,POST,/api/academy/admin/schools/admin/licences,/api/academy/admin/schools/admin
internal/academy/schools/handler.go,POST,/api/academy/admin/schools/admin/licences/:id/expire,/api/academy/admin/schools/admin
internal/academy/schools/handler.go,POST,/api/academy/admin/schools/admin/licences/:id/reactivate,/api/academy/admin/schools/admin
internal/academy/schools/handler.go,POST,/api/academy/admin/schools/admin/licences/:id/suspend,/api/academy/admin/schools/admin
internal/academy/schools/handler.go,GET,/api/academy/admin/schools/admin/overview,/api/academy/admin/schools/admin
internal/academy/schools/handler.go,GET,/api/finance/academy/schools/:id/overview,/api/finance/academy/schools
internal/academy/schools/handler.go,GET,/api/finance/academy/schools/mine,/api/finance/academy/schools
internal/academy/trade/handler.go,POST,/api/academy/admin/trade/lessons,/api/academy/admin
internal/academy/trade/handler.go,PUT,/api/academy/admin/trade/lessons/:id,/api/academy/admin
internal/academy/trade/handler.go,POST,/api/academy/admin/trade/matches/:id/accept,/api/academy/admin
internal/academy/trade/handler.go,POST,/api/academy/admin/trade/mentors,/api/academy/admin
internal/academy/trade/handler.go,POST,/api/academy/admin/trade/modules,/api/academy/admin
internal/academy/trade/handler.go,PUT,/api/academy/admin/trade/modules/:id,/api/academy/admin
internal/academy/trade/handler.go,POST,/api/academy/admin/trade/projects,/api/academy/admin
internal/academy/trade/handler.go,PUT,/api/academy/admin/trade/projects/:id,/api/academy/admin
internal/academy/trade/handler.go,POST,/api/academy/admin/trade/skill-assessments,/api/academy/admin
internal/academy/trade/handler.go,PUT,/api/academy/admin/trade/skill-assessments/:id,/api/academy/admin
internal/academy/trade/handler.go,POST,/api/academy/admin/trade/submissions/:id/review,/api/academy/admin
internal/academy/trade/handler.go,GET,/api/finance/academy/trade/assessments,/api/finance/academy
internal/academy/trade/handler.go,GET,/api/finance/academy/trade/assessments/:id,/api/finance/academy
internal/academy/trade/handler.go,POST,/api/finance/academy/trade/assessments/:id/take,/api/finance/academy
internal/academy/trade/handler.go,GET,/api/finance/academy/trade/hub,/api/finance/academy
internal/academy/trade/handler.go,POST,/api/finance/academy/trade/matches/:id/close,/api/finance/academy
internal/academy/trade/handler.go,GET,/api/finance/academy/trade/mentors,/api/finance/academy
internal/academy/trade/handler.go,POST,/api/finance/academy/trade/mentors/:id/request,/api/finance/academy
internal/academy/trade/handler.go,GET,/api/finance/academy/trade/modules/:id,/api/finance/academy
internal/academy/trade/handler.go,GET,/api/finance/academy/trade/projects/:id,/api/finance/academy
internal/academy/trade/handler.go,POST,/api/finance/academy/trade/projects/:id/submit,/api/finance/academy
internal/academy/trade/handler.go,GET,/api/finance/academy/trade/submissions,/api/finance/academy
internal/academy/trade/handler.go,GET,/api/finance/academy/trade/tracks,/api/finance/academy
internal/academy/tutor/handler.go,GET,/api/academy/admin/tutor,/api/academy/admin
internal/academy/tutor/handler.go,POST,/api/academy/admin/tutor/:id/suspend,/api/academy/admin
internal/academy/tutor/handler.go,POST,/api/academy/admin/tutor/:id/verify,/api/academy/admin
internal/academy/tutor/handler.go,GET,/api/academy/admin/tutor/payouts,/api/academy/admin
internal/academy/tutor/handler.go,POST,/api/finance/academy/tutor/assignments,/api/finance/academy
internal/academy/tutor/handler.go,GET,/api/finance/academy/tutor/assignments,/api/finance/academy
internal/academy/tutor/handler.go,GET,/api/finance/academy/tutor/cohorts,/api/finance/academy
internal/academy/tutor/handler.go,GET,/api/finance/academy/tutor/earnings,/api/finance/academy
internal/academy/tutor/handler.go,POST,/api/finance/academy/tutor/grades,/api/finance/academy
internal/academy/tutor/handler.go,GET,/api/finance/academy/tutor/me,/api/finance/academy
internal/academy/tutor/handler.go,POST,/api/finance/academy/tutor/onboard,/api/finance/academy
internal/academy/tutor/handler.go,POST,/api/finance/academy/tutor/payouts,/api/finance/academy
internal/academy/tutor/handler.go,GET,/api/finance/academy/tutor/submissions,/api/finance/academy
internal/academy/tutor/handler.go,GET,/api/finance/academy/tutors,/api/finance/academy
internal/app/academy_rails.go,GET,/api/academy/admin/platform/audit-log,/api/academy/admin/platform
internal/app/academy_rails.go,GET,/api/academy/admin/platform/collections,/api/academy/admin/platform
internal/app/academy_rails.go,GET,/api/academy/admin/platform/competitions,/api/academy/admin/platform
internal/app/academy_rails.go,POST,/api/academy/admin/platform/competitions/:id/transition,/api/academy/admin/platform
internal/app/academy_rails.go,GET,/api/academy/admin/platform/compliance-exports,/api/academy/admin/platform
internal/app/academy_rails.go,GET,/api/academy/admin/platform/compliance-posture,/api/academy/admin/platform
internal/app/academy_rails.go,GET,/api/academy/admin/platform/flags,/api/academy/admin/platform
internal/app/academy_rails.go,PUT,/api/academy/admin/platform/flags,/api/academy/admin/platform
internal/app/academy_rails.go,POST,/api/academy/admin/platform/flags/toggle,/api/academy/admin/platform
internal/app/academy_rails.go,GET,/api/academy/admin/platform/gov-sync,/api/academy/admin/platform
internal/app/academy_rails.go,GET,/api/academy/admin/platform/risk,/api/academy/admin/platform
internal/app/academy_rails.go,POST,/api/academy/admin/platform/risk/:id/action,/api/academy/admin/platform
internal/app/academy_rails.go,GET,/api/academy/admin/platform/scholarship-pledges,/api/academy/admin/platform
internal/app/academy_rails.go,GET,/api/academy/admin/platform/schools,/api/academy/admin/platform
internal/app/academy_rails.go,POST,/api/academy/admin/platform/schools/:id/verify,/api/academy/admin/platform
internal/app/academy_rails.go,GET,/api/academy/admin/platform/support-tickets,/api/academy/admin/platform
internal/app/academy_rails.go,GET,/api/academy/admin/platform/trust-scores,/api/academy/admin/platform
internal/app/academy_rails.go,POST,/api/academy/admin/platform/trust-scores/:schoolId/override,/api/academy/admin/platform
internal/app/academy_rails.go,GET,/api/academy/admin/platform/verification-queue,/api/academy/admin/platform
internal/app/academy_rails.go,POST,/api/academy/admin/platform/verification-queue/:id/review,/api/academy/admin/platform
internal/app/academy_rails.go,GET,/api/finance/academy/wallet,/api/finance/academy
internal/app/academy_routes.go,PATCH,/api/academy/admin/tuition/payments/:id/waive,/api/academy/admin/tuition
internal/app/academy_routes.go,POST,/api/academy/admin/tuition/plans,/api/academy/admin/tuition
internal/app/academy_routes.go,PATCH,/api/academy/admin/tuition/plans/:id/mark-complete,/api/academy/admin/tuition
internal/app/academy_routes.go,POST,/api/finance/academy/tuition/confirm,/api/finance/academy/tuition
internal/app/academy_routes.go,GET,/api/finance/academy/tuition/status/:application_id,/api/finance/academy/tuition
internal/app/academy_routes.go,POST,/api/finance/academy/tuition/validate,/api/finance/academy/tuition
internal/app/academy_routes.go,POST,/internal/finance/academy/tuition/confirm,/internal/finance/academy/tuition
internal/app/academy_webhooks.go,POST,/internal/webhooks/academy/billing,/internal/webhooks/academy
internal/app/academy_webhooks.go,POST,/internal/webhooks/academy/bnpl,/internal/webhooks/academy
internal/app/academy_webhooks.go,POST,/internal/webhooks/academy/disburse,/internal/webhooks/academy
internal/app/academy_webhooks.go,POST,/internal/webhooks/academy/payout,/internal/webhooks/academy
internal/app/connect_routes.go,GET,/api/connect/admin/audit,/api/connect/admin
internal/app/connect_routes.go,POST,/api/connect/admin/business/verification,/api/connect/admin
internal/app/connect_routes.go,GET,/api/connect/admin/cases,/api/connect/admin
internal/app/connect_routes.go,GET,/api/connect/admin/cases/:id,/api/connect/admin
internal/app/connect_routes.go,PATCH,/api/connect/admin/cases/:id,/api/connect/admin
internal/app/connect_routes.go,GET,/api/connect/admin/config,/api/connect/admin
internal/app/connect_routes.go,GET,/api/connect/admin/creator/verification,/api/connect/admin
internal/app/connect_routes.go,POST,/api/connect/admin/creator/verification,/api/connect/admin
internal/app/connect_routes.go,GET,/api/connect/admin/moderation/conversations,/api/connect/admin
internal/app/connect_routes.go,PATCH,/api/connect/admin/moderation/conversations/:id,/api/connect/admin
internal/app/connect_routes.go,GET,/api/connect/admin/moderation/decisions,/api/connect/admin
internal/app/connect_routes.go,POST,/api/connect/admin/moderation/decisions,/api/connect/admin
internal/app/connect_routes.go,GET,/api/connect/admin/moderation/messages,/api/connect/admin
internal/app/connect_routes.go,GET,/api/connect/admin/orders,/api/connect/admin
internal/app/connect_routes.go,POST,/api/connect/admin/orders/:id/refund,/api/connect/admin
internal/app/connect_routes.go,POST,/api/connect/admin/plans,/api/connect/admin
internal/app/connect_routes.go,GET,/api/connect/admin/scam-shield,/api/connect/admin
internal/app/connect_routes.go,POST,/api/connect/admin/subscriptions/run-renewals,/api/connect/admin
internal/app/connect_routes.go,GET,/api/connect/admin/verification/status,/api/connect/admin
internal/app/connect_routes.go,DELETE,/api/v1/connect/account,/api/v1/connect
internal/app/connect_routes.go,POST,/api/v1/connect/ai/assist,/api/v1/connect
internal/app/connect_routes.go,POST,/api/v1/connect/boosts,/api/v1/connect/
internal/app/connect_routes.go,GET,/api/v1/connect/config,/api/v1/connect
internal/app/connect_routes.go,GET,/api/v1/connect/conversations/:id/messages,/api/v1/connect
internal/app/connect_routes.go,POST,/api/v1/connect/conversations/:id/messages,/api/v1/connect
internal/app/connect_routes.go,POST,/api/v1/connect/creator/collab-requests,/api/v1/connect/creator
internal/app/connect_routes.go,GET,/api/v1/connect/creator/collab-requests,/api/v1/connect/creator
internal/app/connect_routes.go,POST,/api/v1/connect/creator/collab-requests/:id/respond,/api/v1/connect/creator
internal/app/connect_routes.go,PATCH,/api/v1/connect/creator/fan-messages,/api/v1/connect/creator
internal/app/connect_routes.go,POST,/api/v1/connect/creator/portfolio,/api/v1/connect/creator
internal/app/connect_routes.go,GET,/api/v1/connect/creator/portfolio,/api/v1/connect/creator
internal/app/connect_routes.go,GET,/api/v1/connect/creator/profile,/api/v1/connect/creator
internal/app/connect_routes.go,PATCH,/api/v1/connect/creator/profile,/api/v1/connect/creator
internal/app/connect_routes.go,POST,/api/v1/connect/creator/verification,/api/v1/connect/creator
internal/app/connect_routes.go,GET,/api/v1/connect/credits,/api/v1/connect/
internal/app/connect_routes.go,POST,/api/v1/connect/date-plans,/api/v1/connect
internal/app/connect_routes.go,POST,/api/v1/connect/date-plans/:id/checkin,/api/v1/connect
internal/app/connect_routes.go,POST,/api/v1/connect/date-plans/:id/feedback,/api/v1/connect
internal/app/connect_routes.go,POST,/api/v1/connect/date-plans/:id/ride,/api/v1/connect/
internal/app/connect_routes.go,POST,/api/v1/connect/date-plans/:id/share,/api/v1/connect
internal/app/connect_routes.go,POST,/api/v1/connect/date-plans/:id/tickets,/api/v1/connect/
internal/app/connect_routes.go,GET,/api/v1/connect/discovery,/api/v1/connect
internal/app/connect_routes.go,GET,/api/v1/connect/discovery/boosts,/api/v1/connect
internal/app/connect_routes.go,POST,/api/v1/connect/discovery/boosts,/api/v1/connect
internal/app/connect_routes.go,GET,/api/v1/connect/discovery/likes-you,/api/v1/connect
internal/app/connect_routes.go,GET,/api/v1/connect/discovery/nearby,/api/v1/connect
internal/app/connect_routes.go,POST,/api/v1/connect/discovery/rewind,/api/v1/connect
internal/app/connect_routes.go,GET,/api/v1/connect/discovery/stack,/api/v1/connect
internal/app/connect_routes.go,POST,/api/v1/connect/discovery/swipe,/api/v1/connect
internal/app/connect_routes.go,GET,/api/v1/connect/entitlements,/api/v1/connect/
internal/app/connect_routes.go,GET,/api/v1/connect/events/:id/attendees,/api/v1/connect/events
internal/app/connect_routes.go,POST,/api/v1/connect/events/:id/checkin,/api/v1/connect/events
internal/app/connect_routes.go,POST,/api/v1/connect/events/:id/contacts,/api/v1/connect/events
internal/app/connect_routes.go,POST,/api/v1/connect/events/:id/networking/opt-in,/api/v1/connect/events
internal/app/connect_routes.go,POST,/api/v1/connect/events/:id/qr/scan,/api/v1/connect/events
internal/app/connect_routes.go,GET,/api/v1/connect/events/contacts,/api/v1/connect/events
internal/app/connect_routes.go,GET,/api/v1/connect/health,/api/v1/connect
internal/app/connect_routes.go,POST,/api/v1/connect/likes,/api/v1/connect
internal/app/connect_routes.go,GET,/api/v1/connect/matches,/api/v1/connect
internal/app/connect_routes.go,POST,/api/v1/connect/matches/:matchId/conversation,/api/v1/connect
internal/app/connect_routes.go,POST,/api/v1/connect/onboarding/age-gate,/api/v1/connect
internal/app/connect_routes.go,POST,/api/v1/connect/onboarding/consent,/api/v1/connect
internal/app/connect_routes.go,GET,/api/v1/connect/onboarding/status,/api/v1/connect
internal/app/connect_routes.go,POST,/api/v1/connect/passes,/api/v1/connect/
internal/app/connect_routes.go,GET,/api/v1/connect/plans,/api/v1/connect/
internal/app/connect_routes.go,PATCH,/api/v1/connect/professional/business-card,/api/v1/connect/professional
internal/app/connect_routes.go,POST,/api/v1/connect/professional/contacts,/api/v1/connect/professional
internal/app/connect_routes.go,GET,/api/v1/connect/professional/contacts,/api/v1/connect/professional
internal/app/connect_routes.go,GET,/api/v1/connect/professional/discovery,/api/v1/connect/professional
internal/app/connect_routes.go,POST,/api/v1/connect/professional/intro,/api/v1/connect/professional
internal/app/connect_routes.go,POST,/api/v1/connect/professional/intro/:id/respond,/api/v1/connect/professional
internal/app/connect_routes.go,GET,/api/v1/connect/professional/profile,/api/v1/connect/professional
internal/app/connect_routes.go,PATCH,/api/v1/connect/professional/profile,/api/v1/connect/professional
internal/app/connect_routes.go,POST,/api/v1/connect/professional/rooms,/api/v1/connect/professional
internal/app/connect_routes.go,POST,/api/v1/connect/professional/rooms/:id/join,/api/v1/connect/professional
internal/app/connect_routes.go,POST,/api/v1/connect/professional/rooms/:id/moderate,/api/v1/connect/professional
internal/app/connect_routes.go,POST,/api/v1/connect/professional/verification,/api/v1/connect/professional
internal/app/connect_routes.go,GET,/api/v1/connect/profile,/api/v1/connect
internal/app/connect_routes.go,PATCH,/api/v1/connect/profile,/api/v1/connect
internal/app/connect_routes.go,POST,/api/v1/connect/profile/media,/api/v1/connect
internal/app/connect_routes.go,GET,/api/v1/connect/profile/modes,/api/v1/connect
internal/app/connect_routes.go,PATCH,/api/v1/connect/profile/modes/:mode,/api/v1/connect
internal/app/connect_routes.go,POST,/api/v1/connect/safety/block,/api/v1/connect
internal/app/connect_routes.go,DELETE,/api/v1/connect/safety/block/:blockedId,/api/v1/connect
internal/app/connect_routes.go,POST,/api/v1/connect/safety/report,/api/v1/connect
internal/app/connect_routes.go,GET,/api/v1/connect/safety/trusted-contacts,/api/v1/connect
internal/app/connect_routes.go,POST,/api/v1/connect/safety/trusted-contacts,/api/v1/connect
internal/app/connect_routes.go,DELETE,/api/v1/connect/safety/trusted-contacts/:id,/api/v1/connect
internal/app/connect_routes.go,GET,/api/v1/connect/search,/api/v1/connect
internal/app/connect_routes.go,POST,/api/v1/connect/subscriptions,/api/v1/connect/
internal/app/connect_routes.go,POST,/api/v1/connect/subscriptions/cancel,/api/v1/connect/
internal/app/connect_routes.go,POST,/api/v1/connect/verification/selfie,/api/v1/connect
internal/app/connect_routes.go,GET,/api/v1/connect/verification/status,/api/v1/connect
internal/app/connect_routes.go,GET,/api/v1/kyc/limits,/api/v1/kyc
internal/app/connect_routes.go,GET,/api/v1/kyc/status,/api/v1/kyc
internal/app/connect_routes.go,POST,/api/v1/kyc/tier1,/api/v1/kyc
internal/app/connect_routes.go,POST,/api/v1/kyc/tier2,/api/v1/kyc
internal/app/connect_routes.go,POST,/api/v1/kyc/tier3,/api/v1/kyc
internal/app/connect_routes.go,GET,/api/v1/me/tier,/api/v1/me
internal/app/connect_routes.go,POST,/api/v1/wallet/fund,/api/v1/wallet
internal/app/connect_routes.go,GET,/api/v1/wallet/gifting/catalog,/api/v1/wallet/gifting
internal/app/connect_routes.go,GET,/api/v1/wallet/gifting/catalog/:id,/api/v1/wallet/gifting
internal/app/connect_routes.go,GET,/api/v1/wallet/gifting/quote,/api/v1/wallet/gifting
internal/app/connect_routes.go,GET,/api/v1/wallet/gifting/received,/api/v1/wallet/gifting
internal/app/connect_routes.go,GET,/api/v1/wallet/gifting/recipients,/api/v1/wallet/gifting
internal/app/connect_routes.go,POST,/api/v1/wallet/gifting/send,/api/v1/wallet/gifting
internal/app/connect_routes.go,GET,/api/v1/wallet/gifting/sent,/api/v1/wallet/gifting
internal/app/connect_routes.go,GET,/api/v1/wallet/gifting/transactions/:id,/api/v1/wallet/gifting
internal/app/connect_routes.go,GET,/api/v1/wallet/history,/api/v1/wallet
internal/app/connect_routes.go,GET,/api/v1/wallet/history/:id,/api/v1/wallet
internal/app/connect_routes.go,GET,/api/v1/wallet/payouts/eligibility,/api/v1/wallet/payouts
internal/app/connect_routes.go,GET,/api/v1/wallet/payouts/history,/api/v1/wallet/payouts
internal/app/connect_routes.go,POST,/api/v1/wallet/payouts/request,/api/v1/wallet/payouts
internal/app/connect_routes.go,GET,/api/v1/wallet/summary,/api/v1/wallet
internal/app/estate_admin_routes.go,GET,/api/finance/estate-admin/content/announcements,/api/finance/estate-admin
internal/app/estate_admin_routes.go,GET,/api/finance/estate-admin/content/documents,/api/finance/estate-admin
internal/app/estate_admin_routes.go,GET,/api/finance/estate-admin/dues/invoices,/api/finance/estate-admin
internal/app/estate_admin_routes.go,GET,/api/finance/estate-admin/dues/payments,/api/finance/estate-admin
internal/app/estate_admin_routes.go,GET,/api/finance/estate-admin/dues/reconciliation,/api/finance/estate-admin
internal/app/estate_admin_routes.go,GET,/api/finance/estate-admin/dues/restrictions,/api/finance/estate-admin
internal/app/estate_admin_routes.go,GET,/api/finance/estate-admin/elections,/api/finance/estate-admin
internal/app/estate_admin_routes.go,GET,/api/finance/estate-admin/elections/:electionId/audit,/api/finance/estate-admin
internal/app/estate_admin_routes.go,GET,/api/finance/estate-admin/elections/:electionId/results,/api/finance/estate-admin
internal/app/estate_admin_routes.go,GET,/api/finance/estate-admin/ops/facilities,/api/finance/estate-admin
internal/app/estate_admin_routes.go,GET,/api/finance/estate-admin/ops/meetings,/api/finance/estate-admin
internal/app/estate_admin_routes.go,GET,/api/finance/estate-admin/ops/repairs,/api/finance/estate-admin
internal/app/estate_admin_routes.go,GET,/api/finance/estate-admin/ops/tasks,/api/finance/estate-admin
internal/app/estate_admin_routes.go,GET,/api/finance/estate-admin/security/emergencies,/api/finance/estate-admin
internal/app/estate_admin_routes.go,GET,/api/finance/estate-admin/security/gates,/api/finance/estate-admin
internal/app/estate_admin_routes.go,GET,/api/finance/estate-admin/security/guard-shifts,/api/finance/estate-admin
internal/app/estate_admin_routes.go,GET,/api/finance/estate-admin/security/incidents,/api/finance/estate-admin
internal/app/estate_admin_routes.go,GET,/api/finance/estate-admin/security/visitor-logs,/api/finance/estate-admin
internal/app/finance_routes.go,GET,/api/crowdfunding/admin/campaigns,/api/crowdfunding/admin
internal/app/finance_routes.go,GET,/api/crowdfunding/admin/campaigns/:id,/api/crowdfunding/admin
internal/app/finance_routes.go,POST,/api/crowdfunding/admin/campaigns/:id/decision,/api/crowdfunding/admin
internal/app/finance_routes.go,GET,/api/crowdfunding/admin/stats,/api/crowdfunding/admin
internal/app/finance_routes.go,POST,/api/finance/admin/disputes/:id/resolve,/api/finance/admin/disputes
internal/app/finance_routes.go,GET,/api/finance/admin/fx/markup,/api/finance/admin/fx
internal/app/finance_routes.go,PUT,/api/finance/admin/fx/markup,/api/finance/admin/fx
internal/app/finance_routes.go,GET,/api/finance/admin/fx/markup/audit,/api/finance/admin/fx
internal/app/finance_routes.go,GET,/api/finance/admin/kyc/cases/:id,/api/finance/admin/kyc
internal/app/finance_routes.go,POST,/api/finance/admin/kyc/cases/:id/approve,/api/finance/admin/kyc
internal/app/finance_routes.go,POST,/api/finance/admin/kyc/cases/:id/reject,/api/finance/admin/kyc
internal/app/finance_routes.go,GET,/api/finance/admin/kyc/events,/api/finance/admin/kyc
internal/app/finance_routes.go,GET,/api/finance/admin/kyc/review-queue,/api/finance/admin/kyc
internal/app/finance_routes.go,GET,/api/finance/admin/kyc/routing-rules,/api/finance/admin/kyc
internal/app/finance_routes.go,PUT,/api/finance/admin/kyc/routing-rules/:check_type,/api/finance/admin/kyc
internal/app/finance_routes.go,GET,/api/finance/admin/transactions,/api/finance/admin/transactions
internal/app/finance_routes.go,GET,/api/finance/admin/transactions/:id,/api/finance/admin/transactions
internal/app/finance_routes.go,GET,/api/finance/admin/transfers,/api/finance/admin/transfers
internal/app/finance_routes.go,GET,/api/finance/admin/transfers/:id,/api/finance/admin/transfers
internal/app/finance_routes.go,POST,/api/finance/admin/transfers/:id/retry,/api/finance/admin/transfers
internal/app/finance_routes.go,POST,/api/finance/admin/transfers/:id/reverse,/api/finance/admin/transfers
internal/app/finance_routes.go,GET,/api/finance/admin/transfers/provider-health,/api/finance/admin/transfers
internal/app/finance_routes.go,GET,/api/finance/admin/transport/audit,/api/finance/admin/transport
internal/app/finance_routes.go,GET,/api/finance/admin/transport/bus/manifest,/api/finance/admin/transport
internal/app/finance_routes.go,GET,/api/finance/admin/transport/bus/operators,/api/finance/admin/transport
internal/app/finance_routes.go,PATCH,/api/finance/admin/transport/bus/operators/:id/verification,/api/finance/admin/transport
internal/app/finance_routes.go,GET,/api/finance/admin/transport/bus/routes,/api/finance/admin/transport
internal/app/finance_routes.go,POST,/api/finance/admin/transport/bus/routes,/api/finance/admin/transport
internal/app/finance_routes.go,POST,/api/finance/admin/transport/bus/schedules,/api/finance/admin/transport
internal/app/finance_routes.go,POST,/api/finance/admin/transport/bus/schedules/:id/approve-fare,/api/finance/admin/transport
internal/app/finance_routes.go,GET,/api/finance/admin/transport/business/accounts,/api/finance/admin/transport
internal/app/finance_routes.go,PATCH,/api/finance/admin/transport/business/accounts/:id/status,/api/finance/admin/transport
internal/app/finance_routes.go,GET,/api/finance/admin/transport/business/deliveries,/api/finance/admin/transport
internal/app/finance_routes.go,PATCH,/api/finance/admin/transport/business/deliveries/:id/status,/api/finance/admin/transport
internal/app/finance_routes.go,GET,/api/finance/admin/transport/business/invoices,/api/finance/admin/transport
internal/app/finance_routes.go,POST,/api/finance/admin/transport/business/invoices/:id/issue,/api/finance/admin/transport
internal/app/finance_routes.go,POST,/api/finance/admin/transport/business/invoices/:id/mark-paid,/api/finance/admin/transport
internal/app/finance_routes.go,GET,/api/finance/admin/transport/car-hire,/api/finance/admin/transport
internal/app/finance_routes.go,PATCH,/api/finance/admin/transport/car-hire/:id/status,/api/finance/admin/transport
internal/app/finance_routes.go,GET,/api/finance/admin/transport/commission,/api/finance/admin/transport
internal/app/finance_routes.go,PATCH,/api/finance/admin/transport/commission/:tier,/api/finance/admin/transport
internal/app/finance_routes.go,GET,/api/finance/admin/transport/dashboard,/api/finance/admin/transport
internal/app/finance_routes.go,POST,/api/finance/admin/transport/dispatch/:trip_id/assign,/api/finance/admin/transport
internal/app/finance_routes.go,GET,/api/finance/admin/transport/dispatch/live,/api/finance/admin/transport
internal/app/finance_routes.go,GET,/api/finance/admin/transport/drivers,/api/finance/admin/transport
internal/app/finance_routes.go,GET,/api/finance/admin/transport/drivers/:id,/api/finance/admin/transport
internal/app/finance_routes.go,PATCH,/api/finance/admin/transport/drivers/:id/verification,/api/finance/admin/transport
internal/app/finance_routes.go,GET,/api/finance/admin/transport/events/bookings,/api/finance/admin/transport
internal/app/finance_routes.go,GET,/api/finance/admin/transport/events/offers,/api/finance/admin/transport
internal/app/finance_routes.go,PATCH,/api/finance/admin/transport/events/offers/:id/status,/api/finance/admin/transport
internal/app/finance_routes.go,GET,/api/finance/admin/transport/movers,/api/finance/admin/transport
internal/app/finance_routes.go,GET,/api/finance/admin/transport/movers/:id,/api/finance/admin/transport
internal/app/finance_routes.go,PATCH,/api/finance/admin/transport/movers/:id/status,/api/finance/admin/transport
internal/app/finance_routes.go,GET,/api/finance/admin/transport/parcels,/api/finance/admin/transport
internal/app/finance_routes.go,PATCH,/api/finance/admin/transport/parcels/:id/status,/api/finance/admin/transport
internal/app/finance_routes.go,GET,/api/finance/admin/transport/pricing,/api/finance/admin/transport
internal/app/finance_routes.go,PATCH,/api/finance/admin/transport/pricing,/api/finance/admin/transport
internal/app/finance_routes.go,GET,/api/finance/admin/transport/reports/summary,/api/finance/admin/transport
internal/app/finance_routes.go,GET,/api/finance/admin/transport/safety/incidents,/api/finance/admin/transport
internal/app/finance_routes.go,PATCH,/api/finance/admin/transport/safety/incidents/:id,/api/finance/admin/transport
internal/app/finance_routes.go,GET,/api/finance/admin/transport/scheduled,/api/finance/admin/transport
internal/app/finance_routes.go,GET,/api/finance/admin/transport/scheduled/:id,/api/finance/admin/transport
internal/app/finance_routes.go,POST,/api/finance/admin/transport/scheduled/:id/cancel,/api/finance/admin/transport
internal/app/finance_routes.go,POST,/api/finance/admin/transport/scheduled/:id/force-dispatch,/api/finance/admin/transport
internal/app/finance_routes.go,POST,/api/finance/admin/transport/scheduled/:id/reassign,/api/finance/admin/transport
internal/app/finance_routes.go,GET,/api/finance/admin/transport/towing,/api/finance/admin/transport
internal/app/finance_routes.go,PATCH,/api/finance/admin/transport/towing/:id/status,/api/finance/admin/transport
internal/app/finance_routes.go,GET,/api/finance/admin/transport/trips,/api/finance/admin/transport
internal/app/finance_routes.go,GET,/api/finance/admin/transport/vehicles,/api/finance/admin/transport
internal/app/finance_routes.go,PATCH,/api/finance/admin/transport/vehicles/:id/status,/api/finance/admin/transport
internal/app/finance_routes.go,GET,/api/finance/admin/wallets/:user_id/balance,/api/finance/admin
internal/app/finance_routes.go,GET,/api/finance/admin/wallets/:user_id/transactions,/api/finance/admin
internal/app/finance_routes.go,GET,/api/finance/crowdfunding/campaigns,/api/finance/crowdfunding
internal/app/finance_routes.go,POST,/api/finance/crowdfunding/campaigns,/api/finance/crowdfunding
internal/app/finance_routes.go,GET,/api/finance/crowdfunding/campaigns/:id,/api/finance/crowdfunding
internal/app/finance_routes.go,POST,/api/finance/crowdfunding/campaigns/:id/contribute,/api/finance/crowdfunding
internal/app/finance_routes.go,POST,/api/finance/crowdfunding/campaigns/:id/publish,/api/finance/crowdfunding
internal/app/finance_routes.go,POST,/api/finance/crowdfunding/campaigns/:id/refund,/api/finance/crowdfunding
internal/app/finance_routes.go,POST,/api/finance/crowdfunding/campaigns/:id/release,/api/finance/crowdfunding
internal/app/finance_routes.go,GET,/api/finance/crowdfunding/categories,/api/finance/crowdfunding
internal/app/finance_routes.go,POST,/api/finance/disputes,/api/finance/disputes
internal/app/finance_routes.go,GET,/api/finance/disputes,/api/finance/disputes
internal/app/finance_routes.go,POST,/api/finance/driver/bus/validate,/api/finance/driver
internal/app/finance_routes.go,POST,/api/finance/driver/business/:id/accept,/api/finance/driver
internal/app/finance_routes.go,POST,/api/finance/driver/business/:id/deliver,/api/finance/driver
internal/app/finance_routes.go,POST,/api/finance/driver/business/:id/fail,/api/finance/driver
internal/app/finance_routes.go,POST,/api/finance/driver/business/:id/picked-up,/api/finance/driver
internal/app/finance_routes.go,GET,/api/finance/driver/business/requests,/api/finance/driver
internal/app/finance_routes.go,POST,/api/finance/driver/documents,/api/finance/driver
internal/app/finance_routes.go,POST,/api/finance/driver/documents/presign,/api/finance/driver
internal/app/finance_routes.go,GET,/api/finance/driver/earnings,/api/finance/driver
internal/app/finance_routes.go,POST,/api/finance/driver/events/validate,/api/finance/driver
internal/app/finance_routes.go,GET,/api/finance/driver/me,/api/finance/driver
internal/app/finance_routes.go,POST,/api/finance/driver/movers/:id/bid,/api/finance/driver
internal/app/finance_routes.go,POST,/api/finance/driver/movers/:id/complete,/api/finance/driver
internal/app/finance_routes.go,POST,/api/finance/driver/movers/:id/start,/api/finance/driver
internal/app/finance_routes.go,GET,/api/finance/driver/movers/open,/api/finance/driver
internal/app/finance_routes.go,POST,/api/finance/driver/onboarding/submit,/api/finance/driver
internal/app/finance_routes.go,POST,/api/finance/driver/parcels/:id/accept,/api/finance/driver
internal/app/finance_routes.go,POST,/api/finance/driver/parcels/:id/picked-up,/api/finance/driver
internal/app/finance_routes.go,POST,/api/finance/driver/parcels/:id/verify-dropoff,/api/finance/driver
internal/app/finance_routes.go,POST,/api/finance/driver/parcels/:id/verify-pickup-pin,/api/finance/driver
internal/app/finance_routes.go,GET,/api/finance/driver/parcels/requests,/api/finance/driver
internal/app/finance_routes.go,GET,/api/finance/driver/requests,/api/finance/driver
internal/app/finance_routes.go,POST,/api/finance/driver/requests/:id/accept,/api/finance/driver
internal/app/finance_routes.go,POST,/api/finance/driver/requests/:id/counter,/api/finance/driver
internal/app/finance_routes.go,POST,/api/finance/driver/sos,/api/finance/driver
internal/app/finance_routes.go,PATCH,/api/finance/driver/status,/api/finance/driver
internal/app/finance_routes.go,POST,/api/finance/driver/towing/:id/accept,/api/finance/driver
internal/app/finance_routes.go,POST,/api/finance/driver/towing/:id/complete,/api/finance/driver
internal/app/finance_routes.go,POST,/api/finance/driver/towing/:id/en-route,/api/finance/driver
internal/app/finance_routes.go,POST,/api/finance/driver/towing/:id/start,/api/finance/driver
internal/app/finance_routes.go,POST,/api/finance/driver/towing/:id/verify-pin,/api/finance/driver
internal/app/finance_routes.go,GET,/api/finance/driver/towing/requests,/api/finance/driver
internal/app/finance_routes.go,POST,/api/finance/driver/trips/:id/arrive,/api/finance/driver
internal/app/finance_routes.go,POST,/api/finance/driver/trips/:id/complete,/api/finance/driver
internal/app/finance_routes.go,GET,/api/finance/driver/trips/:id/messages,/api/finance/driver
internal/app/finance_routes.go,POST,/api/finance/driver/trips/:id/messages,/api/finance/driver
internal/app/finance_routes.go,POST,/api/finance/driver/trips/:id/start,/api/finance/driver
internal/app/finance_routes.go,POST,/api/finance/driver/trips/:id/verify-pin,/api/finance/driver
internal/app/finance_routes.go,POST,/api/finance/driver/vehicle,/api/finance/driver
internal/app/finance_routes.go,GET,/api/finance/estate,/api/finance/estate
internal/app/finance_routes.go,POST,/api/finance/estate,/api/finance/estate
internal/app/finance_routes.go,POST,/api/finance/estate/:id/access-codes,/api/finance/estate
internal/app/finance_routes.go,GET,/api/finance/estate/:id/access-codes,/api/finance/estate
internal/app/finance_routes.go,GET,/api/finance/estate/:id/access-codes/:cid,/api/finance/estate
internal/app/finance_routes.go,POST,/api/finance/estate/:id/access-codes/:cid/blacklist,/api/finance/estate
internal/app/finance_routes.go,POST,/api/finance/estate/:id/access-codes/:cid/extend,/api/finance/estate
internal/app/finance_routes.go,GET,/api/finance/estate/:id/access-codes/:cid/history,/api/finance/estate
internal/app/finance_routes.go,POST,/api/finance/estate/:id/access-codes/:cid/revoke,/api/finance/estate
internal/app/finance_routes.go,POST,/api/finance/estate/:id/access-request,/api/finance/estate
internal/app/finance_routes.go,GET,/api/finance/estate/:id/access-request/me,/api/finance/estate
internal/app/finance_routes.go,GET,/api/finance/estate/:id/access-requests,/api/finance/estate
internal/app/finance_routes.go,POST,/api/finance/estate/:id/access-requests/:reqId/review,/api/finance/estate
internal/app/finance_routes.go,DELETE,/api/finance/estate/:id/account,/api/finance/estate
internal/app/finance_routes.go,GET,/api/finance/estate/:id/admin/audit-log,/api/finance/estate
internal/app/finance_routes.go,GET,/api/finance/estate/:id/admin/config,/api/finance/estate
internal/app/finance_routes.go,GET,/api/finance/estate/:id/admin/dashboard,/api/finance/estate
internal/app/finance_routes.go,GET,/api/finance/estate/:id/admin/residents,/api/finance/estate
internal/app/finance_routes.go,POST,/api/finance/estate/:id/admin/residents/:uid/ban,/api/finance/estate
internal/app/finance_routes.go,POST,/api/finance/estate/:id/admin/residents/:uid/restore,/api/finance/estate
internal/app/finance_routes.go,PUT,/api/finance/estate/:id/admin/rules,/api/finance/estate
internal/app/finance_routes.go,POST,/api/finance/estate/:id/admin/run-maintenance,/api/finance/estate
internal/app/finance_routes.go,PUT,/api/finance/estate/:id/admin/subscription-plan,/api/finance/estate
internal/app/finance_routes.go,GET,/api/finance/estate/:id/ai-notes,/api/finance/estate
internal/app/finance_routes.go,GET,/api/finance/estate/:id/ai-notes/:sid,/api/finance/estate
internal/app/finance_routes.go,POST,/api/finance/estate/:id/ai-notes/:sid/approve,/api/finance/estate
internal/app/finance_routes.go,GET,/api/finance/estate/:id/analytics/:type,/api/finance/estate
internal/app/finance_routes.go,GET,/api/finance/estate/:id/announcements,/api/finance/estate
internal/app/finance_routes.go,POST,/api/finance/estate/:id/announcements,/api/finance/estate
internal/app/finance_routes.go,POST,/api/finance/estate/:id/announcements/:annId/read,/api/finance/estate
internal/app/finance_routes.go,GET,/api/finance/estate/:id/bookings,/api/finance/estate
internal/app/finance_routes.go,GET,/api/finance/estate/:id/dashboard,/api/finance/estate
internal/app/finance_routes.go,GET,/api/finance/estate/:id/documents,/api/finance/estate
internal/app/finance_routes.go,POST,/api/finance/estate/:id/documents,/api/finance/estate
internal/app/finance_routes.go,GET,/api/finance/estate/:id/documents/:did/download-url,/api/finance/estate
internal/app/finance_routes.go,GET,/api/finance/estate/:id/dues/invoices,/api/finance/estate
internal/app/finance_routes.go,POST,/api/finance/estate/:id/dues/invoices,/api/finance/estate
internal/app/finance_routes.go,POST,/api/finance/estate/:id/dues/invoices/:invoiceId/pay,/api/finance/estate
internal/app/finance_routes.go,POST,/api/finance/estate/:id/dues/restrictions,/api/finance/estate
internal/app/finance_routes.go,POST,/api/finance/estate/:id/dues/restrictions/:residentId/lift,/api/finance/estate
internal/app/finance_routes.go,POST,/api/finance/estate/:id/elections,/api/finance/estate
internal/app/finance_routes.go,GET,/api/finance/estate/:id/elections/:electionId/eligibility,/api/finance/estate
internal/app/finance_routes.go,POST,/api/finance/estate/:id/elections/:electionId/eligibility,/api/finance/estate
internal/app/finance_routes.go,GET,/api/finance/estate/:id/elections/:electionId/results,/api/finance/estate
internal/app/finance_routes.go,POST,/api/finance/estate/:id/elections/:electionId/vote,/api/finance/estate
internal/app/finance_routes.go,GET,/api/finance/estate/:id/emergencies,/api/finance/estate
internal/app/finance_routes.go,POST,/api/finance/estate/:id/emergencies,/api/finance/estate
internal/app/finance_routes.go,PATCH,/api/finance/estate/:id/emergencies/:alertId/status,/api/finance/estate
internal/app/finance_routes.go,GET,/api/finance/estate/:id/facilities,/api/finance/estate
internal/app/finance_routes.go,POST,/api/finance/estate/:id/facilities,/api/finance/estate
internal/app/finance_routes.go,POST,/api/finance/estate/:id/facilities/:facilityId/book,/api/finance/estate
internal/app/finance_routes.go,GET,/api/finance/estate/:id/finance/dashboard,/api/finance/estate
internal/app/finance_routes.go,GET,/api/finance/estate/:id/gates,/api/finance/estate
internal/app/finance_routes.go,POST,/api/finance/estate/:id/guard/checkin,/api/finance/estate
internal/app/finance_routes.go,POST,/api/finance/estate/:id/guard/checkout,/api/finance/estate
internal/app/finance_routes.go,GET,/api/finance/estate/:id/guard/expected-visitors,/api/finance/estate
internal/app/finance_routes.go,POST,/api/finance/estate/:id/guard/incident,/api/finance/estate
internal/app/finance_routes.go,GET,/api/finance/estate/:id/guard/incidents,/api/finance/estate
internal/app/finance_routes.go,GET,/api/finance/estate/:id/guard/lookup,/api/finance/estate
internal/app/finance_routes.go,POST,/api/finance/estate/:id/guard/shift-handover,/api/finance/estate
internal/app/finance_routes.go,POST,/api/finance/estate/:id/guard/sync,/api/finance/estate
internal/app/finance_routes.go,POST,/api/finance/estate/:id/invite-codes,/api/finance/estate
internal/app/finance_routes.go,POST,/api/finance/estate/:id/meetings,/api/finance/estate
internal/app/finance_routes.go,GET,/api/finance/estate/:id/meetings,/api/finance/estate
internal/app/finance_routes.go,GET,/api/finance/estate/:id/meetings/:mid,/api/finance/estate
internal/app/finance_routes.go,POST,/api/finance/estate/:id/meetings/:mid/ai-notes,/api/finance/estate
internal/app/finance_routes.go,POST,/api/finance/estate/:id/meetings/:mid/cancel,/api/finance/estate
internal/app/finance_routes.go,POST,/api/finance/estate/:id/meetings/:mid/checkin,/api/finance/estate
internal/app/finance_routes.go,GET,/api/finance/estate/:id/meetings/:mid/documents,/api/finance/estate
internal/app/finance_routes.go,POST,/api/finance/estate/:id/meetings/:mid/documents,/api/finance/estate
internal/app/finance_routes.go,POST,/api/finance/estate/:id/meetings/:mid/end,/api/finance/estate
internal/app/finance_routes.go,GET,/api/finance/estate/:id/meetings/:mid/minutes,/api/finance/estate
internal/app/finance_routes.go,POST,/api/finance/estate/:id/meetings/:mid/minutes,/api/finance/estate
internal/app/finance_routes.go,POST,/api/finance/estate/:id/meetings/:mid/minutes/approve,/api/finance/estate
internal/app/finance_routes.go,POST,/api/finance/estate/:id/meetings/:mid/reschedule,/api/finance/estate
internal/app/finance_routes.go,POST,/api/finance/estate/:id/meetings/:mid/rsvp,/api/finance/estate
internal/app/finance_routes.go,POST,/api/finance/estate/:id/meetings/:mid/start,/api/finance/estate
internal/app/finance_routes.go,GET,/api/finance/estate/:id/notifications,/api/finance/estate
internal/app/finance_routes.go,POST,/api/finance/estate/:id/passes,/api/finance/estate
internal/app/finance_routes.go,POST,/api/finance/estate/:id/passes/scan,/api/finance/estate
internal/app/finance_routes.go,GET,/api/finance/estate/:id/profile,/api/finance/estate
internal/app/finance_routes.go,PUT,/api/finance/estate/:id/profile,/api/finance/estate
internal/app/finance_routes.go,GET,/api/finance/estate/:id/profile/household,/api/finance/estate
internal/app/finance_routes.go,POST,/api/finance/estate/:id/profile/household,/api/finance/estate
internal/app/finance_routes.go,DELETE,/api/finance/estate/:id/profile/household/:mid,/api/finance/estate
internal/app/finance_routes.go,GET,/api/finance/estate/:id/profile/id-card,/api/finance/estate
internal/app/finance_routes.go,GET,/api/finance/estate/:id/profile/staff,/api/finance/estate
internal/app/finance_routes.go,POST,/api/finance/estate/:id/profile/staff,/api/finance/estate
internal/app/finance_routes.go,PATCH,/api/finance/estate/:id/profile/staff/:sid/status,/api/finance/estate
internal/app/finance_routes.go,GET,/api/finance/estate/:id/profile/vehicles,/api/finance/estate
internal/app/finance_routes.go,POST,/api/finance/estate/:id/profile/vehicles,/api/finance/estate
internal/app/finance_routes.go,POST,/api/finance/estate/:id/profile/vehicles/:vid/verify,/api/finance/estate
internal/app/finance_routes.go,GET,/api/finance/estate/:id/properties,/api/finance/estate
internal/app/finance_routes.go,POST,/api/finance/estate/:id/properties,/api/finance/estate
internal/app/finance_routes.go,GET,/api/finance/estate/:id/properties/:pid,/api/finance/estate
internal/app/finance_routes.go,PATCH,/api/finance/estate/:id/properties/:pid,/api/finance/estate
internal/app/finance_routes.go,GET,/api/finance/estate/:id/properties/:pid/analytics,/api/finance/estate
internal/app/finance_routes.go,POST,/api/finance/estate/:id/properties/:pid/archive,/api/finance/estate
internal/app/finance_routes.go,POST,/api/finance/estate/:id/properties/:pid/claim,/api/finance/estate
internal/app/finance_routes.go,POST,/api/finance/estate/:id/properties/:pid/claims/:claimId/review,/api/finance/estate
internal/app/finance_routes.go,POST,/api/finance/estate/:id/properties/:pid/landlord,/api/finance/estate
internal/app/finance_routes.go,POST,/api/finance/estate/:id/properties/:pid/occupancy,/api/finance/estate
internal/app/finance_routes.go,POST,/api/finance/estate/:id/properties/:pid/tenancy,/api/finance/estate
internal/app/finance_routes.go,POST,/api/finance/estate/:id/properties/:pid/tenancy/:tid/review,/api/finance/estate
internal/app/finance_routes.go,POST,/api/finance/estate/:id/properties/:pid/tenant,/api/finance/estate
internal/app/finance_routes.go,POST,/api/finance/estate/:id/properties/:pid/transfer-request,/api/finance/estate
internal/app/finance_routes.go,GET,/api/finance/estate/:id/property-transfers,/api/finance/estate
internal/app/finance_routes.go,POST,/api/finance/estate/:id/property-transfers/:reqId/review,/api/finance/estate
internal/app/finance_routes.go,GET,/api/finance/estate/:id/repairs,/api/finance/estate
internal/app/finance_routes.go,POST,/api/finance/estate/:id/repairs,/api/finance/estate
internal/app/finance_routes.go,GET,/api/finance/estate/:id/repairs/:repairId/updates,/api/finance/estate
internal/app/finance_routes.go,POST,/api/finance/estate/:id/repairs/:repairId/updates,/api/finance/estate
internal/app/finance_routes.go,GET,/api/finance/estate/:id/reports,/api/finance/estate
internal/app/finance_routes.go,POST,/api/finance/estate/:id/residents,/api/finance/estate
internal/app/finance_routes.go,GET,/api/finance/estate/:id/settings,/api/finance/estate
internal/app/finance_routes.go,PATCH,/api/finance/estate/:id/settings,/api/finance/estate
internal/app/finance_routes.go,GET,/api/finance/estate/:id/tasks,/api/finance/estate
internal/app/finance_routes.go,POST,/api/finance/estate/:id/tasks,/api/finance/estate
internal/app/finance_routes.go,PATCH,/api/finance/estate/:id/tasks/:taskId/status,/api/finance/estate
internal/app/finance_routes.go,POST,/api/finance/estate/:id/uploads/presign,/api/finance/estate
internal/app/finance_routes.go,POST,/api/finance/estate/:id/vendor/assign-job,/api/finance/estate
internal/app/finance_routes.go,GET,/api/finance/estate/:id/vendor/earnings,/api/finance/estate
internal/app/finance_routes.go,GET,/api/finance/estate/:id/vendor/jobs,/api/finance/estate
internal/app/finance_routes.go,POST,/api/finance/estate/:id/vendor/jobs/:jid/accept,/api/finance/estate
internal/app/finance_routes.go,POST,/api/finance/estate/:id/vendor/jobs/:jid/checkin,/api/finance/estate
internal/app/finance_routes.go,POST,/api/finance/estate/:id/vendor/jobs/:jid/complete,/api/finance/estate
internal/app/finance_routes.go,POST,/api/finance/estate/:id/vendor/jobs/:jid/evidence,/api/finance/estate
internal/app/finance_routes.go,POST,/api/finance/estate/:id/vendor/jobs/:jid/invoice,/api/finance/estate
internal/app/finance_routes.go,POST,/api/finance/estate/:id/vendor/jobs/:jid/payout,/api/finance/estate
internal/app/finance_routes.go,POST,/api/finance/estate/:id/vendor/jobs/:jid/quote,/api/finance/estate
internal/app/finance_routes.go,POST,/api/finance/estate/:id/vendor/jobs/:jid/reject,/api/finance/estate
internal/app/finance_routes.go,POST,/api/finance/estate/:id/vendor/jobs/:jid/start,/api/finance/estate
internal/app/finance_routes.go,POST,/api/finance/estate/:id/vendor/onboard,/api/finance/estate
internal/app/finance_routes.go,GET,/api/finance/estate/:id/vendor/profile,/api/finance/estate
internal/app/finance_routes.go,GET,/api/finance/estate/:id/vendors,/api/finance/estate
internal/app/finance_routes.go,POST,/api/finance/estate/:id/vendors,/api/finance/estate
internal/app/finance_routes.go,POST,/api/finance/estate/:id/vendors/:vendorId/verify,/api/finance/estate
internal/app/finance_routes.go,POST,/api/finance/estate/join/invite,/api/finance/estate
internal/app/finance_routes.go,POST,/api/finance/fx/convert,/api/finance/fx
internal/app/finance_routes.go,GET,/api/finance/fx/history,/api/finance/fx
internal/app/finance_routes.go,POST,/api/finance/fx/quote,/api/finance/fx
internal/app/finance_routes.go,GET,/api/finance/fx/wallets/:currency,/api/finance/fx
internal/app/finance_routes.go,POST,/api/finance/groups,/api/finance/groups
internal/app/finance_routes.go,GET,/api/finance/groups,/api/finance/groups
internal/app/finance_routes.go,GET,/api/finance/groups/:id,/api/finance/groups
internal/app/finance_routes.go,POST,/api/finance/groups/:id/dues,/api/finance/groups
internal/app/finance_routes.go,POST,/api/finance/groups/:id/invite,/api/finance/groups
internal/app/finance_routes.go,POST,/api/finance/kyc/checks/aml,/api/finance/kyc
internal/app/finance_routes.go,POST,/api/finance/kyc/checks/document,/api/finance/kyc
internal/app/finance_routes.go,POST,/api/finance/kyc/checks/facial,/api/finance/kyc
internal/app/finance_routes.go,POST,/api/finance/kyc/checks/id-number,/api/finance/kyc
internal/app/finance_routes.go,POST,/api/finance/kyc/checks/liveness,/api/finance/kyc
internal/app/finance_routes.go,POST,/api/finance/kyc/consent,/api/finance/kyc
internal/app/finance_routes.go,GET,/api/finance/kyc/me,/api/finance/kyc
internal/app/finance_routes.go,POST,/api/finance/kyc/sdk-token,/api/finance/kyc
internal/app/finance_routes.go,POST,/api/finance/kyc/session,/api/finance/kyc
internal/app/finance_routes.go,GET,/api/finance/kyc/session/:id,/api/finance/kyc
internal/app/finance_routes.go,POST,/api/finance/maplerad/bills,/api/finance/maplerad
internal/app/finance_routes.go,POST,/api/finance/maplerad/customer,/api/finance/maplerad
internal/app/finance_routes.go,POST,/api/finance/maplerad/transfers,/api/finance/maplerad
internal/app/finance_routes.go,GET,/api/finance/maplerad/transfers/:ref,/api/finance/maplerad
internal/app/finance_routes.go,POST,/api/finance/maplerad/virtual-account,/api/finance/maplerad
internal/app/finance_routes.go,POST,/api/finance/mobility/bus/book,/api/finance/mobility
internal/app/finance_routes.go,GET,/api/finance/mobility/bus/provider/bookings,/api/finance/mobility
internal/app/finance_routes.go,GET,/api/finance/mobility/bus/provider/me,/api/finance/mobility
internal/app/finance_routes.go,PATCH,/api/finance/mobility/bus/provider/me,/api/finance/mobility
internal/app/finance_routes.go,POST,/api/finance/mobility/bus/provider/register,/api/finance/mobility
internal/app/finance_routes.go,POST,/api/finance/mobility/bus/provider/routes,/api/finance/mobility
internal/app/finance_routes.go,PATCH,/api/finance/mobility/bus/provider/routes/:id,/api/finance/mobility
internal/app/finance_routes.go,POST,/api/finance/mobility/bus/provider/routes/:id/schedules,/api/finance/mobility
internal/app/finance_routes.go,POST,/api/finance/mobility/bus/provider/templates,/api/finance/mobility
internal/app/finance_routes.go,GET,/api/finance/mobility/bus/provider/templates,/api/finance/mobility
internal/app/finance_routes.go,PATCH,/api/finance/mobility/bus/provider/templates/:id,/api/finance/mobility
internal/app/finance_routes.go,DELETE,/api/finance/mobility/bus/provider/templates/:id,/api/finance/mobility
internal/app/finance_routes.go,GET,/api/finance/mobility/bus/providers,/api/finance/mobility
internal/app/finance_routes.go,GET,/api/finance/mobility/bus/providers/:id,/api/finance/mobility
internal/app/finance_routes.go,GET,/api/finance/mobility/bus/routes,/api/finance/mobility
internal/app/finance_routes.go,GET,/api/finance/mobility/bus/schedules,/api/finance/mobility
internal/app/finance_routes.go,GET,/api/finance/mobility/bus/schedules/:id/seats,/api/finance/mobility
internal/app/finance_routes.go,GET,/api/finance/mobility/bus/search,/api/finance/mobility
internal/app/finance_routes.go,GET,/api/finance/mobility/bus/tickets,/api/finance/mobility
internal/app/finance_routes.go,POST,/api/finance/mobility/bus/tickets/:id/cancel,/api/finance/mobility
internal/app/finance_routes.go,POST,/api/finance/mobility/bus/tickets/:id/rate,/api/finance/mobility
internal/app/finance_routes.go,POST,/api/finance/mobility/business/accounts,/api/finance/mobility
internal/app/finance_routes.go,GET,/api/finance/mobility/business/accounts/me,/api/finance/mobility
internal/app/finance_routes.go,GET,/api/finance/mobility/business/analytics,/api/finance/mobility
internal/app/finance_routes.go,POST,/api/finance/mobility/business/batches,/api/finance/mobility
internal/app/finance_routes.go,GET,/api/finance/mobility/business/batches,/api/finance/mobility
internal/app/finance_routes.go,GET,/api/finance/mobility/business/batches/:id,/api/finance/mobility
internal/app/finance_routes.go,POST,/api/finance/mobility/business/deliveries,/api/finance/mobility
internal/app/finance_routes.go,GET,/api/finance/mobility/business/deliveries,/api/finance/mobility
internal/app/finance_routes.go,GET,/api/finance/mobility/business/deliveries/:id,/api/finance/mobility
internal/app/finance_routes.go,POST,/api/finance/mobility/business/deliveries/:id/cancel,/api/finance/mobility
internal/app/finance_routes.go,GET,/api/finance/mobility/business/invoices,/api/finance/mobility
internal/app/finance_routes.go,GET,/api/finance/mobility/car-hire,/api/finance/mobility
internal/app/finance_routes.go,GET,/api/finance/mobility/car-hire/:id,/api/finance/mobility
internal/app/finance_routes.go,POST,/api/finance/mobility/car-hire/:id/activate,/api/finance/mobility
internal/app/finance_routes.go,POST,/api/finance/mobility/car-hire/:id/cancel,/api/finance/mobility
internal/app/finance_routes.go,POST,/api/finance/mobility/car-hire/:id/complete,/api/finance/mobility
internal/app/finance_routes.go,POST,/api/finance/mobility/car-hire/:id/extend,/api/finance/mobility
internal/app/finance_routes.go,POST,/api/finance/mobility/car-hire/book,/api/finance/mobility
internal/app/finance_routes.go,POST,/api/finance/mobility/car-hire/quote,/api/finance/mobility
internal/app/finance_routes.go,GET,/api/finance/mobility/config/pricing,/api/finance/mobility
internal/app/finance_routes.go,GET,/api/finance/mobility/events/bookings,/api/finance/mobility
internal/app/finance_routes.go,POST,/api/finance/mobility/events/bookings/:id/cancel,/api/finance/mobility
internal/app/finance_routes.go,GET,/api/finance/mobility/events/transport,/api/finance/mobility
internal/app/finance_routes.go,POST,/api/finance/mobility/events/transport,/api/finance/mobility
internal/app/finance_routes.go,GET,/api/finance/mobility/events/transport/:id,/api/finance/mobility
internal/app/finance_routes.go,POST,/api/finance/mobility/events/transport/:id/book,/api/finance/mobility
internal/app/finance_routes.go,GET,/api/finance/mobility/history,/api/finance/mobility
internal/app/finance_routes.go,GET,/api/finance/mobility/home,/api/finance/mobility
internal/app/finance_routes.go,GET,/api/finance/mobility/movers,/api/finance/mobility
internal/app/finance_routes.go,GET,/api/finance/mobility/movers/:id,/api/finance/mobility
internal/app/finance_routes.go,POST,/api/finance/mobility/movers/:id/accept-bid,/api/finance/mobility
internal/app/finance_routes.go,POST,/api/finance/mobility/movers/:id/cancel,/api/finance/mobility
internal/app/finance_routes.go,POST,/api/finance/mobility/movers/:id/confirm-completion,/api/finance/mobility
internal/app/finance_routes.go,POST,/api/finance/mobility/movers/:id/rate,/api/finance/mobility
internal/app/finance_routes.go,POST,/api/finance/mobility/movers/quote,/api/finance/mobility
internal/app/finance_routes.go,POST,/api/finance/mobility/parcels,/api/finance/mobility
internal/app/finance_routes.go,GET,/api/finance/mobility/parcels,/api/finance/mobility
internal/app/finance_routes.go,GET,/api/finance/mobility/parcels/:id,/api/finance/mobility
internal/app/finance_routes.go,POST,/api/finance/mobility/parcels/:id/cancel,/api/finance/mobility
internal/app/finance_routes.go,POST,/api/finance/mobility/parcels/:id/rate,/api/finance/mobility
internal/app/finance_routes.go,POST,/api/finance/mobility/parcels/estimate,/api/finance/mobility
internal/app/finance_routes.go,GET,/api/finance/mobility/profile,/api/finance/mobility
internal/app/finance_routes.go,PUT,/api/finance/mobility/profile,/api/finance/mobility
internal/app/finance_routes.go,GET,/api/finance/mobility/public/track/:token,/api/finance/mobility/public
internal/app/finance_routes.go,GET,/api/finance/mobility/rides/:id,/api/finance/mobility
internal/app/finance_routes.go,POST,/api/finance/mobility/rides/:id/accept-counter,/api/finance/mobility
internal/app/finance_routes.go,POST,/api/finance/mobility/rides/:id/cancel,/api/finance/mobility
internal/app/finance_routes.go,POST,/api/finance/mobility/rides/:id/offer,/api/finance/mobility
internal/app/finance_routes.go,POST,/api/finance/mobility/rides/:id/rate,/api/finance/mobility
internal/app/finance_routes.go,POST,/api/finance/mobility/rides/:id/share,/api/finance/mobility
internal/app/finance_routes.go,POST,/api/finance/mobility/rides/:id/sos,/api/finance/mobility
internal/app/finance_routes.go,GET,/api/finance/mobility/rides/active,/api/finance/mobility
internal/app/finance_routes.go,POST,/api/finance/mobility/rides/estimate,/api/finance/mobility
internal/app/finance_routes.go,POST,/api/finance/mobility/rides/request,/api/finance/mobility
internal/app/finance_routes.go,POST,/api/finance/mobility/scheduled,/api/finance/mobility
internal/app/finance_routes.go,GET,/api/finance/mobility/scheduled,/api/finance/mobility
internal/app/finance_routes.go,GET,/api/finance/mobility/scheduled/:id,/api/finance/mobility
internal/app/finance_routes.go,PATCH,/api/finance/mobility/scheduled/:id,/api/finance/mobility
internal/app/finance_routes.go,POST,/api/finance/mobility/scheduled/:id/cancel,/api/finance/mobility
internal/app/finance_routes.go,POST,/api/finance/mobility/scheduled/estimate,/api/finance/mobility
internal/app/finance_routes.go,POST,/api/finance/mobility/towing,/api/finance/mobility
internal/app/finance_routes.go,GET,/api/finance/mobility/towing,/api/finance/mobility
internal/app/finance_routes.go,GET,/api/finance/mobility/towing/:id,/api/finance/mobility
internal/app/finance_routes.go,POST,/api/finance/mobility/towing/:id/cancel,/api/finance/mobility
internal/app/finance_routes.go,POST,/api/finance/mobility/towing/:id/rate,/api/finance/mobility
internal/app/finance_routes.go,POST,/api/finance/mobility/towing/estimate,/api/finance/mobility
internal/app/finance_routes.go,GET,/api/finance/mobility/trips/:id/messages,/api/finance/mobility
internal/app/finance_routes.go,POST,/api/finance/mobility/trips/:id/messages,/api/finance/mobility
internal/app/finance_routes.go,POST,/api/finance/mobility/trips/:id/track,/api/finance/mobility
internal/app/finance_routes.go,GET,/api/finance/mobility/trusted-contacts,/api/finance/mobility
internal/app/finance_routes.go,POST,/api/finance/mobility/trusted-contacts,/api/finance/mobility
internal/app/finance_routes.go,DELETE,/api/finance/mobility/trusted-contacts/:id,/api/finance/mobility
internal/app/finance_routes.go,GET,/api/finance/mobility/ws,/api/finance/mobility
internal/app/finance_routes.go,GET,/api/finance/modules/access,/api/finance
internal/app/finance_routes.go,GET,/api/finance/property/context,/api/finance/property
internal/app/finance_routes.go,POST,/api/finance/property/context/switch,/api/finance/property
internal/app/finance_routes.go,GET,/api/finance/property/rent-passport/lookup/:userId,/api/finance/property
internal/app/finance_routes.go,GET,/api/finance/property/rent-passport/me,/api/finance/property
internal/app/finance_routes.go,POST,/api/finance/ratings,/api/finance/ratings
internal/app/finance_routes.go,GET,/api/finance/ratings/:entity_id,/api/finance/ratings
internal/app/finance_routes.go,GET,/api/finance/realtor/stays/:bookingId/gate-pass,/api/finance/realtor
internal/app/finance_routes.go,GET,/api/finance/referrals/me,/api/finance/referrals
internal/app/finance_routes.go,GET,/api/finance/restaurant,/api/finance/restaurant
internal/app/finance_routes.go,POST,/api/finance/restaurant,/api/finance/restaurant
internal/app/finance_routes.go,GET,/api/finance/restaurant/:id,/api/finance/restaurant
internal/app/finance_routes.go,PATCH,/api/finance/restaurant/:id,/api/finance/restaurant
internal/app/finance_routes.go,PATCH,/api/finance/restaurant/:id/availability,/api/finance/restaurant
internal/app/finance_routes.go,POST,/api/finance/restaurant/:id/delivery-quote,/api/finance/restaurant
internal/app/finance_routes.go,POST,/api/finance/restaurant/:id/group,/api/finance/restaurant
internal/app/finance_routes.go,GET,/api/finance/restaurant/:id/kyb,/api/finance/restaurant
internal/app/finance_routes.go,PUT,/api/finance/restaurant/:id/kyb,/api/finance/restaurant
internal/app/finance_routes.go,POST,/api/finance/restaurant/:id/kyb/documents,/api/finance/restaurant
internal/app/finance_routes.go,POST,/api/finance/restaurant/:id/kyb/submit,/api/finance/restaurant
internal/app/finance_routes.go,POST,/api/finance/restaurant/:id/like,/api/finance/restaurant
internal/app/finance_routes.go,DELETE,/api/finance/restaurant/:id/like,/api/finance/restaurant
internal/app/finance_routes.go,POST,/api/finance/restaurant/:id/menu/categories,/api/finance/restaurant
internal/app/finance_routes.go,DELETE,/api/finance/restaurant/:id/menu/categories/:categoryId,/api/finance/restaurant
internal/app/finance_routes.go,POST,/api/finance/restaurant/:id/menu/items,/api/finance/restaurant
internal/app/finance_routes.go,PATCH,/api/finance/restaurant/:id/menu/items/:itemId,/api/finance/restaurant
internal/app/finance_routes.go,DELETE,/api/finance/restaurant/:id/menu/items/:itemId,/api/finance/restaurant
internal/app/finance_routes.go,POST,/api/finance/restaurant/:id/orders,/api/finance/restaurant
internal/app/finance_routes.go,DELETE,/api/finance/restaurant/:id/orders/:orderId,/api/finance/restaurant
internal/app/finance_routes.go,PATCH,/api/finance/restaurant/:id/orders/:orderId/status,/api/finance/restaurant
internal/app/finance_routes.go,GET,/api/finance/restaurant/:id/staff,/api/finance/restaurant
internal/app/finance_routes.go,POST,/api/finance/restaurant/:id/staff,/api/finance/restaurant
internal/app/finance_routes.go,PATCH,/api/finance/restaurant/:id/staff/:userId,/api/finance/restaurant
internal/app/finance_routes.go,POST,/api/finance/restaurant/bank-accounts,/api/finance/restaurant
internal/app/finance_routes.go,GET,/api/finance/restaurant/bank-accounts,/api/finance/restaurant
internal/app/finance_routes.go,DELETE,/api/finance/restaurant/bank-accounts/:accountId,/api/finance/restaurant
internal/app/finance_routes.go,PATCH,/api/finance/restaurant/bank-accounts/:accountId/default,/api/finance/restaurant
internal/app/finance_routes.go,POST,/api/finance/restaurant/bank-accounts/verify,/api/finance/restaurant
internal/app/finance_routes.go,GET,/api/finance/restaurant/disputes/:id,/api/finance/restaurant
internal/app/finance_routes.go,GET,/api/finance/restaurant/earnings,/api/finance/restaurant
internal/app/finance_routes.go,GET,/api/finance/restaurant/group/:groupId,/api/finance/restaurant
internal/app/finance_routes.go,POST,/api/finance/restaurant/group/:groupId/finalize,/api/finance/restaurant
internal/app/finance_routes.go,POST,/api/finance/restaurant/group/:groupId/items,/api/finance/restaurant
internal/app/finance_routes.go,GET,/api/finance/restaurant/lookup/user,/api/finance/restaurant
internal/app/finance_routes.go,GET,/api/finance/restaurant/mine,/api/finance/restaurant
internal/app/finance_routes.go,GET,/api/finance/restaurant/orders,/api/finance/restaurant
internal/app/finance_routes.go,GET,/api/finance/restaurant/orders/:orderId,/api/finance/restaurant
internal/app/finance_routes.go,POST,/api/finance/restaurant/orders/:orderId/accept,/api/finance/restaurant
internal/app/finance_routes.go,POST,/api/finance/restaurant/orders/:orderId/assign,/api/finance/restaurant
internal/app/finance_routes.go,POST,/api/finance/restaurant/orders/:orderId/decline,/api/finance/restaurant
internal/app/finance_routes.go,POST,/api/finance/restaurant/orders/:orderId/dispatch,/api/finance/restaurant
internal/app/finance_routes.go,POST,/api/finance/restaurant/orders/:orderId/dispute,/api/finance/restaurant
internal/app/finance_routes.go,POST,/api/finance/restaurant/orders/:orderId/handoff,/api/finance/restaurant
internal/app/finance_routes.go,POST,/api/finance/restaurant/orders/:orderId/location,/api/finance/restaurant
internal/app/finance_routes.go,GET,/api/finance/restaurant/orders/:orderId/messages,/api/finance/restaurant
internal/app/finance_routes.go,POST,/api/finance/restaurant/orders/:orderId/messages,/api/finance/restaurant
internal/app/finance_routes.go,POST,/api/finance/restaurant/orders/:orderId/pickup,/api/finance/restaurant
internal/app/finance_routes.go,POST,/api/finance/restaurant/orders/:orderId/rate,/api/finance/restaurant
internal/app/finance_routes.go,GET,/api/finance/restaurant/orders/:orderId/ws,/api/finance/restaurant
internal/app/finance_routes.go,GET,/api/finance/restaurant/payout-readiness,/api/finance/restaurant
internal/app/finance_routes.go,GET,/api/finance/restaurant/rider/active,/api/finance/restaurant
internal/app/finance_routes.go,GET,/api/finance/restaurant/rider/offers,/api/finance/restaurant
internal/app/finance_routes.go,POST,/api/finance/restaurant/staff/accept,/api/finance/restaurant
internal/app/finance_routes.go,POST,/api/finance/restaurant/withdrawals,/api/finance/restaurant
internal/app/finance_routes.go,GET,/api/finance/restaurant/withdrawals,/api/finance/restaurant
internal/app/finance_routes.go,GET,/api/finance/restaurant/withdrawals/:withdrawalId,/api/finance/restaurant
internal/app/finance_routes.go,GET,/api/finance/restaurant/ws,/api/finance/restaurant
internal/app/finance_routes.go,POST,/api/finance/support/sessions,/api/finance/support
internal/app/finance_routes.go,POST,/api/finance/support/sessions/:id/escalate,/api/finance/support
internal/app/finance_routes.go,GET,/api/finance/support/sessions/:id/messages,/api/finance/support
internal/app/finance_routes.go,POST,/api/finance/support/sessions/:id/messages,/api/finance/support
internal/app/finance_routes.go,POST,/api/finance/support/sessions/:id/resolve,/api/finance/support
internal/app/finance_routes.go,POST,/api/finance/telemedicine/appointments,/api/finance/telemedicine
internal/app/finance_routes.go,DELETE,/api/finance/telemedicine/appointments/:id,/api/finance/telemedicine
internal/app/finance_routes.go,POST,/api/finance/telemedicine/appointments/:id/complete,/api/finance/telemedicine
internal/app/finance_routes.go,POST,/api/finance/telemedicine/appointments/:id/prescription,/api/finance/telemedicine
internal/app/finance_routes.go,GET,/api/finance/telemedicine/doctors,/api/finance/telemedicine
internal/app/finance_routes.go,POST,/api/finance/telemedicine/doctors,/api/finance/telemedicine
internal/app/finance_routes.go,POST,/api/finance/transfers/bank,/api/finance/transfers
internal/app/finance_routes.go,POST,/api/finance/transfers/bank-to-bank,/api/finance/transfers
internal/app/finance_routes.go,GET,/api/finance/transfers/banks,/api/finance/transfers
internal/app/finance_routes.go,GET,/api/finance/transfers/beneficiaries,/api/finance/transfers
internal/app/finance_routes.go,POST,/api/finance/transfers/beneficiaries,/api/finance/transfers
internal/app/finance_routes.go,DELETE,/api/finance/transfers/beneficiaries/:id,/api/finance/transfers
internal/app/finance_routes.go,POST,/api/finance/transfers/paymax,/api/finance/transfers
internal/app/finance_routes.go,GET,/api/finance/transfers/paymax/resolve,/api/finance/transfers
internal/app/finance_routes.go,POST,/api/finance/transfers/pin,/api/finance/transfers
internal/app/finance_routes.go,GET,/api/finance/transfers/pin/status,/api/finance/transfers
internal/app/finance_routes.go,POST,/api/finance/transfers/pin/verify,/api/finance/transfers
internal/app/finance_routes.go,POST,/api/finance/transfers/resolve-account,/api/finance/transfers
internal/app/finance_routes.go,POST,/api/finance/transport/drivers,/api/finance/transport
internal/app/finance_routes.go,PATCH,/api/finance/transport/drivers/status,/api/finance/transport
internal/app/finance_routes.go,GET,/api/finance/va/me,/api/finance/va
internal/app/finance_routes.go,POST,/api/finance/vote-bridge/debit,(root)
internal/app/finance_routes.go,POST,/api/finance/vote-bridge/reverse,(root)
internal/app/finance_routes.go,GET,/api/finance/wallet/balance,/api/finance/wallet
internal/app/finance_routes.go,GET,/api/finance/wallet/transactions,/api/finance/wallet
internal/app/finance_routes.go,POST,/api/kyc/webhooks/:provider,(root)
internal/app/finance_routes.go,POST,/api/promotions/admin/banners,/api/promotions/admin
internal/app/finance_routes.go,PATCH,/api/promotions/admin/banners/:id,/api/promotions/admin
internal/app/finance_routes.go,DELETE,/api/promotions/admin/banners/:id,/api/promotions/admin
internal/app/finance_routes.go,POST,/api/restaurant/admin/activate-scheduled,/api/restaurant/admin
internal/app/finance_routes.go,GET,/api/restaurant/admin/delivery-config,/api/restaurant/admin
internal/app/finance_routes.go,PUT,/api/restaurant/admin/delivery-config,/api/restaurant/admin
internal/app/finance_routes.go,GET,/api/restaurant/admin/dispatch/queue,/api/restaurant/admin
internal/app/finance_routes.go,GET,/api/restaurant/admin/disputes,/api/restaurant/admin
internal/app/finance_routes.go,POST,/api/restaurant/admin/disputes/:id/resolve,/api/restaurant/admin
internal/app/finance_routes.go,POST,/api/restaurant/admin/listings/:id/decision,/api/restaurant/admin
internal/app/finance_routes.go,GET,/api/restaurant/admin/listings/pending,/api/restaurant/admin
internal/app/finance_routes.go,GET,/api/restaurant/admin/onboarding,/api/restaurant/admin
internal/app/finance_routes.go,POST,/api/restaurant/admin/onboarding/:id/:decision,/api/restaurant/admin
internal/app/finance_routes.go,GET,/api/restaurant/admin/orders,/api/restaurant/admin
internal/app/finance_routes.go,POST,/api/restaurant/admin/orders/:id/assign,/api/restaurant/admin
internal/app/finance_routes.go,POST,/api/restaurant/admin/orders/:id/dispatch,/api/restaurant/admin
internal/app/finance_routes.go,GET,/api/restaurant/admin/payouts,/api/restaurant/admin
internal/app/finance_routes.go,GET,/api/restaurant/admin/payouts/:id,/api/restaurant/admin
internal/app/finance_routes.go,POST,/api/restaurant/admin/payouts/:id/process,/api/restaurant/admin
internal/app/finance_routes.go,POST,/api/restaurant/admin/payouts/build,/api/restaurant/admin
internal/app/finance_routes.go,GET,/api/restaurant/admin/restaurants,/api/restaurant/admin/restaurants
internal/app/finance_routes.go,GET,/api/restaurant/admin/restaurants/:id,/api/restaurant/admin/restaurants
internal/app/finance_routes.go,PATCH,/api/restaurant/admin/restaurants/:id,/api/restaurant/admin/restaurants
internal/app/finance_routes.go,PATCH,/api/restaurant/admin/restaurants/:id/availability,/api/restaurant/admin/restaurants
internal/app/finance_routes.go,POST,/api/restaurant/admin/restaurants/:id/menu/categories,/api/restaurant/admin/restaurants
internal/app/finance_routes.go,DELETE,/api/restaurant/admin/restaurants/:id/menu/categories/:categoryId,/api/restaurant/admin/restaurants
internal/app/finance_routes.go,POST,/api/restaurant/admin/restaurants/:id/menu/items,/api/restaurant/admin/restaurants
internal/app/finance_routes.go,PATCH,/api/restaurant/admin/restaurants/:id/menu/items/:itemId,/api/restaurant/admin/restaurants
internal/app/finance_routes.go,DELETE,/api/restaurant/admin/restaurants/:id/menu/items/:itemId,/api/restaurant/admin/restaurants
internal/app/finance_routes.go,GET,/api/restaurant/admin/restaurants/unclaimed,/api/restaurant/admin
internal/app/finance_routes.go,GET,/api/restaurant/admin/riders,/api/restaurant/admin
internal/app/finance_routes.go,GET,/api/restaurant/admin/withdrawals,/api/restaurant/admin
internal/app/finance_routes.go,GET,/api/restaurant/admin/withdrawals/:withdrawalId,/api/restaurant/admin
internal/app/finance_routes.go,POST,/api/restaurant/admin/withdrawals/:withdrawalId/failed,/api/restaurant/admin
internal/app/finance_routes.go,POST,/api/restaurant/admin/withdrawals/:withdrawalId/paid,/api/restaurant/admin
internal/app/finance_routes.go,GET,/api/v1/doctor/account/review-notice,/api/v1/doctor
internal/app/finance_routes.go,GET,/api/v1/doctor/account/status,/api/v1/doctor
internal/app/finance_routes.go,GET,/api/v1/doctor/adherence-checks,/api/v1/doctor
internal/app/finance_routes.go,POST,/api/v1/doctor/adherence-checks,/api/v1/doctor
internal/app/finance_routes.go,POST,/api/v1/doctor/ai/lab-explanation,/api/v1/doctor
internal/app/finance_routes.go,GET,/api/v1/doctor/ai/lab-explanation/:resultId,/api/v1/doctor
internal/app/finance_routes.go,POST,/api/v1/doctor/ai/note-summary,/api/v1/doctor
internal/app/finance_routes.go,GET,/api/v1/doctor/ai/note-summary/:appointmentId,/api/v1/doctor
internal/app/finance_routes.go,POST,/api/v1/doctor/ai/note-summary/accept,/api/v1/doctor
internal/app/finance_routes.go,POST,/api/v1/doctor/ai/rx-safety,/api/v1/doctor
internal/app/finance_routes.go,GET,/api/v1/doctor/ai/rx-safety/:id,/api/v1/doctor
internal/app/finance_routes.go,GET,/api/v1/doctor/analytics/quality,/api/v1/doctor
internal/app/finance_routes.go,POST,/api/v1/doctor/announcements/:announcementId/dismiss,/api/v1/doctor
internal/app/finance_routes.go,GET,/api/v1/doctor/announcements/latest,/api/v1/doctor
internal/app/finance_routes.go,GET,/api/v1/doctor/app-status,/api/v1/doctor
internal/app/finance_routes.go,GET,/api/v1/doctor/appointment-requests,/api/v1/doctor
internal/app/finance_routes.go,GET,/api/v1/doctor/appointment-requests/:id,/api/v1/doctor
internal/app/finance_routes.go,GET,/api/v1/doctor/appointments,/api/v1/doctor
internal/app/finance_routes.go,GET,/api/v1/doctor/appointments/:appointmentId,/api/v1/doctor
internal/app/finance_routes.go,POST,/api/v1/doctor/appointments/:appointmentId/accept,/api/v1/doctor
internal/app/finance_routes.go,POST,/api/v1/doctor/appointments/:appointmentId/cancel,/api/v1/doctor
internal/app/finance_routes.go,GET,/api/v1/doctor/appointments/:appointmentId/clinical-note,/api/v1/doctor
internal/app/finance_routes.go,PUT,/api/v1/doctor/appointments/:appointmentId/clinical-note,/api/v1/doctor
internal/app/finance_routes.go,POST,/api/v1/doctor/appointments/:appointmentId/end,/api/v1/doctor
internal/app/finance_routes.go,GET,/api/v1/doctor/appointments/:appointmentId/hmo-eligibility,/api/v1/doctor
internal/app/finance_routes.go,POST,/api/v1/doctor/appointments/:appointmentId/no-show,/api/v1/doctor
internal/app/finance_routes.go,GET,/api/v1/doctor/appointments/:appointmentId/notes,/api/v1/doctor
internal/app/finance_routes.go,POST,/api/v1/doctor/appointments/:appointmentId/notes,/api/v1/doctor
internal/app/finance_routes.go,POST,/api/v1/doctor/appointments/:appointmentId/reject,/api/v1/doctor
internal/app/finance_routes.go,POST,/api/v1/doctor/appointments/:appointmentId/request-reschedule,/api/v1/doctor
internal/app/finance_routes.go,POST,/api/v1/doctor/appointments/:appointmentId/reschedule,/api/v1/doctor
internal/app/finance_routes.go,POST,/api/v1/doctor/appointments/:appointmentId/start,/api/v1/doctor
internal/app/finance_routes.go,POST,/api/v1/doctor/appointments/:appointmentId/status,/api/v1/doctor
internal/app/finance_routes.go,GET,/api/v1/doctor/audit-trail,/api/v1/doctor
internal/app/finance_routes.go,POST,/api/v1/doctor/auth/logout,/api/v1/doctor
internal/app/finance_routes.go,GET,/api/v1/doctor/availability,/api/v1/doctor
internal/app/finance_routes.go,PUT,/api/v1/doctor/availability,/api/v1/doctor
internal/app/finance_routes.go,GET,/api/v1/doctor/calls/:appointmentId,/api/v1/doctor
internal/app/finance_routes.go,POST,/api/v1/doctor/calls/:appointmentId/dispute,/api/v1/doctor
internal/app/finance_routes.go,POST,/api/v1/doctor/calls/:appointmentId/feedback,/api/v1/doctor
internal/app/finance_routes.go,POST,/api/v1/doctor/calls/:appointmentId/join,/api/v1/doctor
internal/app/finance_routes.go,POST,/api/v1/doctor/calls/:appointmentId/leave,/api/v1/doctor
internal/app/finance_routes.go,GET,/api/v1/doctor/calls/:appointmentId/pre-check,/api/v1/doctor
internal/app/finance_routes.go,GET,/api/v1/doctor/calls/:appointmentId/rich,/api/v1/doctor
internal/app/finance_routes.go,POST,/api/v1/doctor/calls/:appointmentId/switch-provider,/api/v1/doctor
internal/app/finance_routes.go,POST,/api/v1/doctor/calls/:appointmentId/token,/api/v1/doctor
internal/app/finance_routes.go,GET,/api/v1/doctor/calls/disputes,/api/v1/doctor
internal/app/finance_routes.go,GET,/api/v1/doctor/care-plans,/api/v1/doctor
internal/app/finance_routes.go,POST,/api/v1/doctor/care-plans,/api/v1/doctor
internal/app/finance_routes.go,GET,/api/v1/doctor/care-plans/:id,/api/v1/doctor
internal/app/finance_routes.go,GET,/api/v1/doctor/care-team/:threadId,/api/v1/doctor
internal/app/finance_routes.go,POST,/api/v1/doctor/care-team/:threadId/messages,/api/v1/doctor
internal/app/finance_routes.go,GET,/api/v1/doctor/case-summaries/:caseRef,/api/v1/doctor
internal/app/finance_routes.go,POST,/api/v1/doctor/chat/:threadId/attachments,/api/v1/doctor
internal/app/finance_routes.go,POST,/api/v1/doctor/chat/:threadId/end,/api/v1/doctor
internal/app/finance_routes.go,POST,/api/v1/doctor/chat/:threadId/escalate,/api/v1/doctor
internal/app/finance_routes.go,GET,/api/v1/doctor/chat/:threadId/messages,/api/v1/doctor
internal/app/finance_routes.go,POST,/api/v1/doctor/chat/:threadId/messages,/api/v1/doctor
internal/app/finance_routes.go,GET,/api/v1/doctor/chat/:threadId/presence,/api/v1/doctor
internal/app/finance_routes.go,GET,/api/v1/doctor/chat/:threadId/rich-messages,/api/v1/doctor
internal/app/finance_routes.go,POST,/api/v1/doctor/chat/:threadId/share,/api/v1/doctor
internal/app/finance_routes.go,GET,/api/v1/doctor/chat/:threadId/state,/api/v1/doctor
internal/app/finance_routes.go,GET,/api/v1/doctor/chat/:threadId/transcript,/api/v1/doctor
internal/app/finance_routes.go,POST,/api/v1/doctor/chat/:threadId/voice,/api/v1/doctor
internal/app/finance_routes.go,PUT,/api/v1/doctor/chat/messages/:messageId/annotations,/api/v1/doctor
internal/app/finance_routes.go,POST,/api/v1/doctor/chat/messages/:messageId/report,/api/v1/doctor
internal/app/finance_routes.go,GET,/api/v1/doctor/chat/threads,/api/v1/doctor
internal/app/finance_routes.go,GET,/api/v1/doctor/chronic-monitoring,/api/v1/doctor
internal/app/finance_routes.go,POST,/api/v1/doctor/chronic-monitoring,/api/v1/doctor
internal/app/finance_routes.go,POST,/api/v1/doctor/clinical-notes/:noteId/finalize,/api/v1/doctor
internal/app/finance_routes.go,POST,/api/v1/doctor/clinical-notes/:noteId/share,/api/v1/doctor
internal/app/finance_routes.go,GET,/api/v1/doctor/clinics,/api/v1/doctor
internal/app/finance_routes.go,PATCH,/api/v1/doctor/clinics/:clinicId/schedule,/api/v1/doctor
internal/app/finance_routes.go,POST,/api/v1/doctor/clinics/active,/api/v1/doctor
internal/app/finance_routes.go,GET,/api/v1/doctor/compliance,/api/v1/doctor
internal/app/finance_routes.go,POST,/api/v1/doctor/compliance/policies/:policyKey/ack,/api/v1/doctor
internal/app/finance_routes.go,GET,/api/v1/doctor/dashboard,/api/v1/doctor
internal/app/finance_routes.go,GET,/api/v1/doctor/delivery-alerts,/api/v1/doctor
internal/app/finance_routes.go,GET,/api/v1/doctor/disputes,/api/v1/doctor
internal/app/finance_routes.go,POST,/api/v1/doctor/disputes,/api/v1/doctor
internal/app/finance_routes.go,GET,/api/v1/doctor/disputes/:id,/api/v1/doctor
internal/app/finance_routes.go,POST,/api/v1/doctor/disputes/:id/evidence,/api/v1/doctor
internal/app/finance_routes.go,GET,/api/v1/doctor/drug-deliveries,/api/v1/doctor
internal/app/finance_routes.go,GET,/api/v1/doctor/earnings,/api/v1/doctor
internal/app/finance_routes.go,GET,/api/v1/doctor/earnings/breakdown,/api/v1/doctor
internal/app/finance_routes.go,GET,/api/v1/doctor/earnings/commission,/api/v1/doctor
internal/app/finance_routes.go,GET,/api/v1/doctor/earnings/tax-vat,/api/v1/doctor
internal/app/finance_routes.go,POST,/api/v1/doctor/emergency/cases,/api/v1/doctor
internal/app/finance_routes.go,GET,/api/v1/doctor/emergency/cases,/api/v1/doctor
internal/app/finance_routes.go,GET,/api/v1/doctor/emergency/cases/:id,/api/v1/doctor
internal/app/finance_routes.go,POST,/api/v1/doctor/emergency/contacts/:patientId/notify,/api/v1/doctor
internal/app/finance_routes.go,POST,/api/v1/doctor/emergency/escalate/ambulance,/api/v1/doctor
internal/app/finance_routes.go,POST,/api/v1/doctor/emergency/escalate/hospital,/api/v1/doctor
internal/app/finance_routes.go,GET,/api/v1/doctor/emergency/escalations,/api/v1/doctor
internal/app/finance_routes.go,GET,/api/v1/doctor/emergency/facilities,/api/v1/doctor
internal/app/finance_routes.go,GET,/api/v1/doctor/feedback,/api/v1/doctor
internal/app/finance_routes.go,GET,/api/v1/doctor/follow-ups,/api/v1/doctor
internal/app/finance_routes.go,POST,/api/v1/doctor/follow-ups,/api/v1/doctor
internal/app/finance_routes.go,GET,/api/v1/doctor/follow-ups/:id,/api/v1/doctor
internal/app/finance_routes.go,POST,/api/v1/doctor/follow-ups/:id/complete,/api/v1/doctor
internal/app/finance_routes.go,POST,/api/v1/doctor/follow-ups/:id/reminder,/api/v1/doctor
internal/app/finance_routes.go,POST,/api/v1/doctor/follow-ups/:id/review,/api/v1/doctor
internal/app/finance_routes.go,GET,/api/v1/doctor/hmo/claims,/api/v1/doctor
internal/app/finance_routes.go,POST,/api/v1/doctor/hmo/claims,/api/v1/doctor
internal/app/finance_routes.go,GET,/api/v1/doctor/hmo/claims/:id,/api/v1/doctor
internal/app/finance_routes.go,POST,/api/v1/doctor/hmo/claims/:id/dispute,/api/v1/doctor
internal/app/finance_routes.go,GET,/api/v1/doctor/hmo/coverage/:patientId,/api/v1/doctor
internal/app/finance_routes.go,GET,/api/v1/doctor/hmo/covered-services,/api/v1/doctor
internal/app/finance_routes.go,GET,/api/v1/doctor/hmo/fraud-warnings,/api/v1/doctor
internal/app/finance_routes.go,POST,/api/v1/doctor/hmo/fraud-warnings/:warningId/ack,/api/v1/doctor
internal/app/finance_routes.go,GET,/api/v1/doctor/hmo/pre-auth,/api/v1/doctor
internal/app/finance_routes.go,POST,/api/v1/doctor/hmo/pre-auth,/api/v1/doctor
internal/app/finance_routes.go,GET,/api/v1/doctor/hmo/pre-auth/:id,/api/v1/doctor
internal/app/finance_routes.go,GET,/api/v1/doctor/hmo/support/:threadId,/api/v1/doctor
internal/app/finance_routes.go,POST,/api/v1/doctor/hmo/support/:threadId/messages,/api/v1/doctor
internal/app/finance_routes.go,GET,/api/v1/doctor/invoices,/api/v1/doctor
internal/app/finance_routes.go,GET,/api/v1/doctor/lab-catalogue,/api/v1/doctor
internal/app/finance_routes.go,GET,/api/v1/doctor/lab-orders,/api/v1/doctor
internal/app/finance_routes.go,POST,/api/v1/doctor/lab-orders,/api/v1/doctor
internal/app/finance_routes.go,POST,/api/v1/doctor/lab-orders/:orderId/cancel,/api/v1/doctor
internal/app/finance_routes.go,GET,/api/v1/doctor/lab-orders/:orderId/result,/api/v1/doctor
internal/app/finance_routes.go,GET,/api/v1/doctor/lab-orders/:orderId/rich,/api/v1/doctor
internal/app/finance_routes.go,POST,/api/v1/doctor/lab-orders/:orderId/share,/api/v1/doctor
internal/app/finance_routes.go,GET,/api/v1/doctor/lab-packages,/api/v1/doctor
internal/app/finance_routes.go,GET,/api/v1/doctor/lab-providers,/api/v1/doctor
internal/app/finance_routes.go,GET,/api/v1/doctor/lab-results/:resultId/comparisons,/api/v1/doctor
internal/app/finance_routes.go,PUT,/api/v1/doctor/lab-results/:resultId/interpretation,/api/v1/doctor
internal/app/finance_routes.go,POST,/api/v1/doctor/lab-results/:resultId/report,/api/v1/doctor
internal/app/finance_routes.go,POST,/api/v1/doctor/lab-results/:resultId/review,/api/v1/doctor
internal/app/finance_routes.go,GET,/api/v1/doctor/lab-results/:resultId/rich,/api/v1/doctor
internal/app/finance_routes.go,POST,/api/v1/doctor/lab-results/:resultId/share-explanation,/api/v1/doctor
internal/app/finance_routes.go,GET,/api/v1/doctor/lab-results/inbox,/api/v1/doctor
internal/app/finance_routes.go,GET,/api/v1/doctor/licence/expiry-warning,/api/v1/doctor
internal/app/finance_routes.go,POST,/api/v1/doctor/licence/renew,/api/v1/doctor
internal/app/finance_routes.go,GET,/api/v1/doctor/notifications,/api/v1/doctor
internal/app/finance_routes.go,POST,/api/v1/doctor/notifications/:id/read,/api/v1/doctor
internal/app/finance_routes.go,GET,/api/v1/doctor/notifications/groups,/api/v1/doctor
internal/app/finance_routes.go,GET,/api/v1/doctor/notifications/preferences,/api/v1/doctor
internal/app/finance_routes.go,PUT,/api/v1/doctor/notifications/preferences,/api/v1/doctor
internal/app/finance_routes.go,POST,/api/v1/doctor/notifications/read-all,/api/v1/doctor
internal/app/finance_routes.go,GET,/api/v1/doctor/onboarding/consents,/api/v1/doctor
internal/app/finance_routes.go,POST,/api/v1/doctor/onboarding/consents,/api/v1/doctor
internal/app/finance_routes.go,GET,/api/v1/doctor/onboarding/legal,/api/v1/doctor
internal/app/finance_routes.go,GET,/api/v1/doctor/onboarding/merchant-upgrade,/api/v1/doctor
internal/app/finance_routes.go,POST,/api/v1/doctor/onboarding/merchant-upgrade,/api/v1/doctor
internal/app/finance_routes.go,GET,/api/v1/doctor/onboarding/permissions,/api/v1/doctor
internal/app/finance_routes.go,POST,/api/v1/doctor/onboarding/permissions,/api/v1/doctor
internal/app/finance_routes.go,POST,/api/v1/doctor/onboarding/provider-type,/api/v1/doctor
internal/app/finance_routes.go,GET,/api/v1/doctor/onboarding/slides,/api/v1/doctor
internal/app/finance_routes.go,GET,/api/v1/doctor/opinions,/api/v1/doctor
internal/app/finance_routes.go,POST,/api/v1/doctor/opinions,/api/v1/doctor
internal/app/finance_routes.go,GET,/api/v1/doctor/opinions/:id,/api/v1/doctor
internal/app/finance_routes.go,GET,/api/v1/doctor/patients/:patientId,/api/v1/doctor
internal/app/finance_routes.go,GET,/api/v1/doctor/patients/:patientId/follow-up-eligibility,/api/v1/doctor
internal/app/finance_routes.go,GET,/api/v1/doctor/patients/:patientId/full-profile,/api/v1/doctor
internal/app/finance_routes.go,GET,/api/v1/doctor/patients/:patientId/record-hub,/api/v1/doctor
internal/app/finance_routes.go,PUT,/api/v1/doctor/payout-account,/api/v1/doctor
internal/app/finance_routes.go,GET,/api/v1/doctor/payout-report,/api/v1/doctor
internal/app/finance_routes.go,POST,/api/v1/doctor/payouts,/api/v1/doctor
internal/app/finance_routes.go,GET,/api/v1/doctor/payouts,/api/v1/doctor
internal/app/finance_routes.go,GET,/api/v1/doctor/payouts/:id,/api/v1/doctor
internal/app/finance_routes.go,POST,/api/v1/doctor/payouts/:id/dispute,/api/v1/doctor
internal/app/finance_routes.go,GET,/api/v1/doctor/payouts/disputes,/api/v1/doctor
internal/app/finance_routes.go,GET,/api/v1/doctor/pharmacies,/api/v1/doctor
internal/app/finance_routes.go,POST,/api/v1/doctor/pharmacies/:pharmacyId/report,/api/v1/doctor
internal/app/finance_routes.go,GET,/api/v1/doctor/pharmacies/:pharmacyId/stock,/api/v1/doctor
internal/app/finance_routes.go,GET,/api/v1/doctor/pharmacies/preferred,/api/v1/doctor
internal/app/finance_routes.go,GET,/api/v1/doctor/pharmacy/:fulfilmentId/messages,/api/v1/doctor
internal/app/finance_routes.go,POST,/api/v1/doctor/pharmacy/:fulfilmentId/messages,/api/v1/doctor
internal/app/finance_routes.go,POST,/api/v1/doctor/pharmacy/:fulfilmentId/received,/api/v1/doctor
internal/app/finance_routes.go,GET,/api/v1/doctor/pharmacy/fulfilments,/api/v1/doctor
internal/app/finance_routes.go,GET,/api/v1/doctor/pharmacy/fulfilments/:id,/api/v1/doctor
internal/app/finance_routes.go,GET,/api/v1/doctor/pharmacy/fulfilments/:id/delivery,/api/v1/doctor
internal/app/finance_routes.go,POST,/api/v1/doctor/pharmacy/fulfilments/:id/substitute,/api/v1/doctor
internal/app/finance_routes.go,GET,/api/v1/doctor/preferences,/api/v1/doctor
internal/app/finance_routes.go,PUT,/api/v1/doctor/preferences,/api/v1/doctor
internal/app/finance_routes.go,GET,/api/v1/doctor/prescriptions,/api/v1/doctor
internal/app/finance_routes.go,POST,/api/v1/doctor/prescriptions,/api/v1/doctor
internal/app/finance_routes.go,GET,/api/v1/doctor/prescriptions/:id,/api/v1/doctor
internal/app/finance_routes.go,POST,/api/v1/doctor/prescriptions/:id/cancel,/api/v1/doctor
internal/app/finance_routes.go,POST,/api/v1/doctor/prescriptions/:id/issue,/api/v1/doctor
internal/app/finance_routes.go,GET,/api/v1/doctor/prescriptions/:id/issued,/api/v1/doctor
internal/app/finance_routes.go,POST,/api/v1/doctor/prescriptions/:id/pharmacy,/api/v1/doctor
internal/app/finance_routes.go,POST,/api/v1/doctor/prescriptions/:id/refill-consultation,/api/v1/doctor
internal/app/finance_routes.go,POST,/api/v1/doctor/prescriptions/:id/send-to-pharmacy,/api/v1/doctor
internal/app/finance_routes.go,POST,/api/v1/doctor/prescriptions/:id/share,/api/v1/doctor
internal/app/finance_routes.go,PUT,/api/v1/doctor/presence,/api/v1/doctor
internal/app/finance_routes.go,GET,/api/v1/doctor/privacy,/api/v1/doctor
internal/app/finance_routes.go,PUT,/api/v1/doctor/privacy,/api/v1/doctor
internal/app/finance_routes.go,POST,/api/v1/doctor/privacy/delete,/api/v1/doctor
internal/app/finance_routes.go,POST,/api/v1/doctor/privacy/export,/api/v1/doctor
internal/app/finance_routes.go,GET,/api/v1/doctor/profile,/api/v1/doctor
internal/app/finance_routes.go,POST,/api/v1/doctor/profile/bank-account,/api/v1/doctor
internal/app/finance_routes.go,POST,/api/v1/doctor/profile/bank-account/verify,/api/v1/doctor
internal/app/finance_routes.go,GET,/api/v1/doctor/profile/documents,/api/v1/doctor
internal/app/finance_routes.go,POST,/api/v1/doctor/profile/documents,/api/v1/doctor
internal/app/finance_routes.go,GET,/api/v1/doctor/profile/draft,/api/v1/doctor
internal/app/finance_routes.go,PUT,/api/v1/doctor/profile/draft,/api/v1/doctor
internal/app/finance_routes.go,POST,/api/v1/doctor/profile/photo,/api/v1/doctor
internal/app/finance_routes.go,POST,/api/v1/doctor/profile/publish,/api/v1/doctor
internal/app/finance_routes.go,PUT,/api/v1/doctor/profile/tax-info,/api/v1/doctor
internal/app/finance_routes.go,GET,/api/v1/doctor/quality/ranking,/api/v1/doctor
internal/app/finance_routes.go,GET,/api/v1/doctor/quality/recommendations,/api/v1/doctor
internal/app/finance_routes.go,GET,/api/v1/doctor/quality/score,/api/v1/doctor
internal/app/finance_routes.go,GET,/api/v1/doctor/queue,/api/v1/doctor
internal/app/finance_routes.go,POST,/api/v1/doctor/records/:patientId/access-request,/api/v1/doctor
internal/app/finance_routes.go,POST,/api/v1/doctor/records/:patientId/export,/api/v1/doctor
internal/app/finance_routes.go,GET,/api/v1/doctor/records/:patientId/index,/api/v1/doctor
internal/app/finance_routes.go,GET,/api/v1/doctor/records/:patientId/restricted-warnings,/api/v1/doctor
internal/app/finance_routes.go,GET,/api/v1/doctor/records/:patientId/restrictions,/api/v1/doctor
internal/app/finance_routes.go,POST,/api/v1/doctor/records/:patientId/share,/api/v1/doctor
internal/app/finance_routes.go,GET,/api/v1/doctor/records/dashboard,/api/v1/doctor
internal/app/finance_routes.go,GET,/api/v1/doctor/records/shares,/api/v1/doctor
internal/app/finance_routes.go,GET,/api/v1/doctor/red-flag-alerts,/api/v1/doctor
internal/app/finance_routes.go,GET,/api/v1/doctor/referrals,/api/v1/doctor
internal/app/finance_routes.go,POST,/api/v1/doctor/referrals,/api/v1/doctor
internal/app/finance_routes.go,GET,/api/v1/doctor/referrals/:id,/api/v1/doctor
internal/app/finance_routes.go,GET,/api/v1/doctor/referrals/incoming,/api/v1/doctor
internal/app/finance_routes.go,GET,/api/v1/doctor/referrals/incoming/:id,/api/v1/doctor
internal/app/finance_routes.go,POST,/api/v1/doctor/referrals/incoming/:id/accept,/api/v1/doctor
internal/app/finance_routes.go,POST,/api/v1/doctor/referrals/incoming/:id/reject,/api/v1/doctor
internal/app/finance_routes.go,GET,/api/v1/doctor/refills,/api/v1/doctor
internal/app/finance_routes.go,GET,/api/v1/doctor/refills/:id,/api/v1/doctor
internal/app/finance_routes.go,POST,/api/v1/doctor/refills/:id/review,/api/v1/doctor
internal/app/finance_routes.go,GET,/api/v1/doctor/reputation,/api/v1/doctor
internal/app/finance_routes.go,POST,/api/v1/doctor/reviews/:reviewId/dispute,/api/v1/doctor
internal/app/finance_routes.go,POST,/api/v1/doctor/reviews/:reviewId/removal-request,/api/v1/doctor
internal/app/finance_routes.go,POST,/api/v1/doctor/reviews/:reviewId/report,/api/v1/doctor
internal/app/finance_routes.go,GET,/api/v1/doctor/reviews/disputes,/api/v1/doctor
internal/app/finance_routes.go,GET,/api/v1/doctor/safety-issues,/api/v1/doctor
internal/app/finance_routes.go,POST,/api/v1/doctor/safety-issues,/api/v1/doctor
internal/app/finance_routes.go,GET,/api/v1/doctor/schedule,/api/v1/doctor
internal/app/finance_routes.go,GET,/api/v1/doctor/schedule/blocked-dates,/api/v1/doctor
internal/app/finance_routes.go,POST,/api/v1/doctor/schedule/blocked-dates,/api/v1/doctor
internal/app/finance_routes.go,PUT,/api/v1/doctor/schedule/emergency,/api/v1/doctor
internal/app/finance_routes.go,GET,/api/v1/doctor/schedule/recurring,/api/v1/doctor
internal/app/finance_routes.go,PUT,/api/v1/doctor/schedule/recurring,/api/v1/doctor
internal/app/finance_routes.go,GET,/api/v1/doctor/schedule/reminders,/api/v1/doctor
internal/app/finance_routes.go,PUT,/api/v1/doctor/schedule/reminders,/api/v1/doctor
internal/app/finance_routes.go,PUT,/api/v1/doctor/schedule/timezone,/api/v1/doctor
internal/app/finance_routes.go,GET,/api/v1/doctor/schedule/vacation,/api/v1/doctor
internal/app/finance_routes.go,PUT,/api/v1/doctor/schedule/vacation,/api/v1/doctor
internal/app/finance_routes.go,GET,/api/v1/doctor/security,/api/v1/doctor
internal/app/finance_routes.go,PUT,/api/v1/doctor/security/2fa,/api/v1/doctor
internal/app/finance_routes.go,PUT,/api/v1/doctor/security/biometric,/api/v1/doctor
internal/app/finance_routes.go,GET,/api/v1/doctor/security/devices,/api/v1/doctor
internal/app/finance_routes.go,DELETE,/api/v1/doctor/security/devices/:deviceId,/api/v1/doctor
internal/app/finance_routes.go,POST,/api/v1/doctor/security/password,/api/v1/doctor
internal/app/finance_routes.go,GET,/api/v1/doctor/settings,/api/v1/doctor
internal/app/finance_routes.go,PUT,/api/v1/doctor/settings,/api/v1/doctor
internal/app/finance_routes.go,GET,/api/v1/doctor/specialists,/api/v1/doctor
internal/app/finance_routes.go,GET,/api/v1/doctor/support/:threadId/messages,/api/v1/doctor
internal/app/finance_routes.go,POST,/api/v1/doctor/support/:threadId/messages,/api/v1/doctor
internal/app/finance_routes.go,GET,/api/v1/doctor/support/faqs,/api/v1/doctor
internal/app/finance_routes.go,GET,/api/v1/doctor/support/help-articles,/api/v1/doctor
internal/app/finance_routes.go,POST,/api/v1/doctor/support/technical,/api/v1/doctor
internal/app/finance_routes.go,GET,/api/v1/doctor/support/tickets,/api/v1/doctor
internal/app/finance_routes.go,POST,/api/v1/doctor/support/tickets,/api/v1/doctor
internal/app/finance_routes.go,GET,/api/v1/doctor/training,/api/v1/doctor
internal/app/finance_routes.go,POST,/api/v1/doctor/training/:moduleId/complete,/api/v1/doctor
internal/app/finance_routes.go,POST,/api/v1/doctor/uploads/presign,/api/v1/doctor
internal/app/finance_routes.go,GET,/api/v1/doctor/verification,/api/v1/doctor
internal/app/finance_routes.go,POST,/api/v1/doctor/verification,/api/v1/doctor
internal/app/finance_routes.go,GET,/api/v1/doctor/verification/decision,/api/v1/doctor
internal/app/finance_routes.go,GET,/api/v1/doctor/vet/appointments,/api/v1/doctor
internal/app/finance_routes.go,GET,/api/v1/doctor/vet/consults/:consultId/summary,/api/v1/doctor
internal/app/finance_routes.go,GET,/api/v1/doctor/vet/consults/history,/api/v1/doctor
internal/app/finance_routes.go,GET,/api/v1/doctor/vet/dashboard,/api/v1/doctor
internal/app/finance_routes.go,GET,/api/v1/doctor/vet/lab-catalogue,/api/v1/doctor
internal/app/finance_routes.go,GET,/api/v1/doctor/vet/lab-orders,/api/v1/doctor
internal/app/finance_routes.go,POST,/api/v1/doctor/vet/lab-orders,/api/v1/doctor
internal/app/finance_routes.go,GET,/api/v1/doctor/vet/lab-orders/:orderId/result,/api/v1/doctor
internal/app/finance_routes.go,POST,/api/v1/doctor/vet/lab-results/:resultId/interpretation,/api/v1/doctor
internal/app/finance_routes.go,POST,/api/v1/doctor/vet/lab-results/:resultId/review,/api/v1/doctor
internal/app/finance_routes.go,GET,/api/v1/doctor/vet/lab-results/inbox,/api/v1/doctor
internal/app/finance_routes.go,GET,/api/v1/doctor/vet/licence,/api/v1/doctor
internal/app/finance_routes.go,POST,/api/v1/doctor/vet/licence/renew,/api/v1/doctor
internal/app/finance_routes.go,POST,/api/v1/doctor/vet/mode,/api/v1/doctor
internal/app/finance_routes.go,GET,/api/v1/doctor/vet/owner-requests,/api/v1/doctor
internal/app/finance_routes.go,GET,/api/v1/doctor/vet/pets/:petId,/api/v1/doctor
internal/app/finance_routes.go,GET,/api/v1/doctor/vet/pets/:petId/call,/api/v1/doctor
internal/app/finance_routes.go,GET,/api/v1/doctor/vet/pets/:petId/chat,/api/v1/doctor
internal/app/finance_routes.go,GET,/api/v1/doctor/vet/pets/:petId/chronic-monitoring,/api/v1/doctor
internal/app/finance_routes.go,POST,/api/v1/doctor/vet/pets/:petId/chronic-monitoring,/api/v1/doctor
internal/app/finance_routes.go,GET,/api/v1/doctor/vet/pets/:petId/emergency-warnings,/api/v1/doctor
internal/app/finance_routes.go,GET,/api/v1/doctor/vet/pets/:petId/growth,/api/v1/doctor
internal/app/finance_routes.go,POST,/api/v1/doctor/vet/pets/:petId/growth,/api/v1/doctor
internal/app/finance_routes.go,GET,/api/v1/doctor/vet/pets/:petId/health-record,/api/v1/doctor
internal/app/finance_routes.go,GET,/api/v1/doctor/vet/pets/:petId/prescription,/api/v1/doctor
internal/app/finance_routes.go,GET,/api/v1/doctor/vet/pets/:petId/recommendations,/api/v1/doctor
internal/app/finance_routes.go,GET,/api/v1/doctor/vet/pets/:petId/referrals,/api/v1/doctor
internal/app/finance_routes.go,GET,/api/v1/doctor/vet/pets/:petId/soap-note,/api/v1/doctor
internal/app/finance_routes.go,GET,/api/v1/doctor/vet/pets/:petId/vaccination-recommendations,/api/v1/doctor
internal/app/finance_routes.go,GET,/api/v1/doctor/vet/pets/:petId/vaccination-reminders,/api/v1/doctor
internal/app/finance_routes.go,GET,/api/v1/doctor/vet/pharmacies,/api/v1/doctor
internal/app/finance_routes.go,POST,/api/v1/doctor/vet/prescriptions,/api/v1/doctor
internal/app/finance_routes.go,POST,/api/v1/doctor/vet/prescriptions/:prescriptionId/issue,/api/v1/doctor
internal/app/finance_routes.go,GET,/api/v1/doctor/vet/prescriptions/:prescriptionId/issued,/api/v1/doctor
internal/app/finance_routes.go,POST,/api/v1/doctor/vet/prescriptions/:prescriptionId/send,/api/v1/doctor
internal/app/finance_routes.go,GET,/api/v1/doctor/vet/product-fulfilments,/api/v1/doctor
internal/app/finance_routes.go,GET,/api/v1/doctor/vet/product-fulfilments/:id,/api/v1/doctor
internal/app/finance_routes.go,GET,/api/v1/doctor/vet/products,/api/v1/doctor
internal/app/finance_routes.go,GET,/api/v1/doctor/vet/products/:productId,/api/v1/doctor
internal/app/finance_routes.go,GET,/api/v1/doctor/vet/profile/documents,/api/v1/doctor
internal/app/finance_routes.go,PUT,/api/v1/doctor/vet/profile/draft,/api/v1/doctor
internal/app/finance_routes.go,GET,/api/v1/doctor/vet/profile/draft,/api/v1/doctor
internal/app/finance_routes.go,POST,/api/v1/doctor/vet/profile/publish,/api/v1/doctor
internal/app/finance_routes.go,POST,/api/v1/doctor/vet/recommendations,/api/v1/doctor
internal/app/finance_routes.go,GET,/api/v1/doctor/vet/recommendations,/api/v1/doctor
internal/app/finance_routes.go,POST,/api/v1/doctor/vet/recommendations/:recommendationId/share,/api/v1/doctor
internal/app/finance_routes.go,POST,/api/v1/doctor/vet/referrals,/api/v1/doctor
internal/app/finance_routes.go,GET,/api/v1/doctor/vet/refills,/api/v1/doctor
internal/app/finance_routes.go,POST,/api/v1/doctor/vet/refills,/api/v1/doctor
internal/app/finance_routes.go,POST,/api/v1/doctor/vet/refills/:refillId/review,/api/v1/doctor
internal/app/finance_routes.go,POST,/api/v1/doctor/vet/requests/:requestId/respond,/api/v1/doctor
internal/app/finance_routes.go,POST,/api/v1/doctor/vet/soap-notes,/api/v1/doctor
internal/app/finance_routes.go,GET,/api/v1/doctor/vet/specialists,/api/v1/doctor
internal/app/finance_routes.go,POST,/api/v1/doctor/vet/vaccination-reminders,/api/v1/doctor
internal/app/finance_routes.go,POST,/api/v1/doctor/vet/verification,/api/v1/doctor
internal/app/finance_routes.go,GET,/api/v1/doctor/vet/verification,/api/v1/doctor
internal/app/finance_routes.go,GET,/api/v1/doctor/wallet/balance,/api/v1/doctor
internal/app/finance_routes.go,GET,/api/v1/doctor/ws,/api/v1/doctor
internal/app/finance_routes.go,GET,/api/v1/fx/activity,/api/v1/fx
internal/app/finance_routes.go,GET,/api/v1/fx/api-keys,/api/v1/fx
internal/app/finance_routes.go,POST,/api/v1/fx/api-keys,/api/v1/fx
internal/app/finance_routes.go,POST,/api/v1/fx/api-keys/:id/rotate,/api/v1/fx
internal/app/finance_routes.go,GET,/api/v1/fx/approvals,/api/v1/fx
internal/app/finance_routes.go,POST,/api/v1/fx/approvals/:id/approve,/api/v1/fx
internal/app/finance_routes.go,POST,/api/v1/fx/approvals/:id/reject,/api/v1/fx
internal/app/finance_routes.go,GET,/api/v1/fx/approvals/thresholds,/api/v1/fx
internal/app/finance_routes.go,PATCH,/api/v1/fx/approvals/thresholds/:id,/api/v1/fx
internal/app/finance_routes.go,GET,/api/v1/fx/balances,/api/v1/fx
internal/app/finance_routes.go,POST,/api/v1/fx/balances,/api/v1/fx
internal/app/finance_routes.go,GET,/api/v1/fx/beneficiaries,/api/v1/fx
internal/app/finance_routes.go,POST,/api/v1/fx/beneficiaries,/api/v1/fx
internal/app/finance_routes.go,PUT,/api/v1/fx/beneficiaries/:id,/api/v1/fx
internal/app/finance_routes.go,PATCH,/api/v1/fx/beneficiaries/:id,/api/v1/fx
internal/app/finance_routes.go,DELETE,/api/v1/fx/beneficiaries/:id,/api/v1/fx
internal/app/finance_routes.go,POST,/api/v1/fx/beneficiaries/validate,/api/v1/fx
internal/app/finance_routes.go,GET,/api/v1/fx/cards,/api/v1/fx
internal/app/finance_routes.go,POST,/api/v1/fx/cards,/api/v1/fx
internal/app/finance_routes.go,GET,/api/v1/fx/cards/:id,/api/v1/fx
internal/app/finance_routes.go,PATCH,/api/v1/fx/cards/:id/controls,/api/v1/fx
internal/app/finance_routes.go,POST,/api/v1/fx/cards/:id/freeze,/api/v1/fx
internal/app/finance_routes.go,POST,/api/v1/fx/cards/:id/fund,/api/v1/fx
internal/app/finance_routes.go,POST,/api/v1/fx/cards/:id/reveal,/api/v1/fx
internal/app/finance_routes.go,POST,/api/v1/fx/cards/:id/terminate,/api/v1/fx
internal/app/finance_routes.go,GET,/api/v1/fx/cards/:id/transactions,/api/v1/fx
internal/app/finance_routes.go,POST,/api/v1/fx/cards/:id/unfreeze,/api/v1/fx
internal/app/finance_routes.go,GET,/api/v1/fx/collections,/api/v1/fx
internal/app/finance_routes.go,POST,/api/v1/fx/collections/virtual-accounts,/api/v1/fx
internal/app/finance_routes.go,GET,/api/v1/fx/collections/virtual-accounts,/api/v1/fx
internal/app/finance_routes.go,POST,/api/v1/fx/conversions,/api/v1/fx
internal/app/finance_routes.go,POST,/api/v1/fx/customers,/api/v1/fx
internal/app/finance_routes.go,GET,/api/v1/fx/customers/verification,/api/v1/fx
internal/app/finance_routes.go,POST,/api/v1/fx/customers/verification/restart,/api/v1/fx
internal/app/finance_routes.go,GET,/api/v1/fx/limits,/api/v1/fx
internal/app/finance_routes.go,GET,/api/v1/fx/notifications,/api/v1/fx
internal/app/finance_routes.go,PATCH,/api/v1/fx/notifications/:id,/api/v1/fx
internal/app/finance_routes.go,POST,/api/v1/fx/notifications/read-all,/api/v1/fx
internal/app/finance_routes.go,POST,/api/v1/fx/quotes,/api/v1/fx
internal/app/finance_routes.go,POST,/api/v1/fx/quotes/:id/lock,/api/v1/fx
internal/app/finance_routes.go,GET,/api/v1/fx/rate-alerts,/api/v1/fx
internal/app/finance_routes.go,POST,/api/v1/fx/rate-alerts,/api/v1/fx
internal/app/finance_routes.go,DELETE,/api/v1/fx/rate-alerts/:id,/api/v1/fx
internal/app/finance_routes.go,GET,/api/v1/fx/rates,/api/v1/fx
internal/app/finance_routes.go,GET,/api/v1/fx/rates/history,/api/v1/fx
internal/app/finance_routes.go,GET,/api/v1/fx/settings,/api/v1/fx
internal/app/finance_routes.go,PATCH,/api/v1/fx/settings,/api/v1/fx
internal/app/finance_routes.go,PATCH,/api/v1/fx/settings/notifications,/api/v1/fx
internal/app/finance_routes.go,POST,/api/v1/fx/settings/stablecoin-addresses,/api/v1/fx
internal/app/finance_routes.go,DELETE,/api/v1/fx/settings/stablecoin-addresses/:id,/api/v1/fx
internal/app/finance_routes.go,GET,/api/v1/fx/team,/api/v1/fx
internal/app/finance_routes.go,PATCH,/api/v1/fx/team/:id,/api/v1/fx
internal/app/finance_routes.go,GET,/api/v1/fx/transactions,/api/v1/fx
internal/app/finance_routes.go,GET,/api/v1/fx/transactions/:id,/api/v1/fx
internal/app/finance_routes.go,POST,/api/v1/fx/transactions/:id/dispute,/api/v1/fx
internal/app/finance_routes.go,POST,/api/v1/fx/transfers,/api/v1/fx
internal/app/finance_routes.go,GET,/api/v1/fx/transfers/:reference,/api/v1/fx
internal/app/finance_routes.go,GET,/api/v1/fx/webhooks,/api/v1/fx
internal/app/finance_routes.go,POST,/api/v1/fx/webhooks,/api/v1/fx
internal/app/finance_routes.go,PATCH,/api/v1/fx/webhooks/:id,/api/v1/fx
internal/app/finance_routes.go,DELETE,/api/v1/fx/webhooks/:id,/api/v1/fx
internal/app/finance_routes.go,POST,/api/v1/fx/webhooks/:provider,(root)
internal/app/finance_routes.go,GET,/api/v1/pharmacy/cart,/api/v1/pharmacy
internal/app/finance_routes.go,POST,/api/v1/pharmacy/cart,/api/v1/pharmacy
internal/app/finance_routes.go,DELETE,/api/v1/pharmacy/cart,/api/v1/pharmacy
internal/app/finance_routes.go,PATCH,/api/v1/pharmacy/cart/:product_id,/api/v1/pharmacy
internal/app/finance_routes.go,DELETE,/api/v1/pharmacy/cart/:product_id,/api/v1/pharmacy
internal/app/finance_routes.go,GET,/api/v1/pharmacy/products,/api/v1/pharmacy
internal/app/finance_routes.go,GET,/api/v1/promotions/banners,/api/v1/promotions
internal/app/finance_routes.go,GET,/api/v1/telemedicine/admin/appointments,/api/v1/telemedicine/admin
internal/app/finance_routes.go,GET,/api/v1/telemedicine/admin/dashboard,/api/v1/telemedicine/admin
internal/app/finance_routes.go,GET,/api/v1/telemedicine/admin/doctors,/api/v1/telemedicine/admin
internal/app/finance_routes.go,POST,/api/v1/telemedicine/admin/doctors/:userId/verify,/api/v1/telemedicine/admin
internal/app/finance_routes.go,POST,/api/v1/telemedicine/appointments,/api/v1/telemedicine
internal/app/finance_routes.go,GET,/api/v1/telemedicine/appointments,/api/v1/telemedicine
internal/app/finance_routes.go,GET,/api/v1/telemedicine/appointments/:id,/api/v1/telemedicine
internal/app/finance_routes.go,DELETE,/api/v1/telemedicine/appointments/:id,/api/v1/telemedicine
internal/app/finance_routes.go,POST,/api/v1/telemedicine/appointments/:id/cancel,/api/v1/telemedicine
internal/app/finance_routes.go,POST,/api/v1/telemedicine/appointments/:id/complete,/api/v1/telemedicine
internal/app/finance_routes.go,POST,/api/v1/telemedicine/appointments/:id/confirm,/api/v1/telemedicine
internal/app/finance_routes.go,POST,/api/v1/telemedicine/appointments/:id/prescription,/api/v1/telemedicine
internal/app/finance_routes.go,GET,/api/v1/telemedicine/appointments/:id/prescription,/api/v1/telemedicine
internal/app/finance_routes.go,POST,/api/v1/telemedicine/appointments/:id/reschedule,/api/v1/telemedicine
internal/app/finance_routes.go,POST,/api/v1/telemedicine/appointments/:id/review,/api/v1/telemedicine
internal/app/finance_routes.go,GET,/api/v1/telemedicine/appointments/:id/summary,/api/v1/telemedicine
internal/app/finance_routes.go,PATCH,/api/v1/telemedicine/doctor/availability,/api/v1/telemedicine
internal/app/finance_routes.go,GET,/api/v1/telemedicine/doctor/dashboard,/api/v1/telemedicine
internal/app/finance_routes.go,POST,/api/v1/telemedicine/doctor/licence,/api/v1/telemedicine
internal/app/finance_routes.go,POST,/api/v1/telemedicine/doctor/notes,/api/v1/telemedicine
internal/app/finance_routes.go,POST,/api/v1/telemedicine/doctor/register,/api/v1/telemedicine
internal/app/finance_routes.go,GET,/api/v1/telemedicine/doctors,/api/v1/telemedicine
internal/app/finance_routes.go,POST,/api/v1/telemedicine/doctors,/api/v1/telemedicine
internal/app/finance_routes.go,GET,/api/v1/telemedicine/doctors/:id,/api/v1/telemedicine
internal/app/finance_routes.go,GET,/api/v1/telemedicine/doctors/:id/availability,/api/v1/telemedicine
internal/app/finance_routes.go,GET,/api/v1/telemedicine/doctors/:id/reviews,/api/v1/telemedicine
internal/app/finance_routes.go,GET,/api/v1/telemedicine/specialties,/api/v1/telemedicine
internal/app/finance_routes.go,POST,/api/webhooks/maplerad/go,(root)
internal/app/finance_routes.go,POST,/api/webhooks/monnify/go,(root)
internal/app/finance_routes.go,POST,/api/webhooks/paystack/go,(root)
internal/app/health_lab_routes.go,POST,/api/finance/health/lab/orders,/api/finance/health/lab
internal/app/health_lab_routes.go,GET,/api/finance/health/lab/orders,/api/finance/health/lab
internal/app/health_lab_routes.go,GET,/api/finance/health/lab/orders/:id,/api/finance/health/lab
internal/app/health_lab_routes.go,POST,/api/finance/health/lab/orders/:id/cancel,/api/finance/health/lab
internal/app/health_lab_routes.go,POST,/api/finance/health/lab/orders/:id/collect,/api/finance/health/lab
internal/app/health_lab_routes.go,GET,/api/finance/health/lab/orders/:id/custody,/api/finance/health/lab
internal/app/health_lab_routes.go,POST,/api/finance/health/lab/orders/:id/release,/api/finance/health/lab
internal/app/health_lab_routes.go,GET,/api/finance/health/lab/orders/:id/results,/api/finance/health/lab
internal/app/health_lab_routes.go,POST,/api/finance/health/lab/orders/:id/results,/api/finance/health/lab
internal/app/health_lab_routes.go,POST,/api/finance/health/lab/orders/:id/schedule,/api/finance/health/lab
internal/app/health_lab_routes.go,GET,/api/finance/health/lab/packages,/api/finance/health/lab
internal/app/health_lab_routes.go,GET,/api/finance/health/lab/provider/orders,/api/finance/health/lab
internal/app/health_lab_routes.go,POST,/api/finance/health/lab/samples/:id/accession,/api/finance/health/lab
internal/app/health_lab_routes.go,POST,/api/finance/health/lab/samples/:id/breach,/api/finance/health/lab
internal/app/health_lab_routes.go,POST,/api/finance/health/lab/samples/:id/handover,/api/finance/health/lab
internal/app/health_lab_routes.go,GET,/api/finance/health/lab/tests,/api/finance/health/lab
internal/app/health_lab_routes.go,POST,/api/finance/health/lab/tests,/api/finance/health/lab
internal/app/health_lab_routes.go,GET,/api/health/lab/admin/custody-audit,/api/health/lab/admin
internal/app/health_lab_routes.go,GET,/api/health/lab/admin/dashboard,/api/health/lab/admin
internal/app/health_lab_routes.go,GET,/api/health/lab/admin/escalations,/api/health/lab/admin
internal/app/health_lab_routes.go,GET,/api/health/lab/admin/orders,/api/health/lab/admin
internal/app/health_lab_routes.go,POST,/api/health/lab/admin/tests/:id/deactivate,/api/health/lab/admin
internal/app/health_pharmacy_routes.go,GET,/api/finance/health/pharmacy/earnings,/api/finance/health/pharmacy
internal/app/health_pharmacy_routes.go,POST,/api/finance/health/pharmacy/orders,/api/finance/health/pharmacy
internal/app/health_pharmacy_routes.go,GET,/api/finance/health/pharmacy/orders,/api/finance/health/pharmacy
internal/app/health_pharmacy_routes.go,GET,/api/finance/health/pharmacy/orders/:id,/api/finance/health/pharmacy
internal/app/health_pharmacy_routes.go,POST,/api/finance/health/pharmacy/orders/:id/cancel,/api/finance/health/pharmacy
internal/app/health_pharmacy_routes.go,POST,/api/finance/health/pharmacy/orders/:id/complete,/api/finance/health/pharmacy
internal/app/health_pharmacy_routes.go,POST,/api/finance/health/pharmacy/orders/:id/confirm,/api/finance/health/pharmacy
internal/app/health_pharmacy_routes.go,POST,/api/finance/health/pharmacy/orders/:id/dispatch,/api/finance/health/pharmacy
internal/app/health_pharmacy_routes.go,POST,/api/finance/health/pharmacy/orders/:id/dispense,/api/finance/health/pharmacy
internal/app/health_pharmacy_routes.go,POST,/api/finance/health/pharmacy/orders/:id/reviews,/api/finance/health/pharmacy
internal/app/health_pharmacy_routes.go,GET,/api/finance/health/pharmacy/orders/mine,/api/finance/health/pharmacy
internal/app/health_pharmacy_routes.go,GET,/api/finance/health/pharmacy/pharmacies,/api/finance/health/pharmacy
internal/app/health_pharmacy_routes.go,GET,/api/finance/health/pharmacy/pharmacies/:id,/api/finance/health/pharmacy
internal/app/health_pharmacy_routes.go,POST,/api/finance/health/pharmacy/pharmacies/:id/profile,/api/finance/health/pharmacy
internal/app/health_pharmacy_routes.go,GET,/api/finance/health/pharmacy/pharmacies/:id/reviews,/api/finance/health/pharmacy
internal/app/health_pharmacy_routes.go,GET,/api/finance/health/pharmacy/prescriptions,/api/finance/health/pharmacy
internal/app/health_pharmacy_routes.go,POST,/api/finance/health/pharmacy/prescriptions/:id/verify,/api/finance/health/pharmacy
internal/app/health_pharmacy_routes.go,GET,/api/finance/health/pharmacy/products,/api/finance/health/pharmacy
internal/app/health_pharmacy_routes.go,POST,/api/finance/health/pharmacy/products,/api/finance/health/pharmacy
internal/app/health_pharmacy_routes.go,GET,/api/finance/health/pharmacy/products/:id,/api/finance/health/pharmacy
internal/app/health_pharmacy_routes.go,GET,/api/finance/health/pharmacy/products/mine,/api/finance/health/pharmacy
internal/app/health_pharmacy_routes.go,GET,/api/health/pharmacy/admin/dashboard,/api/health/pharmacy/admin
internal/app/health_pharmacy_routes.go,GET,/api/health/pharmacy/admin/dispense-audit,/api/health/pharmacy/admin
internal/app/health_pharmacy_routes.go,GET,/api/health/pharmacy/admin/orders,/api/health/pharmacy/admin
internal/app/health_pharmacy_routes.go,GET,/api/health/pharmacy/admin/orders/:id,/api/health/pharmacy/admin
internal/app/health_pharmacy_routes.go,POST,/api/health/pharmacy/admin/products/:id/recall,/api/health/pharmacy/admin
internal/app/health_routes.go,POST,/api/finance/health/appointments,/api/finance/health
internal/app/health_routes.go,GET,/api/finance/health/appointments,/api/finance/health
internal/app/health_routes.go,POST,/api/finance/health/appointments/:id/reschedule,/api/finance/health
internal/app/health_routes.go,POST,/api/finance/health/appointments/:id/transition,/api/finance/health
internal/app/health_routes.go,POST,/api/finance/health/consent,/api/finance/health
internal/app/health_routes.go,GET,/api/finance/health/consent,/api/finance/health
internal/app/health_routes.go,POST,/api/finance/health/consults/:id/complete,/api/finance/health
internal/app/health_routes.go,GET,/api/finance/health/consults/:id/lobby,/api/finance/health
internal/app/health_routes.go,POST,/api/finance/health/consults/:id/notes,/api/finance/health
internal/app/health_routes.go,POST,/api/finance/health/consults/:id/start,/api/finance/health
internal/app/health_routes.go,GET,/api/finance/health/intake/:schemaId,/api/finance/health
internal/app/health_routes.go,POST,/api/finance/health/intake/:schemaId/responses,/api/finance/health
internal/app/health_routes.go,GET,/api/finance/health/intake/appointments/:appointmentId,/api/finance/health/intake
internal/app/health_routes.go,POST,/api/finance/health/intake/appointments/:appointmentId/attachments,/api/finance/health/intake
internal/app/health_routes.go,POST,/api/finance/health/intake/appointments/:appointmentId/attachments/presign,/api/finance/health/intake
internal/app/health_routes.go,GET,/api/finance/health/intake/appointments/:appointmentId/doctor-summary,/api/finance/health/intake
internal/app/health_routes.go,PUT,/api/finance/health/intake/appointments/:appointmentId/draft,/api/finance/health/intake
internal/app/health_routes.go,POST,/api/finance/health/intake/appointments/:appointmentId/submit,/api/finance/health/intake
internal/app/health_routes.go,GET,/api/finance/health/intake/health-profile,/api/finance/health/intake
internal/app/health_routes.go,POST,/api/finance/health/intake/symptom-assist,/api/finance/health/intake
internal/app/health_routes.go,GET,/api/finance/health/pharmacy/classes/:id/skus,/api/finance/health/pharmacy
internal/app/health_routes.go,POST,/api/finance/health/pharmacy/symptom-search,/api/finance/health/pharmacy
internal/app/health_routes.go,POST,/api/finance/health/prescriptions,/api/finance/health
internal/app/health_routes.go,GET,/api/finance/health/prescriptions/:id,/api/finance/health
internal/app/health_routes.go,POST,/api/finance/health/prescriptions/:id/dispense,/api/finance/health
internal/app/health_routes.go,POST,/api/finance/health/prescriptions/:id/send,/api/finance/health
internal/app/health_routes.go,POST,/api/finance/health/prescriptions/:id/verify,/api/finance/health
internal/app/health_routes.go,POST,/api/finance/health/providers/applications,/api/finance/health
internal/app/health_routes.go,GET,/api/finance/health/providers/applications,/api/finance/health
internal/app/health_routes.go,GET,/api/finance/health/providers/applications/:id,/api/finance/health
internal/app/health_routes.go,POST,/api/finance/health/providers/applications/:id/credentials,/api/finance/health
internal/app/health_routes.go,POST,/api/finance/health/providers/applications/:id/credentials/presign,/api/finance/health
internal/app/health_routes.go,POST,/api/finance/health/providers/applications/:id/submit,/api/finance/health
internal/app/health_routes.go,POST,/api/finance/health/records,/api/finance/health
internal/app/health_routes.go,GET,/api/finance/health/records/:subjectId,/api/finance/health
internal/app/health_routes.go,DELETE,/api/finance/health/records/:subjectId,/api/finance/health
internal/app/health_routes.go,GET,/api/finance/health/records/:subjectId/access-log,/api/finance/health
internal/app/health_routes.go,POST,/api/finance/health/records/:subjectId/docs,/api/finance/health
internal/app/health_routes.go,GET,/api/finance/health/vet/verification/documents/:docId/url,/api/finance/health/vet/verification
internal/app/health_routes.go,GET,/api/finance/health/vet/verification/status,/api/finance/health/vet/verification
internal/app/health_routes.go,POST,/api/finance/health/vet/verification/submit,/api/finance/health/vet/verification
internal/app/health_routes.go,GET,/api/health/admin/intake/access-log,/api/health/admin/intake
internal/app/health_routes.go,GET,/api/health/admin/intake/analytics,/api/health/admin/intake
internal/app/health_routes.go,GET,/api/health/admin/intake/config/:key,/api/health/admin/intake
internal/app/health_routes.go,PUT,/api/health/admin/intake/config/:key,/api/health/admin/intake
internal/app/health_routes.go,GET,/api/health/admin/intake/consent-versions,/api/health/admin/intake
internal/app/health_routes.go,POST,/api/health/admin/intake/consent-versions,/api/health/admin/intake
internal/app/health_routes.go,GET,/api/health/admin/intake/monitoring,/api/health/admin/intake
internal/app/health_routes.go,GET,/api/health/admin/intake/records/:appointmentId,/api/health/admin/intake
internal/app/health_routes.go,GET,/api/health/admin/intake/red-flag-queue,/api/health/admin/intake
internal/app/health_routes.go,GET,/api/health/admin/intake/rules,/api/health/admin/intake
internal/app/health_routes.go,POST,/api/health/admin/intake/rules,/api/health/admin/intake
internal/app/health_routes.go,POST,/api/health/admin/intake/rules/:code/toggle,/api/health/admin/intake
internal/app/health_routes.go,POST,/api/health/admin/intake/schemas,/api/health/admin
internal/app/health_routes.go,GET,/api/health/admin/intake/vocab,/api/health/admin/intake
internal/app/health_routes.go,POST,/api/health/admin/intake/vocab,/api/health/admin/intake
internal/app/health_routes.go,POST,/api/health/admin/providers/applications/:id/decision,/api/health/admin
internal/app/health_routes.go,GET,/api/health/doctor/admin/verification/:verificationId,/api/health/doctor/admin/verification
internal/app/health_routes.go,POST,/api/health/doctor/admin/verification/:verificationId/decision,/api/health/doctor/admin/verification
internal/app/health_routes.go,GET,/api/health/doctor/admin/verification/documents/:docId/url,/api/health/doctor/admin/verification
internal/app/health_routes.go,GET,/api/health/doctor/admin/verification/queue,/api/health/doctor/admin/verification
internal/app/health_routes.go,GET,/api/health/pharmacy/admin/symptom/mappings,/api/health/pharmacy/admin/symptom
internal/app/health_routes.go,POST,/api/health/pharmacy/admin/symptom/mappings,/api/health/pharmacy/admin/symptom
internal/app/health_routes.go,GET,/api/health/pharmacy/admin/symptom/metrics,/api/health/pharmacy/admin/symptom
internal/app/health_routes.go,GET,/api/health/pharmacy/admin/symptom/reviews,/api/health/pharmacy/admin/symptom
internal/app/health_routes.go,GET,/api/health/pharmacy/admin/symptom/reviews/:id,/api/health/pharmacy/admin/symptom
internal/app/health_routes.go,POST,/api/health/pharmacy/admin/symptom/reviews/:id/decision,/api/health/pharmacy/admin/symptom
internal/app/health_routes.go,GET,/api/health/vet/admin/verification/:recordId,/api/health/vet/admin/verification
internal/app/health_routes.go,POST,/api/health/vet/admin/verification/:recordId/decision,/api/health/vet/admin/verification
internal/app/health_routes.go,GET,/api/health/vet/admin/verification/documents/:docId/url,/api/health/vet/admin/verification
internal/app/health_routes.go,GET,/api/health/vet/admin/verification/queue,/api/health/vet/admin/verification
internal/app/health_vet_routes.go,POST,/api/finance/health/vet/appointments,/api/finance/health/vet
internal/app/health_vet_routes.go,GET,/api/finance/health/vet/appointments,/api/finance/health/vet
internal/app/health_vet_routes.go,GET,/api/finance/health/vet/appointments/:id,/api/finance/health/vet
internal/app/health_vet_routes.go,POST,/api/finance/health/vet/appointments/:id/accept,/api/finance/health/vet
internal/app/health_vet_routes.go,POST,/api/finance/health/vet/appointments/:id/cancel,/api/finance/health/vet
internal/app/health_vet_routes.go,POST,/api/finance/health/vet/appointments/:id/confirm,/api/finance/health/vet
internal/app/health_vet_routes.go,POST,/api/finance/health/vet/appointments/:id/dispatch,/api/finance/health/vet
internal/app/health_vet_routes.go,POST,/api/finance/health/vet/consults/:id/complete,/api/finance/health/vet
internal/app/health_vet_routes.go,POST,/api/finance/health/vet/consults/:id/start,/api/finance/health/vet
internal/app/health_vet_routes.go,POST,/api/finance/health/vet/pets,/api/finance/health/vet
internal/app/health_vet_routes.go,GET,/api/finance/health/vet/pets,/api/finance/health/vet
internal/app/health_vet_routes.go,POST,/api/finance/health/vet/pets/:id/vaccinations,/api/finance/health/vet
internal/app/health_vet_routes.go,POST,/api/finance/health/vet/services,/api/finance/health/vet
internal/app/health_vet_routes.go,POST,/api/finance/health/vet/sos,/api/finance/health/vet
internal/app/health_vet_routes.go,GET,/api/finance/health/vet/vets,/api/finance/health/vet
internal/app/health_vet_routes.go,GET,/api/health/vet/admin/appointments,/api/health/vet/admin
internal/app/health_vet_routes.go,GET,/api/health/vet/admin/dashboard,/api/health/vet/admin
internal/app/health_vet_routes.go,GET,/api/health/vet/admin/erx-audit,/api/health/vet/admin
internal/app/health_vet_routes.go,POST,/api/health/vet/admin/services/:id/deactivate,/api/health/vet/admin
internal/app/health_vet_routes.go,GET,/api/health/vet/admin/vcn-audit,/api/health/vet/admin
internal/app/insurance_routes.go,GET,/api/finance/insurance/consent,/api/finance/insurance
internal/app/insurance_routes.go,POST,/api/finance/insurance/consent,/api/finance/insurance
internal/app/insurance_routes.go,POST,/api/finance/insurance/policies,/api/finance/insurance
internal/app/insurance_routes.go,GET,/api/finance/insurance/policies,/api/finance/insurance
internal/app/insurance_routes.go,GET,/api/finance/insurance/policies/:id,/api/finance/insurance
internal/app/insurance_routes.go,GET,/api/finance/insurance/policies/:id/beneficiaries,/api/finance/insurance
internal/app/insurance_routes.go,POST,/api/finance/insurance/policies/:id/beneficiaries,/api/finance/insurance
internal/app/insurance_routes.go,POST,/api/finance/insurance/policies/:id/cancel,/api/finance/insurance
internal/app/insurance_routes.go,GET,/api/finance/insurance/policies/:id/certificate,/api/finance/insurance
internal/app/insurance_routes.go,GET,/api/finance/insurance/products,/api/finance/insurance
internal/app/insurance_routes.go,GET,/api/finance/insurance/products/:code,/api/finance/insurance
internal/app/insurance_routes.go,GET,/api/finance/insurance/products/:code/options/:field,/api/finance/insurance
internal/app/insurance_routes.go,GET,/api/finance/insurance/products/:code/schema,/api/finance/insurance
internal/app/insurance_routes.go,POST,/api/finance/insurance/quotes,/api/finance/insurance
internal/app/insurance_routes.go,GET,/api/finance/insurance/quotes/:id,/api/finance/insurance
internal/app/insurance_routes.go,POST,/api/finance/insurance/uploads,/api/finance/insurance
internal/app/insurance_routes.go,GET,/api/insurance/admin/catalog,/api/insurance/admin
internal/app/insurance_routes.go,PATCH,/api/insurance/admin/catalog/:code/active,/api/insurance/admin
internal/app/insurance_routes.go,POST,/api/insurance/admin/catalog/activate-purchasable,/api/insurance/admin
internal/app/insurance_routes.go,POST,/api/insurance/admin/catalog/sync,/api/insurance/admin
internal/app/insurance_routes.go,GET,/api/insurance/admin/dashboard,/api/insurance/admin
internal/app/insurance_routes.go,GET,/api/insurance/admin/policies,/api/insurance/admin
internal/app/insurance_routes.go,GET,/api/insurance/admin/providers,/api/insurance/admin
internal/app/insurance_routes.go,POST,/api/insurance/admin/providers/:provider/float/reset,/api/insurance/admin
internal/app/insurance_routes.go,PATCH,/api/insurance/admin/routing/:code,/api/insurance/admin
internal/app/internal_ledger_routes.go,GET,/internal/finance/ledger/balance,/internal/finance/ledger
internal/app/internal_ledger_routes.go,POST,/internal/finance/ledger/journal,/internal/finance/ledger
internal/app/marketplace_routes.go,GET,/api/v1/realtime/stream,/api/v1/realtime
internal/app/marketplace_routes.go,GET,/v1/marketplace/admin/activity-feed,/v1/marketplace/admin
internal/app/marketplace_routes.go,GET,/v1/marketplace/admin/analytics,/v1/marketplace/admin
internal/app/marketplace_routes.go,GET,/v1/marketplace/admin/appeals,/v1/marketplace/admin
internal/app/marketplace_routes.go,GET,/v1/marketplace/admin/appeals/:id,/v1/marketplace/admin
internal/app/marketplace_routes.go,POST,/v1/marketplace/admin/appeals/:id/approve,/v1/marketplace/admin
internal/app/marketplace_routes.go,POST,/v1/marketplace/admin/appeals/:id/decide,/v1/marketplace/admin
internal/app/marketplace_routes.go,PATCH,/v1/marketplace/admin/appeals/:id/status,/v1/marketplace/admin
internal/app/marketplace_routes.go,GET,/v1/marketplace/admin/audit-log,/v1/marketplace/admin
internal/app/marketplace_routes.go,GET,/v1/marketplace/admin/boosts,/v1/marketplace/admin
internal/app/marketplace_routes.go,POST,/v1/marketplace/admin/boosts/:id/reject,/v1/marketplace/admin
internal/app/marketplace_routes.go,GET,/v1/marketplace/admin/cms/banners,/v1/marketplace/admin
internal/app/marketplace_routes.go,POST,/v1/marketplace/admin/cms/banners,/v1/marketplace/admin
internal/app/marketplace_routes.go,PATCH,/v1/marketplace/admin/cms/banners/:id,/v1/marketplace/admin
internal/app/marketplace_routes.go,PATCH,/v1/marketplace/admin/cms/banners/:id/status,/v1/marketplace/admin
internal/app/marketplace_routes.go,GET,/v1/marketplace/admin/cms/categories/:categoryId/content,/v1/marketplace/admin
internal/app/marketplace_routes.go,PUT,/v1/marketplace/admin/cms/categories/:categoryId/content,/v1/marketplace/admin
internal/app/marketplace_routes.go,GET,/v1/marketplace/admin/flags,/v1/marketplace/admin
internal/app/marketplace_routes.go,POST,/v1/marketplace/admin/flags/:id/action,/v1/marketplace/admin
internal/app/marketplace_routes.go,GET,/v1/marketplace/admin/fraud/signals,/v1/marketplace/admin
internal/app/marketplace_routes.go,POST,/v1/marketplace/admin/listings/:id/approve,/v1/marketplace/admin
internal/app/marketplace_routes.go,POST,/v1/marketplace/admin/listings/:id/reject,/v1/marketplace/admin
internal/app/marketplace_routes.go,GET,/v1/marketplace/admin/metrics,/v1/marketplace/admin
internal/app/marketplace_routes.go,GET,/v1/marketplace/admin/moderation/queue,/v1/marketplace/admin
internal/app/marketplace_routes.go,GET,/v1/marketplace/admin/pricing/boosts,/v1/marketplace/admin
internal/app/marketplace_routes.go,PUT,/v1/marketplace/admin/pricing/boosts,/v1/marketplace/admin
internal/app/marketplace_routes.go,GET,/v1/marketplace/admin/pricing/boosts/daily-rate,/v1/marketplace/admin
internal/app/marketplace_routes.go,PUT,/v1/marketplace/admin/pricing/boosts/daily-rate,/v1/marketplace/admin
internal/app/marketplace_routes.go,GET,/v1/marketplace/admin/taxonomy/categories,/v1/marketplace/admin
internal/app/marketplace_routes.go,POST,/v1/marketplace/admin/taxonomy/categories,/v1/marketplace/admin
internal/app/marketplace_routes.go,GET,/v1/marketplace/admin/taxonomy/categories/:id,/v1/marketplace/admin
internal/app/marketplace_routes.go,PATCH,/v1/marketplace/admin/taxonomy/categories/:id,/v1/marketplace/admin
internal/app/marketplace_routes.go,PATCH,/v1/marketplace/admin/taxonomy/categories/:id/active,/v1/marketplace/admin
internal/app/marketplace_routes.go,GET,/v1/marketplace/admin/users,/v1/marketplace/admin
internal/app/marketplace_routes.go,GET,/v1/marketplace/admin/users/:id,/v1/marketplace/admin
internal/app/marketplace_routes.go,POST,/v1/marketplace/admin/users/:id/action/approve,/v1/marketplace/admin
internal/app/marketplace_routes.go,POST,/v1/marketplace/admin/users/:id/audit/view-as,/v1/marketplace/admin
internal/app/marketplace_routes.go,POST,/v1/marketplace/admin/users/:id/blacklist,/v1/marketplace/admin
internal/app/marketplace_routes.go,POST,/v1/marketplace/admin/users/:id/kyc/review,/v1/marketplace/admin
internal/app/marketplace_routes.go,POST,/v1/marketplace/admin/users/:id/status,/v1/marketplace/admin
internal/app/marketplace_routes.go,POST,/v1/marketplace/appeals,/v1/marketplace
internal/app/marketplace_routes.go,POST,/v1/marketplace/blocks,/v1/marketplace
internal/app/marketplace_routes.go,GET,/v1/marketplace/blocks,/v1/marketplace
internal/app/marketplace_routes.go,DELETE,/v1/marketplace/blocks/:id,/v1/marketplace
internal/app/marketplace_routes.go,POST,/v1/marketplace/boosts,/v1/marketplace
internal/app/marketplace_routes.go,GET,/v1/marketplace/boosts/:id,/v1/marketplace
internal/app/marketplace_routes.go,POST,/v1/marketplace/boosts/:id/cancel,/v1/marketplace
internal/app/marketplace_routes.go,GET,/v1/marketplace/boosts/quote,/v1/marketplace
internal/app/marketplace_routes.go,GET,/v1/marketplace/boosts/tiers,/v1/marketplace
internal/app/marketplace_routes.go,GET,/v1/marketplace/categories,/v1/marketplace
internal/app/marketplace_routes.go,GET,/v1/marketplace/categories/:id,/v1/marketplace
internal/app/marketplace_routes.go,POST,/v1/marketplace/deals/:id/mark-met,/v1/marketplace
internal/app/marketplace_routes.go,POST,/v1/marketplace/deals/:id/review,/v1/marketplace
internal/app/marketplace_routes.go,GET,/v1/marketplace/deals/:id/review,/v1/marketplace
internal/app/marketplace_routes.go,GET,/v1/marketplace/followed-sellers,/v1/marketplace
internal/app/marketplace_routes.go,POST,/v1/marketplace/listings,/v1/marketplace
internal/app/marketplace_routes.go,GET,/v1/marketplace/listings/:id,/v1/marketplace
internal/app/marketplace_routes.go,PUT,/v1/marketplace/listings/:id,/v1/marketplace
internal/app/marketplace_routes.go,DELETE,/v1/marketplace/listings/:id,/v1/marketplace
internal/app/marketplace_routes.go,POST,/v1/marketplace/listings/:id/contact,/v1/marketplace
internal/app/marketplace_routes.go,GET,/v1/marketplace/listings/:id/insights,/v1/marketplace
internal/app/marketplace_routes.go,POST,/v1/marketplace/listings/:id/mark-sold,/v1/marketplace
internal/app/marketplace_routes.go,POST,/v1/marketplace/listings/:id/media,/v1/marketplace
internal/app/marketplace_routes.go,DELETE,/v1/marketplace/listings/:id/media/:mediaId,/v1/marketplace
internal/app/marketplace_routes.go,PUT,/v1/marketplace/listings/:id/media/reorder,/v1/marketplace
internal/app/marketplace_routes.go,POST,/v1/marketplace/listings/:id/pause,/v1/marketplace
internal/app/marketplace_routes.go,DELETE,/v1/marketplace/listings/:id/permanent,/v1/marketplace
internal/app/marketplace_routes.go,POST,/v1/marketplace/listings/:id/renew,/v1/marketplace
internal/app/marketplace_routes.go,POST,/v1/marketplace/listings/:id/resume,/v1/marketplace
internal/app/marketplace_routes.go,PATCH,/v1/marketplace/listings/:id/save,/v1/marketplace
internal/app/marketplace_routes.go,POST,/v1/marketplace/listings/:id/save,/v1/marketplace
internal/app/marketplace_routes.go,DELETE,/v1/marketplace/listings/:id/save,/v1/marketplace
internal/app/marketplace_routes.go,POST,/v1/marketplace/listings/:id/submit,/v1/marketplace
internal/app/marketplace_routes.go,POST,/v1/marketplace/media/presign,/v1/marketplace
internal/app/marketplace_routes.go,GET,/v1/marketplace/meetup/safe-spots,/v1/marketplace
internal/app/marketplace_routes.go,GET,/v1/marketplace/my-listings,/v1/marketplace
internal/app/marketplace_routes.go,GET,/v1/marketplace/notification-prefs,/v1/marketplace
internal/app/marketplace_routes.go,PATCH,/v1/marketplace/notification-prefs,/v1/marketplace
internal/app/marketplace_routes.go,GET,/v1/marketplace/notifications,/v1/marketplace
internal/app/marketplace_routes.go,PATCH,/v1/marketplace/notifications/:id,/v1/marketplace
internal/app/marketplace_routes.go,DELETE,/v1/marketplace/notifications/:id,/v1/marketplace
internal/app/marketplace_routes.go,PATCH,/v1/marketplace/notifications/mark-all-read,/v1/marketplace
internal/app/marketplace_routes.go,GET,/v1/marketplace/notifications/unread-count,/v1/marketplace
internal/app/marketplace_routes.go,GET,/v1/marketplace/offers,/v1/marketplace
internal/app/marketplace_routes.go,POST,/v1/marketplace/offers,/v1/marketplace
internal/app/marketplace_routes.go,POST,/v1/marketplace/offers/:id/accept,/v1/marketplace
internal/app/marketplace_routes.go,POST,/v1/marketplace/offers/:id/counter,/v1/marketplace
internal/app/marketplace_routes.go,POST,/v1/marketplace/offers/:id/decline,/v1/marketplace
internal/app/marketplace_routes.go,POST,/v1/marketplace/reports,/v1/marketplace
internal/app/marketplace_routes.go,GET,/v1/marketplace/saved-items,/v1/marketplace
internal/app/marketplace_routes.go,POST,/v1/marketplace/saved-searches,/v1/marketplace
internal/app/marketplace_routes.go,GET,/v1/marketplace/saved-searches,/v1/marketplace
internal/app/marketplace_routes.go,DELETE,/v1/marketplace/saved-searches/:id,/v1/marketplace
internal/app/marketplace_routes.go,PATCH,/v1/marketplace/saved-searches/:id,/v1/marketplace
internal/app/marketplace_routes.go,GET,/v1/marketplace/search,/v1/marketplace
internal/app/marketplace_routes.go,POST,/v1/marketplace/sellers/:id/follow,/v1/marketplace
internal/app/marketplace_routes.go,DELETE,/v1/marketplace/sellers/:id/follow,/v1/marketplace
internal/app/marketplace_routes.go,GET,/v1/marketplace/sellers/:id/listings,/v1/marketplace
internal/app/marketplace_routes.go,GET,/v1/marketplace/sellers/:id/profile,/v1/marketplace
internal/app/marketplace_routes.go,GET,/v1/marketplace/sellers/:id/reviews,/v1/marketplace
internal/app/marketplace_routes.go,POST,/v1/marketplace/threads,/v1/marketplace
internal/app/marketplace_routes.go,GET,/v1/marketplace/threads,/v1/marketplace
internal/app/marketplace_routes.go,GET,/v1/marketplace/threads/:id,/v1/marketplace
internal/app/marketplace_routes.go,GET,/v1/marketplace/threads/:id/messages,/v1/marketplace
internal/app/marketplace_routes.go,POST,/v1/marketplace/threads/:id/messages,/v1/marketplace
internal/app/marketplace_routes.go,POST,/v1/marketplace/verification/business,/v1/marketplace
internal/app/marketplace_routes.go,POST,/v1/marketplace/verification/id,/v1/marketplace
internal/app/misc_routes.go,POST,/api/arena/admin/competitions,/api/arena/admin
internal/app/misc_routes.go,POST,/api/arena/admin/competitions/:id/awards/finalize,/api/arena/admin
internal/app/misc_routes.go,POST,/api/arena/admin/competitions/:id/config/publish,/api/arena/admin
internal/app/misc_routes.go,POST,/api/arena/admin/competitions/:id/credentials/:cid/revoke,/api/arena/admin
internal/app/misc_routes.go,POST,/api/arena/admin/competitions/:id/credentials/issue,/api/arena/admin
internal/app/misc_routes.go,POST,/api/arena/admin/competitions/:id/judge/score,/api/arena/admin
internal/app/misc_routes.go,GET,/api/arena/admin/competitions/:id/merit,/api/arena/admin
internal/app/misc_routes.go,POST,/api/arena/admin/competitions/:id/pot/disburse,/api/arena/admin
internal/app/misc_routes.go,POST,/api/arena/admin/competitions/:id/proctor/attest,/api/arena/admin
internal/app/misc_routes.go,GET,/api/arena/admin/competitions/:id/questions,/api/arena/admin
internal/app/misc_routes.go,POST,/api/arena/admin/competitions/:id/questions/import,/api/arena/admin
internal/app/misc_routes.go,GET,/api/arena/admin/competitions/:id/questions/stats,/api/arena/admin
internal/app/misc_routes.go,GET,/api/arena/admin/competitions/:id/screening,/api/arena/admin
internal/app/misc_routes.go,POST,/api/arena/admin/competitions/:id/screening/:cid/decide,/api/arena/admin
internal/app/misc_routes.go,POST,/api/arena/admin/competitions/:id/transitions/:cid,/api/arena/admin
internal/app/misc_routes.go,GET,/api/arena/competitions,/api/arena
internal/app/misc_routes.go,GET,/api/arena/competitions/:id,/api/arena
internal/app/misc_routes.go,POST,/api/arena/competitions/:id/applications,/api/arena/competitions/:id
internal/app/misc_routes.go,GET,/api/arena/competitions/:id/leaderboard/merit,/api/arena
internal/app/misc_routes.go,GET,/api/arena/competitions/:id/me,/api/arena/competitions/:id
internal/app/misc_routes.go,GET,/api/arena/competitions/:id/me/exam,/api/arena/competitions/:id
internal/app/misc_routes.go,POST,/api/arena/competitions/:id/me/exam/submit,/api/arena/competitions/:id
internal/app/misc_routes.go,GET,/api/arena/competitions/:id/me/merit,/api/arena/competitions/:id
internal/app/misc_routes.go,POST,/api/arena/competitions/:id/playalong/attempt,/api/arena/competitions/:id
internal/app/misc_routes.go,GET,/api/arena/competitions/:id/playalong/questions,/api/arena/competitions/:id
internal/app/misc_routes.go,GET,/api/arena/competitions/:id/pot,/api/arena
internal/app/misc_routes.go,POST,/api/arena/competitions/:id/predictions,/api/arena/competitions/:id
internal/app/misc_routes.go,POST,/api/arena/competitions/:id/support,/api/arena/competitions/:id
internal/app/misc_routes.go,GET,/api/arena/credentials/:hash/verify,/api/arena
internal/app/misc_routes.go,POST,/api/finance/placement/campaigns,/api/finance/placement
internal/app/misc_routes.go,GET,/api/finance/placement/campaigns,/api/finance/placement
internal/app/misc_routes.go,GET,/api/finance/placement/campaigns/:id,/api/finance/placement
internal/app/misc_routes.go,GET,/api/finance/placement/campaigns/:id/analytics,/api/finance/placement
internal/app/misc_routes.go,POST,/api/finance/placement/campaigns/:id/cancel,/api/finance/placement
internal/app/misc_routes.go,POST,/api/finance/placement/campaigns/:id/pause,/api/finance/placement
internal/app/misc_routes.go,POST,/api/finance/placement/campaigns/:id/pay,/api/finance/placement
internal/app/misc_routes.go,POST,/api/finance/placement/campaigns/:id/quote,/api/finance/placement
internal/app/misc_routes.go,POST,/api/finance/placement/campaigns/:id/resume,/api/finance/placement
internal/app/misc_routes.go,POST,/api/finance/placement/campaigns/:id/submit,/api/finance/placement
internal/app/misc_routes.go,POST,/api/finance/placement/events,/api/finance/placement
internal/app/misc_routes.go,GET,/api/finance/placement/landing,/api/finance/placement
internal/app/misc_routes.go,GET,/api/finance/placement/zones,/api/finance/placement
internal/app/misc_routes.go,GET,/api/placement/admin/campaigns/:id,/api/placement/admin
internal/app/misc_routes.go,POST,/api/placement/admin/campaigns/:id/approve,/api/placement/admin
internal/app/misc_routes.go,POST,/api/placement/admin/campaigns/:id/reject,/api/placement/admin
internal/app/misc_routes.go,POST,/api/placement/admin/campaigns/:id/request-info,/api/placement/admin
internal/app/misc_routes.go,POST,/api/placement/admin/campaigns/:id/suspend,/api/placement/admin
internal/app/misc_routes.go,GET,/api/placement/admin/review-queue,/api/placement/admin
internal/app/misc_routes.go,GET,/api/v1/public/media/banners/:filename,/api/v1/public
internal/app/otp_routes.go,POST,/api/auth/otp/request,/api/auth/otp
internal/app/otp_routes.go,POST,/api/auth/otp/verify,/api/auth/otp
internal/app/referral_routes.go,POST,/api/finance/referral/claim-code,/api/finance/referral
internal/app/referral_routes.go,GET,/api/finance/referral/config,/api/finance/referral
internal/app/referral_routes.go,GET,/api/finance/referral/invite/vanity,/api/finance/referral
internal/app/referral_routes.go,POST,/api/finance/referral/invite/vanity,/api/finance/referral
internal/app/referral_routes.go,GET,/api/finance/referral/my-attribution,/api/finance/referral
internal/app/referral_routes.go,GET,/api/finance/referral/my-rewards,/api/finance/referral
internal/app/referral_routes.go,POST,/api/finance/referral/withdraw,/api/finance/referral
internal/app/referral_routes.go,GET,/api/finance/referral/withdraw-eligible,/api/finance/referral
internal/app/referral_routes.go,GET,/api/referral/admin/config,/api/referral/admin
internal/app/referral_routes.go,PUT,/api/referral/admin/config,/api/referral/admin
internal/app/referral_routes.go,GET,/api/referral/admin/house,/api/referral/admin
internal/app/referral_routes.go,GET,/api/referral/admin/house/ledger,/api/referral/admin
internal/app/referral_routes.go,GET,/api/referral/admin/ledger,/api/referral/admin
internal/app/referral_routes.go,GET,/api/referral/admin/reassignments,/api/referral/admin
internal/app/referral_routes.go,POST,/api/referral/admin/reassignments,/api/referral/admin
internal/app/referral_routes.go,POST,/internal/referrals/purchase-refunded,/internal/referrals
internal/app/referral_routes.go,POST,/internal/referrals/purchase-settled,/internal/referrals
internal/app/referral_routes.go,POST,/internal/referrals/recalc-tiers,/internal/referrals
internal/app/referral_routes.go,GET,/v1/admin/referrals/:referrerId/case,/v1/admin/referrals
internal/app/referral_routes.go,POST,/v1/admin/referrals/:referrerId/case,/v1/admin/referrals
internal/app/referral_routes.go,PUT,/v1/admin/referrals/:referrerId/code,/v1/admin/referrals
internal/app/referral_routes.go,GET,/v1/admin/referrals/analytics,/v1/admin/referrals
internal/app/referral_routes.go,GET,/v1/admin/referrals/config,/v1/admin/referrals
internal/app/referral_routes.go,PUT,/v1/admin/referrals/config,/v1/admin/referrals
internal/app/referral_routes.go,GET,/v1/admin/referrals/fraud-queue,/v1/admin/referrals
internal/app/referral_routes.go,POST,/v1/admin/referrals/fraud-queue,/v1/admin/referrals
internal/app/referral_routes.go,GET,/v1/admin/referrals/ledger,/v1/admin/referrals
internal/app/referral_routes.go,GET,/v1/admin/referrals/milestones-log,/v1/admin/referrals
internal/app/referral_routes.go,GET,/v1/admin/referrals/module-status,/v1/admin/referrals
internal/app/referral_routes.go,POST,/v1/referrals/attribute,/v1/referrals
internal/app/referral_routes.go,POST,/v1/referrals/link,/v1/referrals
internal/app/referral_routes.go,GET,/v1/referrals/me/dashboard,/v1/referrals
internal/app/referral_routes.go,GET,/v1/referrals/me/earnings,/v1/referrals
internal/app/referral_routes.go,GET,/v1/referrals/me/milestones,/v1/referrals
internal/app/referral_routes.go,GET,/v1/referrals/me/referrals,/v1/referrals
internal/app/router.go,GET,/api/admin/audit-logs,/api/admin
internal/app/router.go,GET,/api/admin/audit-logs/export,/api/admin
internal/app/router.go,GET,/api/admin/login-activity,/api/admin
internal/app/router.go,GET,/api/admin/permissions,/api/admin
internal/app/router.go,POST,/api/admin/permissions,/api/admin
internal/app/router.go,PATCH,/api/admin/permissions/:permissionId,/api/admin
internal/app/router.go,DELETE,/api/admin/permissions/:permissionId,/api/admin
internal/app/router.go,GET,/api/admin/permissions/matrix,/api/admin
internal/app/router.go,GET,/api/admin/roles,/api/admin
internal/app/router.go,POST,/api/admin/roles,/api/admin
internal/app/router.go,PATCH,/api/admin/roles/:id,/api/admin
internal/app/router.go,DELETE,/api/admin/roles/:id,/api/admin
internal/app/router.go,POST,/api/admin/roles/:id/clone,/api/admin
internal/app/router.go,POST,/api/admin/roles/:id/permissions,/api/admin
internal/app/router.go,DELETE,/api/admin/roles/:id/permissions/:permissionId,/api/admin
internal/app/router.go,POST,/api/admin/roles/:id/permissions/bulk,/api/admin
internal/app/router.go,GET,/api/admin/security-events,/api/admin
internal/app/router.go,GET,/api/admin/users,/api/admin
internal/app/router.go,GET,/api/admin/users/:id,/api/admin
internal/app/router.go,PATCH,/api/admin/users/:id,/api/admin
internal/app/router.go,POST,/api/admin/users/:id/force-logout,/api/admin
internal/app/router.go,POST,/api/admin/users/:id/force-password-reset,/api/admin
internal/app/router.go,PATCH,/api/admin/users/:id/lock,/api/admin
internal/app/router.go,POST,/api/admin/users/:id/roles,/api/admin
internal/app/router.go,DELETE,/api/admin/users/:id/roles/:roleId,/api/admin
internal/app/router.go,POST,/api/admin/users/:id/roles/bulk,/api/admin
internal/app/router.go,GET,/api/admin/users/:id/sessions,/api/admin
internal/app/router.go,PATCH,/api/admin/users/:id/suspend,/api/admin
internal/app/router.go,PATCH,/api/admin/users/:id/unlock,/api/admin
internal/app/router.go,PATCH,/api/admin/users/:id/unsuspend,/api/admin
internal/app/router.go,POST,/api/admin/users/bulk-roles,/api/admin
internal/app/router.go,GET,/api/admin/users/export,/api/admin
internal/app/router.go,POST,/api/auth/change-password,/api/auth
internal/app/router.go,POST,/api/auth/complete-profile,/api/auth
internal/app/router.go,POST,/api/auth/login,/api/auth
internal/app/router.go,POST,/api/auth/logout,/api/auth
internal/app/router.go,GET,/api/auth/me,/api/auth
internal/app/router.go,POST,/api/auth/register,/api/auth
internal/app/router.go,POST,/api/auth/request-password-reset,/api/auth
internal/app/router.go,POST,/api/auth/reset-password,/api/auth
internal/app/router.go,GET,/api/auth/sessions,/api/auth
internal/app/router.go,DELETE,/api/auth/sessions/:id,/api/auth
internal/app/router.go,POST,/api/auth/sessions/revoke-all,/api/auth
internal/app/router.go,GET,/api/v1/admin/admins,/api/v1/admin
internal/app/router.go,GET,/api/v1/admin/analytics/summary,/api/v1/admin
internal/app/router.go,GET,/api/v1/admin/approvals,/api/v1/admin
internal/app/router.go,POST,/api/v1/admin/approvals/:id/approve,/api/v1/admin
internal/app/router.go,POST,/api/v1/admin/approvals/:id/reject,/api/v1/admin
internal/app/router.go,GET,/api/v1/admin/assets,/api/v1/admin
internal/app/router.go,PATCH,/api/v1/admin/assets/:id,/api/v1/admin
internal/app/router.go,GET,/api/v1/admin/audit,/api/v1/admin
internal/app/router.go,GET,/api/v1/admin/chatbot/sessions,/api/v1/admin
internal/app/router.go,GET,/api/v1/admin/chatbot/sessions/:id,/api/v1/admin
internal/app/router.go,GET,/api/v1/admin/competitions/open-mic,/api/v1/admin
internal/app/router.go,POST,/api/v1/admin/competitions/open-mic,/api/v1/admin
internal/app/router.go,GET,/api/v1/admin/competitions/overview,/api/v1/admin
internal/app/router.go,GET,/api/v1/admin/dashboard,/api/v1/admin
internal/app/router.go,GET,/api/v1/admin/emerging-innovators,/api/v1/admin
internal/app/router.go,GET,/api/v1/admin/emerging-projects,/api/v1/admin
internal/app/router.go,GET,/api/v1/admin/emerging-teams,/api/v1/admin
internal/app/router.go,GET,/api/v1/admin/feature-flags,/api/v1/admin
internal/app/router.go,PATCH,/api/v1/admin/feature-flags/:key,/api/v1/admin
internal/app/router.go,GET,/api/v1/admin/fees,/api/v1/admin
internal/app/router.go,PATCH,/api/v1/admin/fees/:id,/api/v1/admin
internal/app/router.go,GET,/api/v1/admin/handoffs,/api/v1/admin
internal/app/router.go,PATCH,/api/v1/admin/handoffs/:id,/api/v1/admin
internal/app/router.go,GET,/api/v1/admin/kyc,/api/v1/admin
internal/app/router.go,POST,/api/v1/admin/kyc/:id/review,/api/v1/admin
internal/app/router.go,GET,/api/v1/admin/leads,/api/v1/admin
internal/app/router.go,PATCH,/api/v1/admin/leads/:id,/api/v1/admin
internal/app/router.go,GET,/api/v1/admin/menu-counts,/api/v1/admin
internal/app/router.go,GET,/api/v1/admin/orders,/api/v1/admin
internal/app/router.go,GET,/api/v1/admin/overview,/api/v1/admin
internal/app/router.go,GET,/api/v1/admin/providers,/api/v1/admin
internal/app/router.go,GET,/api/v1/admin/reality-tv/dashboard,/api/v1/admin
internal/app/router.go,GET,/api/v1/admin/reconciliation,/api/v1/admin
internal/app/router.go,GET,/api/v1/admin/registrations,/api/v1/admin/registrations
internal/app/router.go,GET,/api/v1/admin/registrations/:id,/api/v1/admin/registrations
internal/app/router.go,PATCH,/api/v1/admin/registrations/:id/status,/api/v1/admin/registrations
internal/app/router.go,GET,/api/v1/admin/risk-limits,/api/v1/admin
internal/app/router.go,PATCH,/api/v1/admin/risk-limits/:id,/api/v1/admin
internal/app/router.go,GET,/api/v1/admin/school-profiles,/api/v1/admin
internal/app/router.go,GET,/api/v1/admin/school-teams,/api/v1/admin
internal/app/router.go,GET,/api/v1/admin/schools,/api/v1/admin
internal/app/router.go,GET,/api/v1/admin/schools/:id/dashboard,/api/v1/admin
internal/app/router.go,PATCH,/api/v1/admin/schools/:id/verification,/api/v1/admin
internal/app/router.go,GET,/api/v1/admin/stem-awards/badge-awards,/api/v1/admin
internal/app/router.go,POST,/api/v1/admin/stem-awards/badge-awards,/api/v1/admin
internal/app/router.go,GET,/api/v1/admin/stem-awards/badges,/api/v1/admin
internal/app/router.go,POST,/api/v1/admin/stem-awards/badges,/api/v1/admin
internal/app/router.go,GET,/api/v1/admin/stem-awards/certificates,/api/v1/admin
internal/app/router.go,POST,/api/v1/admin/stem-awards/certificates,/api/v1/admin
internal/app/router.go,GET,/api/v1/admin/stem-bootcamp/cohorts,/api/v1/admin
internal/app/router.go,POST,/api/v1/admin/stem-bootcamp/cohorts,/api/v1/admin
internal/app/router.go,GET,/api/v1/admin/stem-bootcamp/scores,/api/v1/admin
internal/app/router.go,POST,/api/v1/admin/stem-bootcamp/scores,/api/v1/admin
internal/app/router.go,GET,/api/v1/admin/stem-bootcamp/tasks,/api/v1/admin
internal/app/router.go,POST,/api/v1/admin/stem-bootcamp/tasks,/api/v1/admin
internal/app/router.go,GET,/api/v1/admin/stem-contests,/api/v1/admin
internal/app/router.go,POST,/api/v1/admin/stem-contests,/api/v1/admin
internal/app/router.go,POST,/api/v1/admin/stem-eligibility/check,/api/v1/admin
internal/app/router.go,GET,/api/v1/admin/stem-judging/assignments,/api/v1/admin
internal/app/router.go,POST,/api/v1/admin/stem-judging/assignments,/api/v1/admin
internal/app/router.go,PATCH,/api/v1/admin/stem-judging/assignments/:id/conflict,/api/v1/admin
internal/app/router.go,GET,/api/v1/admin/stem-judging/criteria,/api/v1/admin
internal/app/router.go,GET,/api/v1/admin/stem-judging/rubrics,/api/v1/admin
internal/app/router.go,POST,/api/v1/admin/stem-judging/rubrics,/api/v1/admin
internal/app/router.go,GET,/api/v1/admin/stem-judging/scores,/api/v1/admin
internal/app/router.go,POST,/api/v1/admin/stem-judging/scores,/api/v1/admin
internal/app/router.go,PATCH,/api/v1/admin/stem-judging/scores/:id/review-state,/api/v1/admin
internal/app/router.go,GET,/api/v1/admin/stem-leaderboard,/api/v1/admin
internal/app/router.go,GET,/api/v1/admin/stem-leaderboard/slices,/api/v1/admin
internal/app/router.go,GET,/api/v1/admin/stem-reports/buckets,/api/v1/admin
internal/app/router.go,GET,/api/v1/admin/stem-reports/summary,/api/v1/admin
internal/app/router.go,GET,/api/v1/admin/stem-sponsors,/api/v1/admin
internal/app/router.go,POST,/api/v1/admin/stem-sponsors,/api/v1/admin
internal/app/router.go,GET,/api/v1/admin/stem-submissions,/api/v1/admin
internal/app/router.go,PATCH,/api/v1/admin/stem-submissions/:id/status,/api/v1/admin
internal/app/router.go,GET,/api/v1/admin/stem-voting/packages,/api/v1/admin
internal/app/router.go,POST,/api/v1/admin/stem-voting/packages,/api/v1/admin
internal/app/router.go,GET,/api/v1/admin/stem-voting/rules,/api/v1/admin
internal/app/router.go,POST,/api/v1/admin/stem-voting/rules,/api/v1/admin
internal/app/router.go,GET,/api/v1/admin/stem-voting/transactions,/api/v1/admin
internal/app/router.go,POST,/api/v1/admin/stem-voting/transactions,/api/v1/admin
internal/app/router.go,GET,/api/v1/admin/stem/my-role,/api/v1/admin
internal/app/router.go,GET,/api/v1/admin/stem/overview,/api/v1/admin
internal/app/router.go,GET,/api/v1/admin/users,/api/v1/admin
internal/app/router.go,GET,/api/v1/admin/users/:id,/api/v1/admin
internal/app/router.go,GET,/api/v1/admin/withdrawals,/api/v1/admin
internal/app/router.go,POST,/api/v1/admin/withdrawals/:ref/review,/api/v1/admin
internal/app/router.go,GET,/api/v1/auth/health,/api/v1/auth
internal/app/router.go,GET,/api/v1/emerging-innovators,/api/v1/emerging-innovators
internal/app/router.go,POST,/api/v1/emerging-innovators,/api/v1/emerging-innovators
internal/app/router.go,GET,/api/v1/emerging-projects,/api/v1/emerging-projects
internal/app/router.go,POST,/api/v1/emerging-projects,/api/v1/emerging-projects
internal/app/router.go,GET,/api/v1/emerging-teams,/api/v1/emerging-teams
internal/app/router.go,POST,/api/v1/emerging-teams,/api/v1/emerging-teams
internal/app/router.go,GET,/api/v1/mobile/health,/api/v1/mobile
internal/app/router.go,GET,/api/v1/public/build,/api/v1/public
internal/app/router.go,GET,/api/v1/public/health,/api/v1/public
internal/app/router.go,GET,/api/v1/registration/applications,/api/v1/registration
internal/app/router.go,POST,/api/v1/registration/applications,/api/v1/registration
internal/app/router.go,GET,/api/v1/registration/applications/:id,/api/v1/registration
internal/app/router.go,PATCH,/api/v1/registration/applications/:id,/api/v1/registration
internal/app/router.go,POST,/api/v1/registration/applications/:id/payment/initiate,/api/v1/registration
internal/app/router.go,POST,/api/v1/registration/applications/:id/payment/verify,/api/v1/registration
internal/app/router.go,GET,/api/v1/registration/applications/:id/status,/api/v1/registration
internal/app/router.go,POST,/api/v1/registration/applications/:id/submit,/api/v1/registration
internal/app/router.go,POST,/api/v1/registration/applications/:id/withdraw,/api/v1/registration
internal/app/router.go,GET,/api/v1/registration/contests,/api/v1/registration
internal/app/router.go,GET,/api/v1/school-profiles,/api/v1/school-profiles
internal/app/router.go,POST,/api/v1/school-profiles,/api/v1/school-profiles
internal/app/router.go,GET,/api/v1/school-teams,/api/v1/school-teams
internal/app/router.go,POST,/api/v1/school-teams,/api/v1/school-teams
internal/app/router.go,GET,/api/v1/schools,/api/v1/schools
internal/app/router.go,POST,/api/v1/schools,/api/v1/schools
internal/app/router.go,GET,/api/v1/schools/:id/dashboard,/api/v1/schools
internal/app/router.go,GET,/api/v1/stem-awards/badge-awards,/api/v1/stem-awards
internal/app/router.go,POST,/api/v1/stem-awards/badge-awards,/api/v1/stem-awards
internal/app/router.go,GET,/api/v1/stem-awards/badges,/api/v1/stem-awards
internal/app/router.go,POST,/api/v1/stem-awards/badges,/api/v1/stem-awards
internal/app/router.go,GET,/api/v1/stem-awards/certificates,/api/v1/stem-awards
internal/app/router.go,POST,/api/v1/stem-awards/certificates,/api/v1/stem-awards
internal/app/router.go,GET,/api/v1/stem-bootcamp/cohorts,/api/v1/stem-bootcamp
internal/app/router.go,POST,/api/v1/stem-bootcamp/cohorts,/api/v1/stem-bootcamp
internal/app/router.go,GET,/api/v1/stem-bootcamp/scores,/api/v1/stem-bootcamp
internal/app/router.go,POST,/api/v1/stem-bootcamp/scores,/api/v1/stem-bootcamp
internal/app/router.go,GET,/api/v1/stem-bootcamp/tasks,/api/v1/stem-bootcamp
internal/app/router.go,POST,/api/v1/stem-bootcamp/tasks,/api/v1/stem-bootcamp
internal/app/router.go,GET,/api/v1/stem-contests,/api/v1/stem-contests
internal/app/router.go,POST,/api/v1/stem-contests,/api/v1/stem-contests
internal/app/router.go,POST,/api/v1/stem-eligibility/check,/api/v1/stem-eligibility
internal/app/router.go,GET,/api/v1/stem-judging/assignments,/api/v1/stem-judging
internal/app/router.go,POST,/api/v1/stem-judging/assignments,/api/v1/stem-judging
internal/app/router.go,PATCH,/api/v1/stem-judging/assignments/:id/conflict,/api/v1/stem-judging
internal/app/router.go,GET,/api/v1/stem-judging/criteria,/api/v1/stem-judging
internal/app/router.go,GET,/api/v1/stem-judging/rubrics,/api/v1/stem-judging
internal/app/router.go,POST,/api/v1/stem-judging/rubrics,/api/v1/stem-judging
internal/app/router.go,GET,/api/v1/stem-judging/scores,/api/v1/stem-judging
internal/app/router.go,POST,/api/v1/stem-judging/scores,/api/v1/stem-judging
internal/app/router.go,PATCH,/api/v1/stem-judging/scores/:id/review-state,/api/v1/stem-judging
internal/app/router.go,GET,/api/v1/stem-leaderboard,/api/v1/stem-leaderboard
internal/app/router.go,GET,/api/v1/stem-leaderboard/slices,/api/v1/stem-leaderboard
internal/app/router.go,GET,/api/v1/stem-reports/buckets,/api/v1/stem-reports
internal/app/router.go,GET,/api/v1/stem-reports/summary,/api/v1/stem-reports
internal/app/router.go,GET,/api/v1/stem-sponsors,/api/v1/stem-sponsors
internal/app/router.go,POST,/api/v1/stem-sponsors,/api/v1/stem-sponsors
internal/app/router.go,GET,/api/v1/stem-submissions,/api/v1/stem-submissions
internal/app/router.go,PATCH,/api/v1/stem-submissions/:id/status,/api/v1/stem-submissions
internal/app/router.go,GET,/api/v1/stem-voting/packages,/api/v1/stem-voting
internal/app/router.go,POST,/api/v1/stem-voting/packages,/api/v1/stem-voting
internal/app/router.go,GET,/api/v1/stem-voting/rules,/api/v1/stem-voting
internal/app/router.go,POST,/api/v1/stem-voting/rules,/api/v1/stem-voting
internal/app/router.go,GET,/api/v1/stem-voting/transactions,/api/v1/stem-voting
internal/app/router.go,POST,/api/v1/stem-voting/transactions,/api/v1/stem-voting
internal/app/router.go,GET,/api/v1/users/health,/api/v1/users
internal/app/router.go,GET,/api/v1/webhooks/health,/api/v1/webhooks
internal/app/router.go,GET,/healthz,(root)
internal/app/router.go,GET,/readyz,(root)
internal/app/stays_routes.go,POST,/api/finance/stays/book,/api/finance/stays
internal/app/stays_routes.go,GET,/api/finance/stays/consent,/api/finance/stays
internal/app/stays_routes.go,POST,/api/finance/stays/consent,/api/finance/stays
internal/app/stays_routes.go,GET,/api/finance/stays/deals,/api/finance/stays
internal/app/stays_routes.go,GET,/api/finance/stays/destinations,/api/finance/stays
internal/app/stays_routes.go,GET,/api/finance/stays/home,/api/finance/stays
internal/app/stays_routes.go,GET,/api/finance/stays/loyalty,/api/finance/stays
internal/app/stays_routes.go,POST,/api/finance/stays/prebook,/api/finance/stays
internal/app/stays_routes.go,GET,/api/finance/stays/properties/:rail/:supplier/:ref,/api/finance/stays
internal/app/stays_routes.go,GET,/api/finance/stays/reservations,/api/finance/stays
internal/app/stays_routes.go,GET,/api/finance/stays/reservations/:id,/api/finance/stays
internal/app/stays_routes.go,POST,/api/finance/stays/reservations/:id/cancel,/api/finance/stays
internal/app/stays_routes.go,POST,/api/finance/stays/reservations/:id/modify,/api/finance/stays
internal/app/stays_routes.go,GET,/api/finance/stays/reservations/:id/voucher,/api/finance/stays
internal/app/stays_routes.go,GET,/api/finance/stays/saved,/api/finance/stays
internal/app/stays_routes.go,GET,/api/finance/stays/saved-guests,/api/finance/stays
internal/app/stays_routes.go,POST,/api/finance/stays/saved-guests,/api/finance/stays
internal/app/stays_routes.go,DELETE,/api/finance/stays/saved-guests/:id,/api/finance/stays
internal/app/stays_routes.go,POST,/api/finance/stays/saved/:key/toggle,/api/finance/stays
internal/app/stays_routes.go,GET,/api/finance/stays/search,/api/finance/stays
internal/app/stays_routes.go,GET,/api/stays/admin/mapping-queue,/api/stays/admin
internal/app/stays_routes.go,POST,/api/stays/admin/mapping-queue/:id/decision,/api/stays/admin
internal/app/stays_routes.go,POST,/api/stays/admin/properties/:id/status,/api/stays/admin
internal/app/stays_routes.go,GET,/api/stays/admin/reservations,/api/stays/admin
internal/app/stays_routes.go,GET,/api/stays/admin/suppliers,/api/stays/admin
internal/app/stays_routes.go,POST,/api/stays/admin/suppliers,/api/stays/admin
internal/app/utilitybills_routes.go,GET,/api/finance/admin/utilitybills/billers,/api/finance/admin/utilitybills
internal/app/utilitybills_routes.go,POST,/api/finance/admin/utilitybills/billers,/api/finance/admin/utilitybills
internal/app/utilitybills_routes.go,PATCH,/api/finance/admin/utilitybills/billers/:id,/api/finance/admin/utilitybills
internal/app/utilitybills_routes.go,GET,/api/finance/admin/utilitybills/categories,/api/finance/admin/utilitybills
internal/app/utilitybills_routes.go,POST,/api/finance/admin/utilitybills/categories,/api/finance/admin/utilitybills
internal/app/utilitybills_routes.go,PATCH,/api/finance/admin/utilitybills/categories/:category,/api/finance/admin/utilitybills
internal/app/utilitybills_routes.go,GET,/api/finance/admin/utilitybills/products,/api/finance/admin/utilitybills
internal/app/utilitybills_routes.go,POST,/api/finance/admin/utilitybills/products,/api/finance/admin/utilitybills
internal/app/utilitybills_routes.go,PATCH,/api/finance/admin/utilitybills/products/:id,/api/finance/admin/utilitybills
internal/app/utilitybills_routes.go,POST,/api/finance/admin/utilitybills/products/import,/api/finance/admin/utilitybills
internal/app/utilitybills_routes.go,GET,/api/finance/admin/utilitybills/provider-products,/api/finance/admin/utilitybills
internal/app/utilitybills_routes.go,POST,/api/finance/admin/utilitybills/provider-products,/api/finance/admin/utilitybills
internal/app/utilitybills_routes.go,PATCH,/api/finance/admin/utilitybills/provider-products/:id,/api/finance/admin/utilitybills
internal/app/utilitybills_routes.go,GET,/api/finance/admin/utilitybills/providers,/api/finance/admin/utilitybills
internal/app/utilitybills_routes.go,POST,/api/finance/admin/utilitybills/providers,/api/finance/admin/utilitybills
internal/app/utilitybills_routes.go,PATCH,/api/finance/admin/utilitybills/providers/:id,/api/finance/admin/utilitybills
internal/app/utilitybills_routes.go,PUT,/api/finance/admin/utilitybills/providers/:id/credentials,/api/finance/admin/utilitybills
internal/app/utilitybills_routes.go,POST,/api/finance/admin/utilitybills/providers/:id/health-check,/api/finance/admin/utilitybills
internal/app/utilitybills_routes.go,GET,/api/finance/admin/utilitybills/reports/profitability,/api/finance/admin/utilitybills
internal/app/utilitybills_routes.go,GET,/api/finance/admin/utilitybills/reports/provider-performance,/api/finance/admin/utilitybills
internal/app/utilitybills_routes.go,GET,/api/finance/admin/utilitybills/reports/reconciliation,/api/finance/admin/utilitybills
internal/app/utilitybills_routes.go,GET,/api/finance/admin/utilitybills/routing-rules,/api/finance/admin/utilitybills
internal/app/utilitybills_routes.go,POST,/api/finance/admin/utilitybills/routing-rules,/api/finance/admin/utilitybills
internal/app/utilitybills_routes.go,PATCH,/api/finance/admin/utilitybills/routing-rules/:id,/api/finance/admin/utilitybills
internal/app/utilitybills_routes.go,GET,/api/finance/admin/utilitybills/transactions,/api/finance/admin/utilitybills
internal/app/utilitybills_routes.go,GET,/api/finance/admin/utilitybills/transactions/:id,/api/finance/admin/utilitybills
internal/app/utilitybills_routes.go,POST,/api/finance/admin/utilitybills/transactions/:id/requery,/api/finance/admin/utilitybills
internal/app/utilitybills_routes.go,POST,/api/finance/admin/utilitybills/transactions/:id/resolve,/api/finance/admin/utilitybills
internal/app/utilitybills_routes.go,POST,/api/finance/admin/utilitybills/transactions/:id/reverse,/api/finance/admin/utilitybills
internal/app/utilitybills_routes.go,GET,/api/finance/admin/utilitybills/unresolved,/api/finance/admin/utilitybills
internal/app/utilitybills_routes.go,POST,/api/finance/admin/utilitybills/workers/requery-pending,/api/finance/admin/utilitybills
internal/app/utilitybills_routes.go,GET,/api/finance/utilitybills/beneficiaries,/api/finance/utilitybills
internal/app/utilitybills_routes.go,POST,/api/finance/utilitybills/beneficiaries,/api/finance/utilitybills
internal/app/utilitybills_routes.go,DELETE,/api/finance/utilitybills/beneficiaries/:id,/api/finance/utilitybills
internal/app/utilitybills_routes.go,GET,/api/finance/utilitybills/billers,/api/finance/utilitybills
internal/app/utilitybills_routes.go,GET,/api/finance/utilitybills/categories,/api/finance/utilitybills
internal/app/utilitybills_routes.go,POST,/api/finance/utilitybills/pay,/api/finance/utilitybills
internal/app/utilitybills_routes.go,GET,/api/finance/utilitybills/products,/api/finance/utilitybills
internal/app/utilitybills_routes.go,POST,/api/finance/utilitybills/quote,/api/finance/utilitybills
internal/app/utilitybills_routes.go,GET,/api/finance/utilitybills/transactions,/api/finance/utilitybills
internal/app/utilitybills_routes.go,GET,/api/finance/utilitybills/transactions/:id,/api/finance/utilitybills
internal/app/utilitybills_routes.go,GET,/api/finance/utilitybills/transactions/:id/attempts,/api/finance/utilitybills
internal/app/utilitybills_routes.go,POST,/api/finance/utilitybills/transactions/:id/dispute,/api/finance/utilitybills
internal/app/utilitybills_routes.go,POST,/api/finance/utilitybills/transactions/:id/requery,/api/finance/utilitybills
internal/app/utilitybills_routes.go,POST,/api/finance/utilitybills/validate,/api/finance/utilitybills
internal/association/routes.go,GET,/api/finance/associations,/api/finance/associations
internal/association/routes.go,POST,/api/finance/associations,/api/finance/associations
internal/association/routes.go,POST,/api/finance/associations/access-codes/validate,/api/finance/associations
internal/association/routes.go,PATCH,/api/finance/associations/admin/announcements/:childId,/api/finance/associations
internal/association/routes.go,DELETE,/api/finance/associations/admin/announcements/:childId,/api/finance/associations
internal/association/routes.go,GET,/api/finance/associations/admin/approvals,/api/finance/associations
internal/association/routes.go,GET,/api/finance/associations/admin/approvals/:id,/api/finance/associations
internal/association/routes.go,POST,/api/finance/associations/admin/approvals/:id/decision,/api/finance/associations
internal/association/routes.go,GET,/api/finance/associations/admin/audit-log,/api/finance/associations
internal/association/routes.go,PATCH,/api/finance/associations/admin/categories/:childId,/api/finance/associations
internal/association/routes.go,DELETE,/api/finance/associations/admin/categories/:childId,/api/finance/associations
internal/association/routes.go,PATCH,/api/finance/associations/admin/chapters/:childId,/api/finance/associations
internal/association/routes.go,DELETE,/api/finance/associations/admin/chapters/:childId,/api/finance/associations
internal/association/routes.go,PATCH,/api/finance/associations/admin/committees/:childId,/api/finance/associations
internal/association/routes.go,DELETE,/api/finance/associations/admin/committees/:childId,/api/finance/associations
internal/association/routes.go,POST,/api/finance/associations/admin/committees/:childId/members,/api/finance/associations
internal/association/routes.go,DELETE,/api/finance/associations/admin/committees/:childId/members/:membershipId,/api/finance/associations
internal/association/routes.go,PATCH,/api/finance/associations/admin/committees/:childId/members/:membershipId,/api/finance/associations
internal/association/routes.go,POST,/api/finance/associations/admin/committees/:childId/requests,/api/finance/associations
internal/association/routes.go,PATCH,/api/finance/associations/admin/documents/:childId,/api/finance/associations
internal/association/routes.go,DELETE,/api/finance/associations/admin/documents/:childId,/api/finance/associations
internal/association/routes.go,PATCH,/api/finance/associations/admin/events/:childId,/api/finance/associations
internal/association/routes.go,DELETE,/api/finance/associations/admin/events/:childId,/api/finance/associations
internal/association/routes.go,POST,/api/finance/associations/admin/events/:childId/invite,/api/finance/associations
internal/association/routes.go,GET,/api/finance/associations/admin/finance,/api/finance/associations
internal/association/routes.go,GET,/api/finance/associations/admin/finance/offline,/api/finance/associations
internal/association/routes.go,POST,/api/finance/associations/admin/finance/offline/:id/decision,/api/finance/associations
internal/association/routes.go,POST,/api/finance/associations/admin/import/confirm,/api/finance/associations
internal/association/routes.go,POST,/api/finance/associations/admin/import/members,/api/finance/associations
internal/association/routes.go,POST,/api/finance/associations/admin/import/preview,/api/finance/associations
internal/association/routes.go,POST,/api/finance/associations/admin/invoices,/api/finance/associations
internal/association/routes.go,GET,/api/finance/associations/admin/kpis,/api/finance/associations
internal/association/routes.go,PATCH,/api/finance/associations/admin/meetings/:childId,/api/finance/associations
internal/association/routes.go,DELETE,/api/finance/associations/admin/meetings/:childId,/api/finance/associations
internal/association/routes.go,POST,/api/finance/associations/admin/meetings/:childId/decision,/api/finance/associations
internal/association/routes.go,POST,/api/finance/associations/admin/meetings/:childId/minutes,/api/finance/associations
internal/association/routes.go,POST,/api/finance/associations/admin/members/:id/restore,/api/finance/associations
internal/association/routes.go,POST,/api/finance/associations/admin/members/:id/role,/api/finance/associations
internal/association/routes.go,POST,/api/finance/associations/admin/members/:id/suspend,/api/finance/associations
internal/association/routes.go,POST,/api/finance/associations/admin/members/:id/transfer,/api/finance/associations
internal/association/routes.go,GET,/api/finance/associations/admin/organisations,/api/finance/associations
internal/association/routes.go,GET,/api/finance/associations/admin/organisations/:id,/api/finance/associations
internal/association/routes.go,PATCH,/api/finance/associations/admin/organisations/:id,/api/finance/associations
internal/association/routes.go,GET,/api/finance/associations/admin/organisations/:id/announcements,/api/finance/associations
internal/association/routes.go,POST,/api/finance/associations/admin/organisations/:id/announcements,/api/finance/associations
internal/association/routes.go,POST,/api/finance/associations/admin/organisations/:id/categories,/api/finance/associations
internal/association/routes.go,POST,/api/finance/associations/admin/organisations/:id/chapters,/api/finance/associations
internal/association/routes.go,POST,/api/finance/associations/admin/organisations/:id/committees,/api/finance/associations
internal/association/routes.go,GET,/api/finance/associations/admin/organisations/:id/documents,/api/finance/associations
internal/association/routes.go,POST,/api/finance/associations/admin/organisations/:id/documents,/api/finance/associations
internal/association/routes.go,POST,/api/finance/associations/admin/organisations/:id/documents/presign,/api/finance/associations
internal/association/routes.go,POST,/api/finance/associations/admin/organisations/:id/dues/run,/api/finance/associations
internal/association/routes.go,GET,/api/finance/associations/admin/organisations/:id/dues/runs,/api/finance/associations
internal/association/routes.go,GET,/api/finance/associations/admin/organisations/:id/events,/api/finance/associations
internal/association/routes.go,POST,/api/finance/associations/admin/organisations/:id/events,/api/finance/associations
internal/association/routes.go,GET,/api/finance/associations/admin/organisations/:id/meetings,/api/finance/associations
internal/association/routes.go,POST,/api/finance/associations/admin/organisations/:id/meetings,/api/finance/associations
internal/association/routes.go,GET,/api/finance/associations/admin/organisations/:id/meetings/pending,/api/finance/associations
internal/association/routes.go,POST,/api/finance/associations/admin/organisations/:id/publish,/api/finance/associations
internal/association/routes.go,POST,/api/finance/associations/admin/organisations/:id/restore,/api/finance/associations
internal/association/routes.go,POST,/api/finance/associations/admin/organisations/:id/rules,/api/finance/associations
internal/association/routes.go,GET,/api/finance/associations/admin/organisations/:id/settings,/api/finance/associations
internal/association/routes.go,PUT,/api/finance/associations/admin/organisations/:id/settings,/api/finance/associations
internal/association/routes.go,POST,/api/finance/associations/admin/organisations/:id/suspend,/api/finance/associations
internal/association/routes.go,GET,/api/finance/associations/admin/organisations/:id/tasks,/api/finance/associations
internal/association/routes.go,POST,/api/finance/associations/admin/organisations/:id/tasks,/api/finance/associations
internal/association/routes.go,POST,/api/finance/associations/admin/organisations/:id/unpublish,/api/finance/associations
internal/association/routes.go,POST,/api/finance/associations/admin/organisations/:id/unverify,/api/finance/associations
internal/association/routes.go,POST,/api/finance/associations/admin/organisations/:id/verify,/api/finance/associations
internal/association/routes.go,PATCH,/api/finance/associations/admin/rules/:childId,/api/finance/associations
internal/association/routes.go,DELETE,/api/finance/associations/admin/rules/:childId,/api/finance/associations
internal/association/routes.go,PATCH,/api/finance/associations/admin/tasks/:childId,/api/finance/associations
internal/association/routes.go,DELETE,/api/finance/associations/admin/tasks/:childId,/api/finance/associations
internal/association/routes.go,GET,/api/finance/associations/ai-notes,/api/finance/associations
internal/association/routes.go,POST,/api/finance/associations/ai-notes,/api/finance/associations
internal/association/routes.go,GET,/api/finance/associations/ai-notes/:id,/api/finance/associations
internal/association/routes.go,POST,/api/finance/associations/ai-notes/:id/action-items/:itemId/convert,/api/finance/associations
internal/association/routes.go,POST,/api/finance/associations/ai-notes/:id/approve,/api/finance/associations
internal/association/routes.go,POST,/api/finance/associations/ai-notes/:id/publish,/api/finance/associations
internal/association/routes.go,POST,/api/finance/associations/ai-notes/:id/regenerate-summary,/api/finance/associations
internal/association/routes.go,GET,/api/finance/associations/ai-notes/:id/status,/api/finance/associations
internal/association/routes.go,GET,/api/finance/associations/announcements,/api/finance/associations
internal/association/routes.go,GET,/api/finance/associations/announcements/:id,/api/finance/associations
internal/association/routes.go,POST,/api/finance/associations/announcements/:id/acknowledge,/api/finance/associations
internal/association/routes.go,POST,/api/finance/associations/apply,/api/finance/associations
internal/association/routes.go,POST,/api/finance/associations/cards/verify,/api/finance/associations
internal/association/routes.go,GET,/api/finance/associations/chat/threads,/api/finance/associations
internal/association/routes.go,GET,/api/finance/associations/chat/threads/:id,/api/finance/associations
internal/association/routes.go,POST,/api/finance/associations/chat/threads/:id/messages,/api/finance/associations
internal/association/routes.go,POST,/api/finance/associations/chat/threads/:id/messages/:messageId/react,/api/finance/associations
internal/association/routes.go,POST,/api/finance/associations/chat/threads/:id/mute,/api/finance/associations
internal/association/routes.go,GET,/api/finance/associations/committees,/api/finance/associations
internal/association/routes.go,GET,/api/finance/associations/committees/:id,/api/finance/associations
internal/association/routes.go,POST,/api/finance/associations/committees/:id/join,/api/finance/associations
internal/association/routes.go,GET,/api/finance/associations/documents,/api/finance/associations
internal/association/routes.go,GET,/api/finance/associations/documents/:id,/api/finance/associations
internal/association/routes.go,POST,/api/finance/associations/documents/:id/acknowledge,/api/finance/associations
internal/association/routes.go,GET,/api/finance/associations/documents/:id/download-url,/api/finance/associations
internal/association/routes.go,POST,/api/finance/associations/dues/:invoiceId/pay,/api/finance/associations
internal/association/routes.go,GET,/api/finance/associations/elections,/api/finance/associations
internal/association/routes.go,POST,/api/finance/associations/elections,/api/finance/associations
internal/association/routes.go,GET,/api/finance/associations/elections/:id,/api/finance/associations
internal/association/routes.go,POST,/api/finance/associations/elections/:id/candidates,/api/finance/associations
internal/association/routes.go,POST,/api/finance/associations/elections/:id/close,/api/finance/associations
internal/association/routes.go,POST,/api/finance/associations/elections/:id/handover,/api/finance/associations
internal/association/routes.go,POST,/api/finance/associations/elections/:id/open,/api/finance/associations
internal/association/routes.go,POST,/api/finance/associations/elections/:id/publish,/api/finance/associations
internal/association/routes.go,GET,/api/finance/associations/elections/:id/tally,/api/finance/associations
internal/association/routes.go,POST,/api/finance/associations/elections/:id/vote,/api/finance/associations
internal/association/routes.go,GET,/api/finance/associations/events,/api/finance/associations
internal/association/routes.go,GET,/api/finance/associations/events/:id,/api/finance/associations
internal/association/routes.go,POST,/api/finance/associations/events/:id/feedback,/api/finance/associations
internal/association/routes.go,POST,/api/finance/associations/events/:id/register,/api/finance/associations
internal/association/routes.go,POST,/api/finance/associations/events/:id/rsvp,/api/finance/associations
internal/association/routes.go,POST,/api/finance/associations/invites/validate,/api/finance/associations
internal/association/routes.go,GET,/api/finance/associations/me/activity,/api/finance/associations
internal/association/routes.go,GET,/api/finance/associations/me/admin-access,/api/finance/associations
internal/association/routes.go,GET,/api/finance/associations/me/card,/api/finance/associations
internal/association/routes.go,GET,/api/finance/associations/me/dashboard,/api/finance/associations
internal/association/routes.go,GET,/api/finance/associations/me/devices,/api/finance/associations
internal/association/routes.go,POST,/api/finance/associations/me/devices,/api/finance/associations
internal/association/routes.go,DELETE,/api/finance/associations/me/devices/:id,/api/finance/associations
internal/association/routes.go,GET,/api/finance/associations/me/dues,/api/finance/associations
internal/association/routes.go,GET,/api/finance/associations/me/notification-prefs,/api/finance/associations
internal/association/routes.go,PUT,/api/finance/associations/me/notification-prefs,/api/finance/associations
internal/association/routes.go,GET,/api/finance/associations/me/preferences,/api/finance/associations
internal/association/routes.go,PUT,/api/finance/associations/me/preferences,/api/finance/associations
internal/association/routes.go,GET,/api/finance/associations/me/privacy,/api/finance/associations
internal/association/routes.go,PUT,/api/finance/associations/me/privacy,/api/finance/associations
internal/association/routes.go,GET,/api/finance/associations/me/profile,/api/finance/associations
internal/association/routes.go,PUT,/api/finance/associations/me/profile,/api/finance/associations
internal/association/routes.go,GET,/api/finance/associations/me/security,/api/finance/associations
internal/association/routes.go,PUT,/api/finance/associations/me/security,/api/finance/associations
internal/association/routes.go,GET,/api/finance/associations/meetings,/api/finance/associations
internal/association/routes.go,POST,/api/finance/associations/meetings,/api/finance/associations
internal/association/routes.go,GET,/api/finance/associations/meetings/:id,/api/finance/associations
internal/association/routes.go,POST,/api/finance/associations/meetings/:id/attendance,/api/finance/associations
internal/association/routes.go,POST,/api/finance/associations/meetings/:id/rsvp,/api/finance/associations
internal/association/routes.go,GET,/api/finance/associations/members,/api/finance/associations
internal/association/routes.go,GET,/api/finance/associations/members/:id,/api/finance/associations
internal/association/routes.go,GET,/api/finance/associations/notifications,/api/finance/associations
internal/association/routes.go,POST,/api/finance/associations/notifications/read,/api/finance/associations
internal/association/routes.go,GET,/api/finance/associations/orgs/:id,/api/finance/associations
internal/association/routes.go,GET,/api/finance/associations/receipts/:receiptId,/api/finance/associations
internal/association/routes.go,GET,/api/finance/associations/support/faqs,/api/finance/associations
internal/association/routes.go,GET,/api/finance/associations/support/tickets,/api/finance/associations
internal/association/routes.go,POST,/api/finance/associations/support/tickets,/api/finance/associations
internal/association/routes.go,GET,/api/finance/associations/support/tickets/:id,/api/finance/associations
internal/association/routes.go,POST,/api/finance/associations/support/tickets/:id/messages,/api/finance/associations
internal/association/routes.go,GET,/api/finance/associations/tasks,/api/finance/associations
internal/association/routes.go,GET,/api/finance/associations/tasks/:id,/api/finance/associations
internal/association/routes.go,PATCH,/api/finance/associations/tasks/:id,/api/finance/associations
internal/association/routes.go,POST,/api/finance/associations/uploads/logo/presign,/api/finance/associations
internal/association/routes.go,GET,/api/finance/associations/ws,/api/finance/associations
internal/business/handler.go,GET,/api/business/admin,/api/business/admin
internal/business/handler.go,GET,/api/business/admin/:id,/api/business/admin
internal/business/handler.go,POST,/api/business/admin/:id/approve,/api/business/admin
internal/business/handler.go,POST,/api/business/admin/:id/reject,/api/business/admin
internal/business/handler.go,GET,/api/finance/business/:id,/api/finance/business
internal/business/handler.go,GET,/api/finance/business/:id/certificate,/api/finance/business
internal/business/handler.go,POST,/api/finance/business/:id/pay-fee,/api/finance/business
internal/business/handler.go,POST,/api/finance/business/:id/pay-fee/paystack,/api/finance/business
internal/business/handler.go,POST,/api/finance/business/:id/pay-fee/paystack/verify,/api/finance/business
internal/business/handler.go,GET,/api/finance/business/:id/status,/api/finance/business
internal/business/handler.go,POST,/api/finance/business/:id/submit,/api/finance/business
internal/business/handler.go,GET,/api/finance/business/me,/api/finance/business
internal/business/handler.go,POST,/api/finance/business/name/check,/api/finance/business
internal/business/handler.go,POST,/api/finance/business/name/reserve,/api/finance/business
internal/business/handler.go,POST,/api/finance/business/register,/api/finance/business
internal/business/handler.go,POST,/api/finance/business/verify,/api/finance/business
internal/connect/aml/service.go,GET,/api/connect/admin/aml/alerts,/api/connect/admin/aml
internal/connect/aml/service.go,GET,/api/connect/admin/aml/cases,/api/connect/admin/aml
internal/connect/aml/service.go,POST,/api/connect/admin/aml/cases,/api/connect/admin/aml
internal/connect/aml/service.go,POST,/api/connect/admin/aml/cases/:id/file-str,/api/connect/admin/aml
internal/connect/gamification/service.go,GET,/api/connect/admin/gamification/missions,/api/connect/admin/gamification
internal/connect/gamification/service.go,POST,/api/connect/admin/gamification/missions,/api/connect/admin/gamification
internal/connect/gamification/service.go,GET,/api/connect/admin/gamification/seasons,/api/connect/admin/gamification
internal/connect/gamification/service.go,POST,/api/connect/admin/gamification/seasons,/api/connect/admin/gamification
internal/connect/gamification/service.go,GET,/api/v1/connect/gamification/home,/api/v1/connect/gamification
internal/connect/gamification/service.go,GET,/api/v1/connect/gamification/leaderboards,/api/v1/connect/gamification
internal/connect/gamification/service.go,GET,/api/v1/connect/gamification/missions,/api/v1/connect/gamification
internal/connect/gamification/service.go,POST,/api/v1/connect/gamification/missions/:id/claim,/api/v1/connect/gamification
internal/connect/gamification/service.go,GET,/api/v1/connect/gamification/seasons,/api/v1/connect/gamification
internal/connect/gamification/service.go,GET,/api/v1/connect/gamification/streaks,/api/v1/connect/gamification
internal/connect/gifting/admin.go,GET,/api/connect/admin/gifts,/api/connect/admin
internal/connect/gifting/service.go,POST,/api/v1/connect/gifts,/api/v1/connect
internal/connect/gifting/service.go,GET,/api/v1/connect/gifts/catalog,/api/v1/connect
internal/connect/gifting/service.go,GET,/api/v1/connect/gifts/received,/api/v1/connect
internal/connect/gifting/service.go,GET,/api/v1/connect/gifts/sent,/api/v1/connect
internal/connect/live/service.go,GET,/api/connect/admin/live/sessions,/api/connect/admin/live
internal/connect/live/service.go,POST,/api/connect/admin/live/sessions/:id/terminate,/api/connect/admin/live
internal/connect/live/service.go,POST,/api/v1/connect/live/sessions,/api/v1/connect/live
internal/connect/live/service.go,GET,/api/v1/connect/live/sessions,/api/v1/connect/live
internal/connect/live/service.go,GET,/api/v1/connect/live/sessions/:id,/api/v1/connect/live
internal/connect/live/service.go,POST,/api/v1/connect/live/sessions/:id/cohost,/api/v1/connect/live
internal/connect/live/service.go,POST,/api/v1/connect/live/sessions/:id/end,/api/v1/connect/live
internal/connect/live/service.go,POST,/api/v1/connect/live/sessions/:id/moderate,/api/v1/connect/live
internal/connect/live/service.go,POST,/api/v1/connect/live/sessions/:id/pk,/api/v1/connect/live
internal/connect/live/service.go,POST,/api/v1/connect/live/sessions/:id/rtc-token,/api/v1/connect/live
internal/connect/live/service.go,POST,/api/v1/connect/live/sessions/:id/start,/api/v1/connect/live
internal/connect/networking/assessments/service.go,GET,/api/connect/admin/networking/assessments,/api/connect/admin/networking/assessments
internal/connect/networking/assessments/service.go,POST,/api/connect/admin/networking/assessments,/api/connect/admin/networking/assessments
internal/connect/networking/assessments/service.go,GET,/api/v1/connect/networking/assessment-badges,/api/v1/connect
internal/connect/networking/assessments/service.go,GET,/api/v1/connect/networking/assessments,/api/v1/connect/networking/assessments
internal/connect/networking/assessments/service.go,POST,/api/v1/connect/networking/assessments/:id/attempts,/api/v1/connect/networking/assessments
internal/connect/networking/assessments/service.go,PATCH,/api/v1/connect/networking/assessments/:id/attempts/:attemptId/submit,/api/v1/connect/networking/assessments
internal/connect/networking/feed/service.go,POST,/api/connect/admin/networking/posts/:id/moderation,/api/connect/admin/networking
internal/connect/networking/feed/service.go,POST,/api/v1/connect/networking/posts,/api/v1/connect/networking
internal/connect/networking/feed/service.go,GET,/api/v1/connect/networking/posts/:id,/api/v1/connect/networking
internal/connect/networking/feed/service.go,POST,/api/v1/connect/networking/posts/:id/comments,/api/v1/connect/networking
internal/connect/networking/feed/service.go,POST,/api/v1/connect/networking/posts/:id/reactions,/api/v1/connect/networking
internal/connect/networking/feed/service.go,GET,/api/v1/connect/networking/posts/feed,/api/v1/connect/networking
internal/connect/networking/feed/service.go,GET,/api/v1/connect/networking/topics/:tag,/api/v1/connect/networking
internal/connect/networking/jobs/handlers.go,PATCH,/api/connect/admin/networking/company-pages/:id/claim,/api/connect/admin/networking
internal/connect/networking/jobs/handlers.go,PATCH,/api/v1/connect/networking/applications/:appId/referrals,/api/v1/connect/networking
internal/connect/networking/jobs/handlers.go,POST,/api/v1/connect/networking/applications/:appId/referrals,/api/v1/connect/networking
internal/connect/networking/jobs/handlers.go,PATCH,/api/v1/connect/networking/applications/:appId/withdraw,/api/v1/connect/networking
internal/connect/networking/jobs/handlers.go,GET,/api/v1/connect/networking/applications/mine,/api/v1/connect/networking
internal/connect/networking/jobs/handlers.go,POST,/api/v1/connect/networking/company-claims,/api/v1/connect/networking
internal/connect/networking/jobs/handlers.go,GET,/api/v1/connect/networking/company-pages/:id,/api/v1/connect/networking
internal/connect/networking/jobs/handlers.go,POST,/api/v1/connect/networking/company-pages/:id/admins,/api/v1/connect/networking
internal/connect/networking/jobs/handlers.go,DELETE,/api/v1/connect/networking/company-pages/:id/admins/:userId,/api/v1/connect/networking
internal/connect/networking/jobs/handlers.go,PATCH,/api/v1/connect/networking/company-pages/:id/applications/:appId/state,/api/v1/connect/networking
internal/connect/networking/jobs/handlers.go,POST,/api/v1/connect/networking/company-pages/:id/follow,/api/v1/connect/networking
internal/connect/networking/jobs/handlers.go,POST,/api/v1/connect/networking/company-pages/:id/jobs,/api/v1/connect/networking
internal/connect/networking/jobs/handlers.go,POST,/api/v1/connect/networking/company-pages/:id/jobs/:jobId/activate,/api/v1/connect/networking
internal/connect/networking/jobs/handlers.go,GET,/api/v1/connect/networking/company-pages/:id/jobs/:jobId/applications,/api/v1/connect/networking
internal/connect/networking/jobs/handlers.go,GET,/api/v1/connect/networking/jobs,/api/v1/connect/networking
internal/connect/networking/jobs/handlers.go,GET,/api/v1/connect/networking/jobs/:jobId,/api/v1/connect/networking
internal/connect/networking/jobs/handlers.go,POST,/api/v1/connect/networking/jobs/:jobId/applications,/api/v1/connect/networking
internal/connect/networking/jobs/handlers.go,PUT,/api/v1/connect/networking/open-to-work,/api/v1/connect/networking
internal/connect/networking/jobs/handlers.go,GET,/api/v1/connect/networking/referrals/mine,/api/v1/connect/networking
internal/connect/networking/mentorship/service.go,GET,/api/connect/admin/networking/mentorship/loyalty-audit,/api/connect/admin/networking/mentorship
internal/connect/networking/mentorship/service.go,GET,/api/connect/admin/networking/mentorship/reports,/api/connect/admin/networking/mentorship
internal/connect/networking/mentorship/service.go,GET,/api/v1/connect/networking/mentorship/discovery,/api/v1/connect/networking/mentorship
internal/connect/networking/mentorship/service.go,GET,/api/v1/connect/networking/mentorship/matches,/api/v1/connect/networking/mentorship
internal/connect/networking/mentorship/service.go,POST,/api/v1/connect/networking/mentorship/matches,/api/v1/connect/networking/mentorship
internal/connect/networking/mentorship/service.go,POST,/api/v1/connect/networking/mentorship/matches/:id/respond,/api/v1/connect/networking/mentorship
internal/connect/networking/mentorship/service.go,PATCH,/api/v1/connect/networking/mentorship/matches/:id/state,/api/v1/connect/networking/mentorship
internal/connect/networking/mentorship/service.go,POST,/api/v1/connect/networking/mentorship/opt-in,/api/v1/connect/networking/mentorship
internal/connect/networking/profile/handlers.go,GET,/api/connect/admin/networking/recommendations,/api/connect/admin/networking
internal/connect/networking/profile/handlers.go,POST,/api/connect/admin/networking/recommendations/:id/hide,/api/connect/admin/networking
internal/connect/networking/profile/handlers.go,GET,/api/v1/connect/networking/about,/api/v1/connect/networking
internal/connect/networking/profile/handlers.go,PUT,/api/v1/connect/networking/about,/api/v1/connect/networking
internal/connect/networking/profile/handlers.go,GET,/api/v1/connect/networking/education,/api/v1/connect/networking
internal/connect/networking/profile/handlers.go,POST,/api/v1/connect/networking/education,/api/v1/connect/networking
internal/connect/networking/profile/handlers.go,PATCH,/api/v1/connect/networking/education/:id,/api/v1/connect/networking
internal/connect/networking/profile/handlers.go,DELETE,/api/v1/connect/networking/education/:id,/api/v1/connect/networking
internal/connect/networking/profile/handlers.go,GET,/api/v1/connect/networking/experience,/api/v1/connect/networking
internal/connect/networking/profile/handlers.go,POST,/api/v1/connect/networking/experience,/api/v1/connect/networking
internal/connect/networking/profile/handlers.go,PATCH,/api/v1/connect/networking/experience/:id,/api/v1/connect/networking
internal/connect/networking/profile/handlers.go,DELETE,/api/v1/connect/networking/experience/:id,/api/v1/connect/networking
internal/connect/networking/profile/handlers.go,POST,/api/v1/connect/networking/recommendations,/api/v1/connect/networking
internal/connect/networking/profile/handlers.go,PATCH,/api/v1/connect/networking/recommendations/:id/accept,/api/v1/connect/networking
internal/connect/networking/profile/handlers.go,PATCH,/api/v1/connect/networking/recommendations/:id/decline,/api/v1/connect/networking
internal/connect/networking/profile/handlers.go,PATCH,/api/v1/connect/networking/recommendations/:id/send,/api/v1/connect/networking
internal/connect/networking/profile/handlers.go,GET,/api/v1/connect/networking/recommendations/authored,/api/v1/connect/networking
internal/connect/networking/profile/handlers.go,GET,/api/v1/connect/networking/recommendations/inbox,/api/v1/connect/networking
internal/connect/networking/profile/handlers.go,POST,/api/v1/connect/networking/recommendations/requests,/api/v1/connect/networking
internal/connect/networking/profile/handlers.go,GET,/api/v1/connect/networking/strength,/api/v1/connect/networking
internal/connect/networking/profile/handlers.go,GET,/api/v1/connect/networking/users/:userId/recommendations,/api/v1/connect/networking
internal/connect/payouts/handlers.go,GET,/api/connect/admin/payouts,/api/connect/admin/payouts
internal/connect/payouts/handlers.go,GET,/api/connect/admin/payouts/:id,/api/connect/admin/payouts
internal/connect/payouts/handlers.go,POST,/api/connect/admin/payouts/:id/reject,/api/connect/admin/payouts
internal/connect/payouts/handlers.go,POST,/api/connect/admin/payouts/:id/settle,/api/connect/admin/payouts
internal/connect/payouts/handlers.go,POST,/api/v1/connect/payouts,/api/v1/connect
internal/connect/payouts/handlers.go,GET,/api/v1/connect/payouts,/api/v1/connect
internal/connect/voting/handlers.go,POST,/api/connect/admin/contests/:id/admin-vote,/api/connect/admin/contests
internal/connect/voting/handlers.go,GET,/api/connect/admin/contests/:id/evictions,/api/connect/admin/contests
internal/connect/voting/handlers.go,POST,/api/connect/admin/contests/:id/extend-grace-period,/api/connect/admin/contests
internal/connect/voting/handlers.go,POST,/api/connect/admin/contests/:id/save,/api/connect/admin/contests
internal/connect/voting/handlers.go,GET,/api/connect/admin/contests/:id/stages/:stageNum/contestants,/api/connect/admin/contests
internal/connect/voting/handlers.go,POST,/api/connect/admin/contests/:id/stages/:stageNum/evict,/api/connect/admin/contests
internal/connect/voting/handlers.go,POST,/api/connect/admin/contests/:id/stages/:stageNum/finalize-evictions,/api/connect/admin/contests
internal/connect/voting/handlers.go,GET,/api/v1/connect/contestants/:id,/api/v1/connect
internal/connect/voting/handlers.go,POST,/api/v1/connect/contestants/:id/like,/api/v1/connect
internal/connect/voting/handlers.go,DELETE,/api/v1/connect/contestants/:id/like,/api/v1/connect
internal/connect/voting/handlers.go,POST,/api/v1/connect/contestants/:id/share,/api/v1/connect
internal/connect/voting/handlers.go,GET,/api/v1/connect/contestants/:id/supporters,/api/v1/connect
internal/connect/voting/handlers.go,GET,/api/v1/connect/contests,/api/v1/connect
internal/connect/voting/handlers.go,GET,/api/v1/connect/contests/:id,/api/v1/connect
internal/connect/voting/handlers.go,GET,/api/v1/connect/contests/:id/contestants,/api/v1/connect
internal/connect/voting/handlers.go,GET,/api/v1/connect/contests/:id/evictions,/api/v1/connect
internal/connect/voting/handlers.go,GET,/api/v1/connect/contests/:id/free-vote-allowance,/api/v1/connect
internal/connect/voting/handlers.go,POST,/api/v1/connect/contests/:id/paid-vote,/api/v1/connect
internal/connect/voting/handlers.go,GET,/api/v1/connect/contests/:id/results,/api/v1/connect
internal/connect/voting/handlers.go,GET,/api/v1/connect/contests/:id/stages,/api/v1/connect
internal/connect/voting/handlers.go,GET,/api/v1/connect/contests/:id/stages/:stageNum/contestants,/api/v1/connect
internal/connect/voting/handlers.go,POST,/api/v1/connect/contests/:id/vote,/api/v1/connect
internal/connect/voting/handlers.go,GET,/api/v1/connect/creator/share/:token,/api/v1/connect/creator
internal/connect/voting/handlers.go,GET,/api/v1/connect/notifications,/api/v1/connect
internal/connect/voting/handlers.go,POST,/api/v1/connect/support/tickets,/api/v1/connect
internal/connect/voting/handlers.go,GET,/api/v1/connect/support/tickets,/api/v1/connect
internal/connect/voting/handlers.go,GET,/api/v1/connect/support/tickets/:id,/api/v1/connect
internal/connect/voting/handlers.go,PATCH,/api/v1/connect/support/tickets/:id,/api/v1/connect
internal/connect/voting/handlers.go,POST,/api/v1/connect/support/tickets/:id/messages,/api/v1/connect
internal/connect/voting/handlers.go,GET,/api/v1/connect/support/tickets/:id/messages,/api/v1/connect
internal/connect/voting/handlers.go,GET,/api/v1/connect/votes/:id,/api/v1/connect
internal/connect/voting/handlers.go,GET,/api/v1/connect/votes/mine,/api/v1/connect
internal/creators/handler.go,POST,/api/creators/admin/creators/:creatorId/approve,/api/creators/admin
internal/creators/handler.go,POST,/api/creators/admin/creators/:creatorId/suspend,/api/creators/admin
internal/creators/handler.go,POST,/api/creators/admin/creators/content/:contentId/moderate,/api/creators/admin
internal/creators/handler.go,POST,/api/creators/admin/creators/payouts/:payoutId/paid,/api/creators/admin
internal/creators/handler.go,GET,/api/finance/creators/creators-directory,/api/finance/creators
internal/creators/handler.go,GET,/api/finance/creators/creators/:creatorId,/api/finance/creators
internal/creators/handler.go,POST,/api/finance/creators/creators/:creatorId/tip,/api/finance/creators
internal/creators/handler.go,POST,/api/finance/creators/creators/apply,/api/finance/creators
internal/creators/handler.go,POST,/api/finance/creators/creators/content,/api/finance/creators
internal/creators/handler.go,GET,/api/finance/creators/creators/content/:contentId,/api/finance/creators
internal/creators/handler.go,POST,/api/finance/creators/creators/content/:contentId/purchase,/api/finance/creators
internal/creators/handler.go,GET,/api/finance/creators/creators/earnings/balance,/api/finance/creators
internal/creators/handler.go,POST,/api/finance/creators/creators/payouts,/api/finance/creators
internal/creators/handler.go,POST,/api/finance/creators/creators/subscriptions/:subId/cancel,/api/finance/creators
internal/creators/handler.go,POST,/api/finance/creators/creators/tiers,/api/finance/creators
internal/creators/handler.go,POST,/api/finance/creators/creators/tiers/:tierId/subscribe,/api/finance/creators
internal/creators/handler.go,GET,/api/finance/creators/my-creator/content,/api/finance/creators
internal/creators/handler.go,GET,/api/finance/creators/my-creator/subscriptions,/api/finance/creators
internal/crowdfunding/adminext/handler.go,GET,/api/crowdfunding/admin/campaign-directory,/api/crowdfunding/admin
internal/crowdfunding/adminext/handler.go,GET,/api/crowdfunding/admin/campaigns/:id/backers,/api/crowdfunding/admin
internal/crowdfunding/adminext/handler.go,PATCH,/api/crowdfunding/admin/campaigns/:id/flags,/api/crowdfunding/admin
internal/crowdfunding/adminext/handler.go,POST,/api/crowdfunding/admin/campaigns/:id/freeze,/api/crowdfunding/admin
internal/crowdfunding/adminext/handler.go,GET,/api/crowdfunding/admin/campaigns/:id/funding,/api/crowdfunding/admin
internal/crowdfunding/adminext/handler.go,POST,/api/crowdfunding/admin/campaigns/:id/unfreeze,/api/crowdfunding/admin
internal/crowdfunding/adminext/handler.go,GET,/api/crowdfunding/admin/compliance/audit-logs,/api/crowdfunding/admin
internal/crowdfunding/adminext/handler.go,GET,/api/crowdfunding/admin/compliance/data-requests,/api/crowdfunding/admin
internal/crowdfunding/adminext/handler.go,POST,/api/crowdfunding/admin/compliance/data-requests/:id/fulfil,/api/crowdfunding/admin
internal/crowdfunding/adminext/handler.go,GET,/api/crowdfunding/admin/compliance/summary,/api/crowdfunding/admin
internal/crowdfunding/adminext/handler.go,GET,/api/crowdfunding/admin/config/categories,/api/crowdfunding/admin
internal/crowdfunding/adminext/handler.go,PATCH,/api/crowdfunding/admin/config/categories/:id,/api/crowdfunding/admin
internal/crowdfunding/adminext/handler.go,GET,/api/crowdfunding/admin/config/fees,/api/crowdfunding/admin
internal/crowdfunding/adminext/handler.go,PUT,/api/crowdfunding/admin/config/fees,/api/crowdfunding/admin
internal/crowdfunding/adminext/handler.go,GET,/api/crowdfunding/admin/config/flags,/api/crowdfunding/admin
internal/crowdfunding/adminext/handler.go,PATCH,/api/crowdfunding/admin/config/flags/:key,/api/crowdfunding/admin
internal/crowdfunding/adminext/handler.go,GET,/api/crowdfunding/admin/disputes,/api/crowdfunding/admin
internal/crowdfunding/adminext/handler.go,POST,/api/crowdfunding/admin/disputes/:id/resolve,/api/crowdfunding/admin
internal/crowdfunding/adminext/handler.go,GET,/api/crowdfunding/admin/feature-requests,/api/crowdfunding/admin
internal/crowdfunding/adminext/handler.go,POST,/api/crowdfunding/admin/feature-requests/:id/approve,/api/crowdfunding/admin
internal/crowdfunding/adminext/handler.go,POST,/api/crowdfunding/admin/feature-requests/:id/reject,/api/crowdfunding/admin
internal/crowdfunding/adminext/handler.go,GET,/api/crowdfunding/admin/featured,/api/crowdfunding/admin
internal/crowdfunding/adminext/handler.go,GET,/api/crowdfunding/admin/featured/report,/api/crowdfunding/admin
internal/crowdfunding/adminext/handler.go,GET,/api/crowdfunding/admin/finance/summary,/api/crowdfunding/admin
internal/crowdfunding/adminext/handler.go,GET,/api/crowdfunding/admin/fraud-alerts,/api/crowdfunding/admin
internal/crowdfunding/adminext/handler.go,GET,/api/crowdfunding/admin/kyc,/api/crowdfunding/admin
internal/crowdfunding/adminext/handler.go,POST,/api/crowdfunding/admin/kyc/:id/approve,/api/crowdfunding/admin
internal/crowdfunding/adminext/handler.go,POST,/api/crowdfunding/admin/kyc/:id/reject,/api/crowdfunding/admin
internal/crowdfunding/adminext/handler.go,GET,/api/crowdfunding/admin/refunds,/api/crowdfunding/admin
internal/crowdfunding/adminext/handler.go,POST,/api/crowdfunding/admin/refunds/:id/approve,/api/crowdfunding/admin
internal/crowdfunding/adminext/handler.go,POST,/api/crowdfunding/admin/refunds/:id/reject,/api/crowdfunding/admin
internal/crowdfunding/adminext/handler.go,GET,/api/crowdfunding/admin/settlements,/api/crowdfunding/admin
internal/crowdfunding/adminext/handler.go,GET,/api/crowdfunding/admin/users,/api/crowdfunding/admin
internal/crowdfunding/adminext/handler.go,POST,/api/crowdfunding/admin/users/:id/status,/api/crowdfunding/admin
internal/crowdfunding/adminext/handler.go,GET,/api/crowdfunding/admin/withdrawals,/api/crowdfunding/admin
internal/crowdfunding/adminext/handler.go,POST,/api/crowdfunding/admin/withdrawals/:id/approve,/api/crowdfunding/admin
internal/crowdfunding/adminext/handler.go,POST,/api/crowdfunding/admin/withdrawals/:id/reject,/api/crowdfunding/admin
internal/crowdfunding/creator/handler.go,GET,/api/finance/crowdfunding/campaigns/:id/contributors,/api/finance/crowdfunding
internal/crowdfunding/creator/handler.go,GET,/api/finance/crowdfunding/campaigns/:id/milestones,/api/finance/crowdfunding
internal/crowdfunding/creator/handler.go,POST,/api/finance/crowdfunding/campaigns/:id/save,/api/finance/crowdfunding
internal/crowdfunding/creator/handler.go,DELETE,/api/finance/crowdfunding/campaigns/:id/save,/api/finance/crowdfunding
internal/crowdfunding/creator/handler.go,GET,/api/finance/crowdfunding/contributions,/api/finance/crowdfunding
internal/crowdfunding/creator/handler.go,GET,/api/finance/crowdfunding/contributions/:id,/api/finance/crowdfunding
internal/crowdfunding/creator/handler.go,POST,/api/finance/crowdfunding/contributions/:id/refund-request,/api/finance/crowdfunding
internal/crowdfunding/creator/handler.go,GET,/api/finance/crowdfunding/creator/campaigns,/api/finance/crowdfunding
internal/crowdfunding/creator/handler.go,PATCH,/api/finance/crowdfunding/creator/campaigns/:id,/api/finance/crowdfunding
internal/crowdfunding/creator/handler.go,DELETE,/api/finance/crowdfunding/creator/campaigns/:id,/api/finance/crowdfunding
internal/crowdfunding/creator/handler.go,GET,/api/finance/crowdfunding/creator/campaigns/:id/analytics,/api/finance/crowdfunding
internal/crowdfunding/creator/handler.go,POST,/api/finance/crowdfunding/creator/campaigns/:id/feature-request,/api/finance/crowdfunding
internal/crowdfunding/creator/handler.go,DELETE,/api/finance/crowdfunding/creator/campaigns/:id/feature-request,/api/finance/crowdfunding
internal/crowdfunding/creator/handler.go,POST,/api/finance/crowdfunding/creator/campaigns/:id/pause,/api/finance/crowdfunding
internal/crowdfunding/creator/handler.go,POST,/api/finance/crowdfunding/creator/campaigns/:id/resume,/api/finance/crowdfunding
internal/crowdfunding/creator/handler.go,POST,/api/finance/crowdfunding/creator/campaigns/:id/unfeature,/api/finance/crowdfunding
internal/crowdfunding/creator/handler.go,GET,/api/finance/crowdfunding/creator/contributions,/api/finance/crowdfunding
internal/crowdfunding/creator/handler.go,GET,/api/finance/crowdfunding/creator/notifications,/api/finance/crowdfunding
internal/crowdfunding/creator/handler.go,GET,/api/finance/crowdfunding/creator/stats,/api/finance/crowdfunding
internal/crowdfunding/creator/handler.go,GET,/api/finance/crowdfunding/creator/withdrawals,/api/finance/crowdfunding
internal/crowdfunding/creator/handler.go,GET,/api/finance/crowdfunding/recently-viewed,/api/finance/crowdfunding
internal/crowdfunding/creator/handler.go,GET,/api/finance/crowdfunding/rewards/backers,/api/finance/crowdfunding
internal/crowdfunding/creator/handler.go,PUT,/api/finance/crowdfunding/rewards/fulfilment/:id,/api/finance/crowdfunding
internal/crowdfunding/creator/handler.go,GET,/api/finance/crowdfunding/saved-campaigns,/api/finance/crowdfunding
internal/crowdfunding/csr/service.go,GET,/api/finance/crowdfunding/csr/campaigns,/api/finance/crowdfunding/csr
internal/crowdfunding/csr/service.go,GET,/api/finance/crowdfunding/csr/campaigns/:id,/api/finance/crowdfunding/csr
internal/crowdfunding/csr/service.go,GET,/api/finance/crowdfunding/csr/employee-giving,/api/finance/crowdfunding/csr
internal/crowdfunding/csr/service.go,GET,/api/finance/crowdfunding/csr/impact,/api/finance/crowdfunding/csr
internal/crowdfunding/csr/service.go,GET,/api/finance/crowdfunding/csr/invoices,/api/finance/crowdfunding/csr
internal/crowdfunding/csr/service.go,GET,/api/finance/crowdfunding/csr/matches,/api/finance/crowdfunding/csr
internal/crowdfunding/csr/service.go,POST,/api/finance/crowdfunding/csr/matches,/api/finance/crowdfunding/csr
internal/crowdfunding/csr/service.go,POST,/api/finance/crowdfunding/csr/matches/:id/approve,/api/finance/crowdfunding/csr
internal/crowdfunding/csr/service.go,GET,/api/finance/crowdfunding/csr/profile,/api/finance/crowdfunding/csr
internal/crowdfunding/engage/handler.go,POST,/api/finance/crowdfunding/campaigns/:id/broadcast,/api/finance/crowdfunding
internal/crowdfunding/engage/handler.go,GET,/api/finance/crowdfunding/campaigns/:id/comments,/api/finance/crowdfunding
internal/crowdfunding/engage/handler.go,POST,/api/finance/crowdfunding/campaigns/:id/comments,/api/finance/crowdfunding
internal/crowdfunding/engage/handler.go,GET,/api/finance/crowdfunding/campaigns/:id/documents,/api/finance/crowdfunding
internal/crowdfunding/engage/handler.go,POST,/api/finance/crowdfunding/campaigns/:id/documents,/api/finance/crowdfunding
internal/crowdfunding/engage/handler.go,POST,/api/finance/crowdfunding/campaigns/:id/events,/api/finance/crowdfunding
internal/crowdfunding/engage/handler.go,GET,/api/finance/crowdfunding/campaigns/:id/updates,/api/finance/crowdfunding
internal/crowdfunding/engage/handler.go,POST,/api/finance/crowdfunding/campaigns/:id/updates,/api/finance/crowdfunding
internal/crowdfunding/engage/handler.go,POST,/api/finance/crowdfunding/comments/:commentId/reply,/api/finance/crowdfunding
internal/crowdfunding/engage/handler.go,POST,/api/finance/crowdfunding/comments/:commentId/report,/api/finance/crowdfunding
internal/crowdfunding/engage/handler.go,GET,/api/finance/crowdfunding/help,/api/finance/crowdfunding
internal/crowdfunding/engage/handler.go,GET,/api/finance/crowdfunding/notifications,/api/finance/crowdfunding
internal/crowdfunding/engage/handler.go,POST,/api/finance/crowdfunding/notifications/read,/api/finance/crowdfunding
internal/crowdfunding/engage/handler.go,GET,/api/finance/crowdfunding/settings/notifications,/api/finance/crowdfunding
internal/crowdfunding/engage/handler.go,PUT,/api/finance/crowdfunding/settings/notifications,/api/finance/crowdfunding
internal/crowdfunding/engage/handler.go,GET,/api/finance/crowdfunding/support/tickets,/api/finance/crowdfunding
internal/crowdfunding/engage/handler.go,POST,/api/finance/crowdfunding/support/tickets,/api/finance/crowdfunding
internal/crowdfunding/engage/handler.go,GET,/api/finance/crowdfunding/support/tickets/:id,/api/finance/crowdfunding
internal/crowdfunding/engage/handler.go,POST,/api/finance/crowdfunding/support/tickets/:id/reply,/api/finance/crowdfunding
internal/crowdfunding/engage/handler.go,POST,/api/finance/crowdfunding/updates/:updateId/like,/api/finance/crowdfunding
internal/crowdfunding/investment/service.go,GET,/api/finance/crowdfunding/investment/education,/api/finance/crowdfunding/investment
internal/crowdfunding/investment/service.go,GET,/api/finance/crowdfunding/investment/offers,/api/finance/crowdfunding/investment
internal/crowdfunding/investment/service.go,GET,/api/finance/crowdfunding/investment/offers/:id,/api/finance/crowdfunding/investment
internal/crowdfunding/investment/service.go,POST,/api/finance/crowdfunding/investment/onboarding,/api/finance/crowdfunding/investment
internal/crowdfunding/investment/service.go,GET,/api/finance/crowdfunding/investment/portfolio,/api/finance/crowdfunding/investment
internal/crowdfunding/investment/service.go,GET,/api/finance/crowdfunding/investment/profile,/api/finance/crowdfunding/investment
internal/crowdfunding/investment/service.go,GET,/api/finance/crowdfunding/investment/quiz,/api/finance/crowdfunding/investment
internal/crowdfunding/investment/service.go,POST,/api/finance/crowdfunding/investment/subscribe,/api/finance/crowdfunding/investment
internal/crowdfunding/wallet/service.go,GET,/api/finance/crowdfunding/bank-accounts,/api/finance/crowdfunding
internal/crowdfunding/wallet/service.go,GET,/api/finance/crowdfunding/campaigns/:id/ledger,/api/finance/crowdfunding
internal/crowdfunding/wallet/service.go,GET,/api/finance/crowdfunding/campaigns/:id/wallet,/api/finance/crowdfunding
internal/crowdfunding/wallet/service.go,POST,/api/finance/crowdfunding/campaigns/:id/withdrawal-request,/api/finance/crowdfunding
internal/crowdfunding/wallet/service.go,GET,/api/finance/crowdfunding/ledger/:id,/api/finance/crowdfunding
internal/crypto/handler.go,GET,/api/v1/admin/crypto/addresses,/api/v1/admin/crypto
internal/crypto/handler.go,POST,/api/v1/admin/crypto/addresses/:id/decision,/api/v1/admin/crypto
internal/crypto/handler.go,GET,/api/v1/admin/crypto/assets,/api/v1/admin/crypto
internal/crypto/handler.go,POST,/api/v1/admin/crypto/assets,/api/v1/admin/crypto
internal/crypto/handler.go,GET,/api/v1/admin/crypto/orders,/api/v1/admin/crypto
internal/crypto/handler.go,GET,/api/v1/admin/crypto/reconciliation,/api/v1/admin/crypto
internal/crypto/handler.go,GET,/api/v1/admin/crypto/swaps,/api/v1/admin/crypto
internal/crypto/handler.go,GET,/api/v1/admin/crypto/withdrawals,/api/v1/admin/crypto
internal/crypto/handler.go,POST,/api/v1/admin/crypto/withdrawals/:id/decision,/api/v1/admin/crypto
internal/crypto/handler.go,GET,/api/v1/crypto/addresses,/api/v1/crypto
internal/crypto/handler.go,POST,/api/v1/crypto/addresses,/api/v1/crypto
internal/crypto/handler.go,DELETE,/api/v1/crypto/addresses/:id,/api/v1/crypto
internal/crypto/handler.go,POST,/api/v1/crypto/addresses/screen,/api/v1/crypto
internal/crypto/handler.go,GET,/api/v1/crypto/assets,/api/v1/crypto
internal/crypto/handler.go,GET,/api/v1/crypto/assets/:id/chart,/api/v1/crypto
internal/crypto/handler.go,GET,/api/v1/crypto/assets/:id/quote,/api/v1/crypto
internal/crypto/handler.go,GET,/api/v1/crypto/deposit-address,/api/v1/crypto
internal/crypto/handler.go,GET,/api/v1/crypto/markets,/api/v1/crypto
internal/crypto/handler.go,GET,/api/v1/crypto/orders,/api/v1/crypto
internal/crypto/handler.go,POST,/api/v1/crypto/orders/buy,/api/v1/crypto
internal/crypto/handler.go,POST,/api/v1/crypto/orders/sell,/api/v1/crypto
internal/crypto/handler.go,GET,/api/v1/crypto/portfolio,/api/v1/crypto
internal/crypto/handler.go,GET,/api/v1/crypto/portfolio/holdings,/api/v1/crypto
internal/crypto/handler.go,POST,/api/v1/crypto/swap,/api/v1/crypto
internal/crypto/handler.go,GET,/api/v1/crypto/swap/orders,/api/v1/crypto
internal/crypto/handler.go,POST,/api/v1/crypto/swap/quote,/api/v1/crypto
internal/crypto/handler.go,GET,/api/v1/crypto/transactions/:id,/api/v1/crypto
internal/crypto/handler.go,POST,/api/v1/crypto/withdrawals,/api/v1/crypto
internal/crypto/handler.go,GET,/api/v1/crypto/withdrawals,/api/v1/crypto
internal/crypto/handler.go,GET,/api/v1/crypto/withdrawals/:id,/api/v1/crypto
internal/crypto/handler.go,POST,/api/v1/crypto/withdrawals/:id/confirm,/api/v1/crypto
internal/crypto/handler.go,GET,/api/v1/crypto/withdrawals/eligibility,/api/v1/crypto
internal/crypto/handler.go,POST,/api/v1/crypto/withdrawals/quote,/api/v1/crypto
internal/crypto/onchain.go,POST,/api/v1/crypto/internal/onchain-balance,/api/v1/crypto
internal/estate/paystackcheckout/handler.go,POST,/api/finance/estate/:id/dues/invoices/:invoiceId/pay/paystack/initiate,/api/finance/estate
internal/estate/paystackcheckout/handler.go,GET,/api/finance/estate/:id/dues/paystack/:reference/status,/api/finance/estate
internal/finance/commission/handler.go,POST,/api/finance/commission/calculate,/api/finance/commission
internal/finance/commission/handler.go,GET,/api/finance/commission/config,/api/finance/commission
internal/finance/commission/handler.go,POST,/api/finance/commission/config,/api/finance/commission
internal/finance/commission/handler.go,PUT,/api/finance/commission/config/:id,/api/finance/commission
internal/finance/commission/handler.go,POST,/api/finance/commission/config/:id/toggle,/api/finance/commission
internal/finance/commission/handler.go,GET,/api/finance/commission/earnings,/api/finance/commission
internal/finance/commission/handler.go,GET,/api/finance/commission/report,/api/finance/commission
internal/fractionalre/service.go,POST,/api/finance/fractionalre/activate,/api/finance/fractionalre
internal/fractionalre/service.go,GET,/api/finance/fractionalre/admin/assets,/api/finance/fractionalre/admin
internal/fractionalre/service.go,POST,/api/finance/fractionalre/admin/assets,/api/finance/fractionalre/admin
internal/fractionalre/service.go,GET,/api/finance/fractionalre/admin/assets/:id,/api/finance/fractionalre/admin
internal/fractionalre/service.go,PATCH,/api/finance/fractionalre/admin/assets/:id,/api/finance/fractionalre/admin
internal/fractionalre/service.go,GET,/api/finance/fractionalre/admin/assets/:id/cap-table,/api/finance/fractionalre/admin
internal/fractionalre/service.go,POST,/api/finance/fractionalre/admin/assets/:id/rounds,/api/finance/fractionalre/admin
internal/fractionalre/service.go,POST,/api/finance/fractionalre/admin/assets/:id/title-verify,/api/finance/fractionalre/admin
internal/fractionalre/service.go,POST,/api/finance/fractionalre/admin/assets/:id/transition,/api/finance/fractionalre/admin
internal/fractionalre/service.go,GET,/api/finance/fractionalre/admin/audit,/api/finance/fractionalre/admin
internal/fractionalre/service.go,POST,/api/finance/fractionalre/admin/cap-table/transfer,/api/finance/fractionalre/admin
internal/fractionalre/service.go,GET,/api/finance/fractionalre/admin/compliance/dashboard,/api/finance/fractionalre/admin
internal/fractionalre/service.go,GET,/api/finance/fractionalre/admin/dashboard,/api/finance/fractionalre/admin
internal/fractionalre/service.go,POST,/api/finance/fractionalre/admin/distributions,/api/finance/fractionalre/admin
internal/fractionalre/service.go,GET,/api/finance/fractionalre/admin/distributions,/api/finance/fractionalre/admin
internal/fractionalre/service.go,POST,/api/finance/fractionalre/admin/distributions/:id/approve,/api/finance/fractionalre/admin
internal/fractionalre/service.go,GET,/api/finance/fractionalre/admin/distributions/:id/preview,/api/finance/fractionalre/admin
internal/fractionalre/service.go,POST,/api/finance/fractionalre/admin/distributions/:id/submit,/api/finance/fractionalre/admin
internal/fractionalre/service.go,GET,/api/finance/fractionalre/admin/documents,/api/finance/fractionalre/admin
internal/fractionalre/service.go,POST,/api/finance/fractionalre/admin/documents/presign,/api/finance/fractionalre/admin
internal/fractionalre/service.go,GET,/api/finance/fractionalre/admin/finance/escrow,/api/finance/fractionalre/admin
internal/fractionalre/service.go,GET,/api/finance/fractionalre/admin/finance/fees,/api/finance/fractionalre/admin
internal/fractionalre/service.go,GET,/api/finance/fractionalre/admin/finance/reconciliation,/api/finance/fractionalre/admin
internal/fractionalre/service.go,POST,/api/finance/fractionalre/admin/finance/refunds/:roundId,/api/finance/fractionalre/admin
internal/fractionalre/service.go,GET,/api/finance/fractionalre/admin/investors,/api/finance/fractionalre/admin
internal/fractionalre/service.go,GET,/api/finance/fractionalre/admin/investors/:id,/api/finance/fractionalre/admin
internal/fractionalre/service.go,POST,/api/finance/fractionalre/admin/investors/:id/classify,/api/finance/fractionalre/admin
internal/fractionalre/service.go,GET,/api/finance/fractionalre/admin/investors/:id/limit,/api/finance/fractionalre/admin
internal/fractionalre/service.go,POST,/api/finance/fractionalre/admin/investors/:id/limit-override,/api/finance/fractionalre/admin
internal/fractionalre/service.go,POST,/api/finance/fractionalre/admin/kyc/:userId/decision,/api/finance/fractionalre/admin
internal/fractionalre/service.go,GET,/api/finance/fractionalre/admin/kyc/queue,/api/finance/fractionalre/admin
internal/fractionalre/service.go,GET,/api/finance/fractionalre/admin/market/controls,/api/finance/fractionalre/admin
internal/fractionalre/service.go,PUT,/api/finance/fractionalre/admin/market/controls,/api/finance/fractionalre/admin
internal/fractionalre/service.go,GET,/api/finance/fractionalre/admin/market/listings,/api/finance/fractionalre/admin
internal/fractionalre/service.go,POST,/api/finance/fractionalre/admin/market/listings/:id/halt,/api/finance/fractionalre/admin
internal/fractionalre/service.go,GET,/api/finance/fractionalre/admin/rounds,/api/finance/fractionalre/admin
internal/fractionalre/service.go,GET,/api/finance/fractionalre/admin/rounds/:id,/api/finance/fractionalre/admin
internal/fractionalre/service.go,POST,/api/finance/fractionalre/admin/rounds/:id/allocate,/api/finance/fractionalre/admin
internal/fractionalre/service.go,POST,/api/finance/fractionalre/admin/rounds/:id/close,/api/finance/fractionalre/admin
internal/fractionalre/service.go,POST,/api/finance/fractionalre/admin/rounds/:id/extend,/api/finance/fractionalre/admin
internal/fractionalre/service.go,POST,/api/finance/fractionalre/admin/rounds/:id/refund,/api/finance/fractionalre/admin
internal/fractionalre/service.go,GET,/api/finance/fractionalre/admin/sponsors,/api/finance/fractionalre/admin
internal/fractionalre/service.go,POST,/api/finance/fractionalre/admin/sponsors,/api/finance/fractionalre/admin
internal/fractionalre/service.go,GET,/api/finance/fractionalre/auto-invest,/api/finance/fractionalre
internal/fractionalre/service.go,POST,/api/finance/fractionalre/auto-invest,/api/finance/fractionalre
internal/fractionalre/service.go,POST,/api/finance/fractionalre/auto-invest/:id/pause,/api/finance/fractionalre
internal/fractionalre/service.go,GET,/api/finance/fractionalre/beneficiaries,/api/finance/fractionalre
internal/fractionalre/service.go,POST,/api/finance/fractionalre/beneficiaries,/api/finance/fractionalre
internal/fractionalre/service.go,DELETE,/api/finance/fractionalre/beneficiaries/:id,/api/finance/fractionalre
internal/fractionalre/service.go,GET,/api/finance/fractionalre/certificates/:investmentId,/api/finance/fractionalre
internal/fractionalre/service.go,GET,/api/finance/fractionalre/documents,/api/finance/fractionalre
internal/fractionalre/service.go,GET,/api/finance/fractionalre/goals,/api/finance/fractionalre
internal/fractionalre/service.go,POST,/api/finance/fractionalre/goals,/api/finance/fractionalre
internal/fractionalre/service.go,GET,/api/finance/fractionalre/market,/api/finance/fractionalre
internal/fractionalre/service.go,POST,/api/finance/fractionalre/market/list,/api/finance/fractionalre
internal/fractionalre/service.go,POST,/api/finance/fractionalre/market/listings/:id/buy,/api/finance/fractionalre
internal/fractionalre/service.go,GET,/api/finance/fractionalre/market/orders,/api/finance/fractionalre
internal/fractionalre/service.go,GET,/api/finance/fractionalre/me,/api/finance/fractionalre
internal/fractionalre/service.go,GET,/api/finance/fractionalre/offerings,/api/finance/fractionalre
internal/fractionalre/service.go,GET,/api/finance/fractionalre/offerings/:id,/api/finance/fractionalre
internal/fractionalre/service.go,POST,/api/finance/fractionalre/offerings/:id/limit-check,/api/finance/fractionalre
internal/fractionalre/service.go,POST,/api/finance/fractionalre/offerings/:id/subscribe,/api/finance/fractionalre
internal/fractionalre/service.go,POST,/api/finance/fractionalre/offerings/:id/watch,/api/finance/fractionalre
internal/fractionalre/service.go,DELETE,/api/finance/fractionalre/offerings/:id/watch,/api/finance/fractionalre
internal/fractionalre/service.go,GET,/api/finance/fractionalre/portfolio,/api/finance/fractionalre
internal/fractionalre/service.go,GET,/api/finance/fractionalre/portfolio/holdings,/api/finance/fractionalre
internal/fractionalre/service.go,GET,/api/finance/fractionalre/portfolio/holdings/:id,/api/finance/fractionalre
internal/fractionalre/service.go,GET,/api/finance/fractionalre/portfolio/payouts,/api/finance/fractionalre
internal/fractionalre/service.go,GET,/api/finance/fractionalre/portfolio/statements,/api/finance/fractionalre
internal/fractionalre/service.go,GET,/api/finance/fractionalre/referrals,/api/finance/fractionalre
internal/fractionalre/service.go,POST,/api/finance/fractionalre/risk-ack,/api/finance/fractionalre
internal/fractionalre/service.go,POST,/api/finance/fractionalre/suitability,/api/finance/fractionalre
internal/fractionalre/service.go,GET,/api/finance/fractionalre/watchlist,/api/finance/fractionalre
internal/health/triage/care/handler.go,GET,/api/finance/health/triage/emergency/nearest,/api/finance
internal/health/triage/care/handler.go,GET,/api/finance/health/triage/referrals,/api/finance
internal/health/triage/care/handler.go,POST,/api/finance/health/triage/referrals/:id/pay,/api/finance
internal/health/triage/care/handler.go,POST,/api/finance/health/triage/sessions/:id/refer,/api/finance
internal/health/triage/care/handler.go,GET,/api/health/triage/admin/escalations,/api/health/triage/admin
internal/health/triage/care/handler.go,POST,/api/health/triage/admin/escalations/:id/ack,/api/health/triage/admin
internal/health/triage/care/handler.go,POST,/api/health/triage/admin/escalations/:id/resolve,/api/health/triage/admin
internal/health/triage/core/handler.go,GET,/api/finance/health/triage/profiles,/api/finance/health/triage
internal/health/triage/core/handler.go,POST,/api/finance/health/triage/profiles,/api/finance/health/triage
internal/health/triage/core/handler.go,POST,/api/finance/health/triage/sessions,/api/finance/health/triage
internal/health/triage/core/handler.go,GET,/api/finance/health/triage/sessions/:id,/api/finance/health/triage
internal/health/triage/core/handler.go,POST,/api/finance/health/triage/sessions/:id/answer,/api/finance/health/triage
internal/health/triage/core/handler.go,POST,/api/finance/health/triage/sessions/:id/intake,/api/finance/health/triage
internal/health/triage/core/handler.go,GET,/api/health/triage/admin/triage/sessions/:id,/api/health/triage/admin/triage
internal/health/triage/governance/handler.go,GET,/api/health/triage/admin/content,/api/health/triage/admin
internal/health/triage/governance/handler.go,POST,/api/health/triage/admin/content,/api/health/triage/admin
internal/health/triage/governance/handler.go,PUT,/api/health/triage/admin/content/:id,/api/health/triage/admin
internal/health/triage/governance/handler.go,POST,/api/health/triage/admin/content/:id/:action,/api/health/triage/admin
internal/health/triage/governance/handler.go,GET,/api/health/triage/admin/language-packs,/api/health/triage/admin
internal/health/triage/governance/handler.go,POST,/api/health/triage/admin/language-packs,/api/health/triage/admin
internal/health/triage/governance/handler.go,GET,/api/health/triage/admin/rules,/api/health/triage/admin
internal/health/triage/governance/handler.go,POST,/api/health/triage/admin/rules,/api/health/triage/admin
internal/health/triage/governance/handler.go,PUT,/api/health/triage/admin/rules/:id,/api/health/triage/admin
internal/health/triage/governance/handler.go,POST,/api/health/triage/admin/rules/:id/:action,/api/health/triage/admin
internal/health/triage/governance/handler.go,POST,/api/health/triage/admin/validation/run,/api/health/triage/admin
internal/health/triage/governance/handler.go,GET,/api/health/triage/admin/vignettes,/api/health/triage/admin
internal/health/triage/governance/handler.go,POST,/api/health/triage/admin/vignettes,/api/health/triage/admin
internal/health/triage/governance/handler.go,POST,/internal/webhooks/triage/whatsapp,(root)
internal/insurance/claims/handler.go,POST,/api/finance/insurance/claims,/api/finance/insurance/claims
internal/insurance/claims/handler.go,GET,/api/finance/insurance/claims,/api/finance/insurance/claims
internal/insurance/claims/handler.go,GET,/api/finance/insurance/claims/:id,/api/finance/insurance/claims
internal/insurance/claims/handler.go,POST,/api/finance/insurance/claims/:id/evidence,/api/finance/insurance/claims
internal/insurance/claims/handler.go,GET,/api/finance/insurance/claims/:id/evidence,/api/finance/insurance/claims
internal/insurance/claims/handler.go,GET,/api/insurance/admin/claims,/api/insurance/admin/claims
internal/insurance/claims/handler.go,GET,/api/insurance/admin/claims/:id,/api/insurance/admin/claims
internal/insurance/claims/handler.go,POST,/api/insurance/admin/claims/:id/decision,/api/insurance/admin/claims
internal/insurance/embedded/service.go,POST,/api/finance/insurance/embedded/events,/api/finance/insurance/embedded
internal/insurance/embedded/service.go,GET,/api/finance/insurance/embedded/events,/api/finance/insurance/embedded
internal/insurance/reconciliation/service.go,GET,/api/insurance/admin/commission,/api/insurance/admin/commission
internal/insurance/reconciliation/service.go,POST,/api/insurance/admin/commission/:policy_id/confirm,/api/insurance/admin/commission
internal/insurance/reconciliation/service.go,POST,/api/insurance/admin/commission/:policy_id/reverse,/api/insurance/admin/commission
internal/insurance/reconciliation/service.go,GET,/api/insurance/admin/reconciliation,/api/insurance/admin/reconciliation
internal/insurance/reconciliation/service.go,POST,/api/insurance/admin/reconciliation/:id/resolve,/api/insurance/admin/reconciliation
internal/insurance/reconciliation/service.go,POST,/api/insurance/admin/reconciliation/match,/api/insurance/admin/reconciliation
internal/insurance/webhooks/service.go,POST,/internal/webhooks/mycover,/internal/webhooks
internal/insurance/webhooks/service.go,POST,/internal/webhooks/octamile,/internal/webhooks
internal/invest/handler.go,GET,/api/v1/admin/invest/assets,/api/v1/admin/invest
internal/invest/handler.go,POST,/api/v1/admin/invest/assets,/api/v1/admin/invest
internal/invest/handler.go,PATCH,/api/v1/admin/invest/assets/:id,/api/v1/admin/invest
internal/invest/handler.go,GET,/api/v1/admin/invest/audit,/api/v1/admin/invest
internal/invest/handler.go,GET,/api/v1/admin/invest/corporate-actions,/api/v1/admin/invest
internal/invest/handler.go,POST,/api/v1/admin/invest/corporate-actions,/api/v1/admin/invest
internal/invest/handler.go,GET,/api/v1/admin/invest/dividends,/api/v1/admin/invest
internal/invest/handler.go,POST,/api/v1/admin/invest/dividends,/api/v1/admin/invest
internal/invest/handler.go,GET,/api/v1/admin/invest/fees,/api/v1/admin/invest
internal/invest/handler.go,PUT,/api/v1/admin/invest/fees,/api/v1/admin/invest
internal/invest/handler.go,GET,/api/v1/admin/invest/orders,/api/v1/admin/invest
internal/invest/handler.go,GET,/api/v1/admin/invest/orders/failed,/api/v1/admin/invest
internal/invest/handler.go,GET,/api/v1/admin/invest/overview,/api/v1/admin/invest
internal/invest/handler.go,GET,/api/v1/admin/invest/providers/health,/api/v1/admin/invest
internal/invest/handler.go,GET,/api/v1/admin/invest/reconciliation,/api/v1/admin/invest
internal/invest/handler.go,GET,/api/v1/admin/invest/settlement/pending,/api/v1/admin/invest
internal/invest/handler.go,POST,/api/v1/admin/invest/settlement/run,/api/v1/admin/invest
internal/invest/handler.go,POST,/api/v1/invest/activate,/api/v1/invest
internal/invest/handler.go,GET,/api/v1/invest/agreements,/api/v1/invest
internal/invest/handler.go,POST,/api/v1/invest/agreements/accept,/api/v1/invest
internal/invest/handler.go,GET,/api/v1/invest/alerts,/api/v1/invest
internal/invest/handler.go,POST,/api/v1/invest/alerts,/api/v1/invest
internal/invest/handler.go,PATCH,/api/v1/invest/alerts/:id,/api/v1/invest
internal/invest/handler.go,DELETE,/api/v1/invest/alerts/:id,/api/v1/invest
internal/invest/handler.go,GET,/api/v1/invest/eligibility,/api/v1/invest
internal/invest/handler.go,GET,/api/v1/invest/portfolio,/api/v1/invest
internal/invest/handler.go,GET,/api/v1/invest/portfolio/performance,/api/v1/invest
internal/invest/handler.go,GET,/api/v1/invest/portfolio/positions,/api/v1/invest
internal/invest/handler.go,GET,/api/v1/invest/profile,/api/v1/invest
internal/invest/handler.go,GET,/api/v1/invest/public-offers,/api/v1/invest
internal/invest/handler.go,GET,/api/v1/invest/public-offers/:id,/api/v1/invest
internal/invest/handler.go,POST,/api/v1/invest/public-offers/:id/apply,/api/v1/invest
internal/invest/handler.go,GET,/api/v1/invest/public-offers/applications,/api/v1/invest
internal/invest/handler.go,GET,/api/v1/invest/rights-issues,/api/v1/invest
internal/invest/handler.go,GET,/api/v1/invest/rights-issues/:id,/api/v1/invest
internal/invest/handler.go,POST,/api/v1/invest/rights-issues/:id/accept,/api/v1/invest
internal/invest/handler.go,GET,/api/v1/invest/rights-issues/applications,/api/v1/invest
internal/invest/handler.go,GET,/api/v1/invest/security/pin,/api/v1/invest
internal/invest/handler.go,POST,/api/v1/invest/security/pin,/api/v1/invest
internal/invest/handler.go,POST,/api/v1/invest/start,/api/v1/invest
internal/invest/handler.go,GET,/api/v1/invest/suitability/questions,/api/v1/invest
internal/invest/handler.go,GET,/api/v1/invest/suitability/result,/api/v1/invest
internal/invest/handler.go,POST,/api/v1/invest/suitability/submit,/api/v1/invest
internal/invest/handler.go,GET,/api/v1/invest/wallet,/api/v1/invest
internal/invest/handler.go,POST,/api/v1/invest/wallet/deposit,/api/v1/invest
internal/invest/handler.go,GET,/api/v1/invest/wallet/transactions,/api/v1/invest
internal/invest/handler.go,POST,/api/v1/invest/wallet/withdraw,/api/v1/invest
internal/invest/handler.go,GET,/api/v1/invest/watchlists,/api/v1/invest
internal/invest/handler.go,POST,/api/v1/invest/watchlists,/api/v1/invest
internal/invest/handler.go,PATCH,/api/v1/invest/watchlists/:id,/api/v1/invest
internal/invest/handler.go,DELETE,/api/v1/invest/watchlists/:id,/api/v1/invest
internal/invest/handler.go,POST,/api/v1/invest/watchlists/:id/stocks,/api/v1/invest
internal/invest/handler.go,DELETE,/api/v1/invest/watchlists/:id/stocks/:assetId,/api/v1/invest
internal/invest/handler.go,POST,/api/v1/invest/webhooks/broker,(root)
internal/invest/handler.go,GET,/api/v1/stocks,/api/v1/stocks
internal/invest/handler.go,GET,/api/v1/stocks/:symbol,/api/v1/stocks
internal/invest/handler.go,GET,/api/v1/stocks/:symbol/chart,/api/v1/stocks
internal/invest/handler.go,GET,/api/v1/stocks/:symbol/corporate-actions,/api/v1/stocks
internal/invest/handler.go,GET,/api/v1/stocks/:symbol/dividends,/api/v1/stocks
internal/invest/handler.go,GET,/api/v1/stocks/:symbol/news,/api/v1/stocks
internal/invest/handler.go,GET,/api/v1/stocks/market-status,/api/v1/stocks
internal/invest/handler.go,GET,/api/v1/stocks/orders,/api/v1/stocks
internal/invest/handler.go,GET,/api/v1/stocks/orders/:id,/api/v1/stocks
internal/invest/handler.go,POST,/api/v1/stocks/orders/:id/cancel,/api/v1/stocks
internal/invest/handler.go,POST,/api/v1/stocks/orders/buy,/api/v1/stocks
internal/invest/handler.go,POST,/api/v1/stocks/orders/estimate,/api/v1/stocks
internal/invest/handler.go,POST,/api/v1/stocks/orders/sell,/api/v1/stocks
internal/invest/handler.go,GET,/api/v1/stocks/search,/api/v1/stocks
internal/investai/service.go,POST,/api/v1/spotlight/chat,/api/v1/spotlight
internal/investai/service.go,POST,/api/v1/spotlight/explain-asset,/api/v1/spotlight
internal/investai/service.go,GET,/api/v1/spotlight/sessions,/api/v1/spotlight
internal/investai/service.go,GET,/api/v1/spotlight/sessions/:id/messages,/api/v1/spotlight
internal/learn/admin.go,POST,/api/placement/admin/glossary,/api/placement/admin
internal/learn/admin.go,DELETE,/api/placement/admin/glossary/:term,/api/placement/admin
internal/learn/admin.go,POST,/api/placement/admin/lessons,/api/placement/admin
internal/learn/admin.go,PUT,/api/placement/admin/lessons/:id,/api/placement/admin
internal/learn/admin.go,DELETE,/api/placement/admin/lessons/:id,/api/placement/admin
internal/learn/admin.go,GET,/api/placement/admin/paths,/api/placement/admin
internal/learn/admin.go,POST,/api/placement/admin/paths,/api/placement/admin
internal/learn/admin.go,PUT,/api/placement/admin/paths/:id,/api/placement/admin
internal/learn/admin.go,DELETE,/api/placement/admin/paths/:id,/api/placement/admin
internal/learn/admin.go,POST,/api/placement/admin/quizzes,/api/placement/admin
internal/learn/admin.go,GET,/api/placement/admin/quizzes/:id,/api/placement/admin
internal/learn/admin.go,PUT,/api/placement/admin/quizzes/:id,/api/placement/admin
internal/learn/admin.go,DELETE,/api/placement/admin/quizzes/:id,/api/placement/admin
internal/learn/handler.go,GET,/api/v1/spotlight/glossary,/api/v1/spotlight
internal/learn/handler.go,GET,/api/v1/spotlight/lessons/:id,/api/v1/spotlight
internal/learn/handler.go,GET,/api/v1/spotlight/lessons/:id/quiz,/api/v1/spotlight
internal/learn/handler.go,GET,/api/v1/spotlight/paths,/api/v1/spotlight
internal/learn/handler.go,GET,/api/v1/spotlight/paths/:id,/api/v1/spotlight
internal/learn/handler.go,POST,/api/v1/spotlight/quizzes/:id/submit,/api/v1/spotlight
internal/loyalty/black.go,GET,/api/finance/loyalty/black/me,/api/finance/loyalty
internal/loyalty/black.go,GET,/api/finance/loyalty/black/perks,/api/finance/loyalty
internal/loyalty/black.go,POST,/api/finance/loyalty/black/redeem,/api/finance/loyalty
internal/loyalty/black.go,POST,/api/loyalty/admin/black/cancel,/api/loyalty/admin/black
internal/loyalty/black.go,POST,/api/loyalty/admin/black/enroll,/api/loyalty/admin/black
internal/loyalty/black.go,POST,/api/loyalty/admin/black/partner-settlement,/api/loyalty/admin/black
internal/loyalty/service.go,GET,/api/finance/loyalty/me,/api/finance/loyalty
internal/loyalty/service.go,POST,/api/finance/loyalty/redeem,/api/finance/loyalty
internal/loyalty/service.go,GET,/api/finance/loyalty/rewards,/api/finance/loyalty
internal/loyalty/service.go,GET,/api/finance/loyalty/tiers,/api/finance/loyalty
internal/loyalty/service.go,GET,/api/loyalty/admin/memberships/:userId,/api/loyalty/admin
internal/maps/routes.go,POST,/api/finance/maps/autocomplete,/api/finance/maps
internal/maps/routes.go,GET,/api/finance/maps/basemap,/api/finance/maps
internal/maps/routes.go,POST,/api/finance/maps/geocode,/api/finance/maps
internal/maps/routes.go,POST,/api/finance/maps/in-zone,/api/finance/maps
internal/maps/routes.go,POST,/api/finance/maps/locations,/api/finance/maps
internal/maps/routes.go,POST,/api/finance/maps/match,/api/finance/maps
internal/maps/routes.go,POST,/api/finance/maps/matrix,/api/finance/maps
internal/maps/routes.go,GET,/api/finance/maps/metrics,/api/finance/maps
internal/maps/routes.go,POST,/api/finance/maps/nearby,/api/finance/maps
internal/maps/routes.go,POST,/api/finance/maps/places,/api/finance/maps
internal/maps/routes.go,POST,/api/finance/maps/reverse,/api/finance/maps
internal/maps/routes.go,POST,/api/finance/maps/route,/api/finance/maps
internal/maps/routes.go,GET,/api/finance/maps/usage,/api/finance/maps
internal/maps/routes.go,GET,/api/maps/admin/contributions,/api/maps/admin
internal/maps/routes.go,POST,/api/maps/admin/contributions/:id/review,/api/maps/admin
internal/maps/routes.go,GET,/api/maps/admin/dashboard,/api/maps/admin
internal/maps/routes.go,GET,/api/maps/admin/events,/api/maps/admin
internal/maps/routes.go,GET,/api/maps/admin/providers,/api/maps/admin
internal/maps/routes.go,POST,/autocomplete,UNRESOLVED_ARG(Register:r)/api/finance/maps
internal/maps/routes.go,GET,/basemap,UNRESOLVED_ARG(Register:r)/api/finance/maps
internal/maps/routes.go,POST,/geocode,UNRESOLVED_ARG(Register:r)/api/finance/maps
internal/maps/routes.go,POST,/in-zone,UNRESOLVED_ARG(Register:r)/api/finance/maps
internal/maps/routes.go,POST,/locations,UNRESOLVED_ARG(Register:r)/api/finance/maps
internal/maps/routes.go,POST,/match,UNRESOLVED_ARG(Register:r)/api/finance/maps
internal/maps/routes.go,POST,/matrix,UNRESOLVED_ARG(Register:r)/api/finance/maps
internal/maps/routes.go,GET,/metrics,UNRESOLVED_ARG(Register:r)/api/finance/maps
internal/maps/routes.go,POST,/nearby,UNRESOLVED_ARG(Register:r)/api/finance/maps
internal/maps/routes.go,POST,/places,UNRESOLVED_ARG(Register:r)/api/finance/maps
internal/maps/routes.go,POST,/reverse,UNRESOLVED_ARG(Register:r)/api/finance/maps
internal/maps/routes.go,POST,/route,UNRESOLVED_ARG(Register:r)/api/finance/maps
internal/maps/routes.go,GET,/usage,UNRESOLVED_ARG(Register:r)/api/finance/maps
internal/modules/handler.go,GET,/api/v1/admin/modules,/api/v1/admin/modules
internal/modules/handler.go,GET,/api/v1/admin/modules/:key/history,/api/v1/admin/modules
internal/modules/handler.go,PATCH,/api/v1/admin/modules/:key/lifecycle,/api/v1/admin/modules
internal/modules/handler.go,PATCH,/api/v1/admin/modules/:key/visibility,/api/v1/admin/modules
internal/modules/handler.go,GET,/api/v1/admin/modules/users/:userId/grants,/api/v1/admin/modules
internal/modules/handler.go,POST,/api/v1/admin/modules/users/:userId/grants,/api/v1/admin/modules
internal/modules/handler.go,DELETE,/api/v1/admin/modules/users/:userId/grants/:moduleKey,/api/v1/admin/modules
internal/modules/handler.go,GET,/api/v1/modules/visibility,/api/v1
internal/nutrition/handler.go,POST,/api/arena/admin/composition,/api/arena/admin
internal/nutrition/handler.go,GET,/api/arena/admin/consults,/api/arena/admin
internal/nutrition/handler.go,POST,/api/arena/admin/consults/:id/resolve,/api/arena/admin
internal/nutrition/handler.go,POST,/api/arena/admin/library,/api/arena/admin
internal/nutrition/handler.go,GET,/api/arena/admin/payouts,/api/arena/admin
internal/nutrition/handler.go,POST,/api/arena/admin/reresolve,/api/arena/admin
internal/nutrition/handler.go,POST,/api/arena/admin/resolve,/api/arena/admin
internal/nutrition/handler.go,GET,/api/arena/nutrition/cart/summary,/api/arena/nutrition
internal/nutrition/handler.go,POST,/api/arena/nutrition/cart/summary,/api/arena/nutrition
internal/nutrition/handler.go,GET,/api/arena/nutrition/dishes/:dishId,/api/arena/nutrition
internal/nutrition/handler.go,POST,/api/arena/nutrition/dishes/:dishId/allergens,/api/arena/nutrition
internal/nutrition/handler.go,POST,/api/arena/nutrition/dishes/:dishId/approve,/api/arena/nutrition
internal/nutrition/handler.go,POST,/api/arena/nutrition/dishes/:dishId/edit,/api/arena/nutrition
internal/nutrition/handler.go,POST,/api/arena/nutrition/dishes/:dishId/recipe,/api/arena/nutrition
internal/nutrition/handler.go,POST,/api/arena/nutrition/menus/:menuId/approve-all,/api/arena/nutrition
internal/nutrition/handler.go,POST,/api/arena/nutrition/menus/:menuId/auto-suggest,/api/arena/nutrition
internal/onboarding/handler.go,GET,/api/admin/onboarding/applications/:id,/api/admin/onboarding
internal/onboarding/handler.go,POST,/api/admin/onboarding/applications/:id/approve,/api/admin/onboarding
internal/onboarding/handler.go,POST,/api/admin/onboarding/applications/:id/escalate,/api/admin/onboarding
internal/onboarding/handler.go,POST,/api/admin/onboarding/applications/:id/reject,/api/admin/onboarding
internal/onboarding/handler.go,POST,/api/admin/onboarding/applications/:id/request-info,/api/admin/onboarding
internal/onboarding/handler.go,POST,/api/admin/onboarding/merchant-types,/api/admin/onboarding
internal/onboarding/handler.go,POST,/api/admin/onboarding/merchant-types/:id/form-schemas,/api/admin/onboarding
internal/onboarding/handler.go,POST,/api/admin/onboarding/modules,/api/admin/onboarding
internal/onboarding/handler.go,GET,/api/admin/onboarding/review-queue,/api/admin/onboarding
internal/onboarding/handler.go,GET,/api/v1/me/capabilities,/api/v1/me
internal/onboarding/handler.go,POST,/api/v1/onboarding/applications,/api/v1/onboarding
internal/onboarding/handler.go,PATCH,/api/v1/onboarding/applications/:id,/api/v1/onboarding
internal/onboarding/handler.go,GET,/api/v1/onboarding/applications/:id,/api/v1/onboarding
internal/onboarding/handler.go,POST,/api/v1/onboarding/applications/:id/resubmit,/api/v1/onboarding
internal/onboarding/handler.go,POST,/api/v1/onboarding/applications/:id/submit,/api/v1/onboarding
internal/onboarding/handler.go,GET,/api/v1/onboarding/form-schemas/:id,/api/v1/onboarding
internal/onboarding/handler.go,GET,/api/v1/onboarding/merchant-types/:id,/api/v1/onboarding
internal/onboarding/handler.go,GET,/api/v1/onboarding/modules,/api/v1/onboarding
internal/onboarding/handler.go,GET,/api/v1/onboarding/modules/:id/merchant-types,/api/v1/onboarding
internal/p2pmarket/handler.go,POST,/api/finance/p2p/p2p/listings,/api/finance/p2p
internal/p2pmarket/handler.go,GET,/api/finance/p2p/p2p/listings,/api/finance/p2p
internal/p2pmarket/handler.go,GET,/api/finance/p2p/p2p/listings/:listingId,/api/finance/p2p
internal/p2pmarket/handler.go,POST,/api/finance/p2p/p2p/listings/:listingId/checkout,/api/finance/p2p
internal/p2pmarket/handler.go,POST,/api/finance/p2p/p2p/listings/:listingId/close,/api/finance/p2p
internal/p2pmarket/handler.go,POST,/api/finance/p2p/p2p/orders/:orderId/confirm,/api/finance/p2p
internal/p2pmarket/handler.go,POST,/api/finance/p2p/p2p/orders/:orderId/dispute,/api/finance/p2p
internal/p2pmarket/handler.go,POST,/api/finance/p2p/p2p/orders/:orderId/rate,/api/finance/p2p
internal/p2pmarket/handler.go,GET,/api/finance/p2p/p2p/sellers/:sellerId/rating,/api/finance/p2p
internal/p2pmarket/handler.go,POST,/api/p2p/admin/p2p/orders/:orderId/arbitrate,/api/p2p/admin
internal/points/service.go,GET,/api/finance/loyalty/points/balance,/api/finance/loyalty
internal/points/service.go,GET,/api/finance/loyalty/points/catalog,/api/finance/loyalty
internal/points/service.go,GET,/api/finance/loyalty/points/history,/api/finance/loyalty
internal/points/service.go,POST,/api/finance/loyalty/points/redeem,/api/finance/loyalty
internal/realtor/admin.go,GET,/api/realtor/admin/escrow,/api/realtor/admin
internal/realtor/admin.go,POST,/api/realtor/admin/escrow/:id/resolve,/api/realtor/admin
internal/realtor/admin.go,POST,/api/realtor/admin/listings/:id/decision,/api/realtor/admin
internal/realtor/admin.go,GET,/api/realtor/admin/listings/pending,/api/realtor/admin
internal/realtor/admin.go,GET,/api/realtor/admin/overview,/api/realtor/admin
internal/realtor/admin.go,GET,/api/realtor/admin/payments,/api/realtor/admin
internal/realtor/admin.go,GET,/api/realtor/admin/verifications,/api/realtor/admin
internal/realtor/admin.go,POST,/api/realtor/admin/verifications/:id/decision,/api/realtor/admin
internal/referral/analytics/service.go,GET,/v1/admin/referrals/analytics/cac,/v1/admin/referrals/analytics
internal/referral/analytics/service.go,GET,/v1/admin/referrals/analytics/channels,/v1/admin/referrals/analytics
internal/referral/analytics/service.go,GET,/v1/admin/referrals/analytics/cohorts,/v1/admin/referrals/analytics
internal/referral/analytics/service.go,GET,/v1/admin/referrals/analytics/funnel,/v1/admin/referrals/analytics
internal/referral/analytics/service.go,GET,/v1/admin/referrals/analytics/k-factor,/v1/admin/referrals/analytics
internal/referral/analytics/service.go,GET,/v1/admin/referrals/analytics/segmentation,/v1/admin/referrals/analytics
internal/referral/analytics/service.go,GET,/v1/admin/referrals/users/:id/referral-360,/v1/admin/referrals/users
internal/referral/campaigns/service.go,GET,/api/finance/referral/campaigns,/api/finance/referral/campaigns
internal/referral/campaigns/service.go,GET,/api/finance/referral/campaigns/:id,/api/finance/referral/campaigns
internal/referral/campaigns/service.go,GET,/v1/admin/referrals/campaigns,/v1/admin/referrals/campaigns
internal/referral/campaigns/service.go,POST,/v1/admin/referrals/campaigns,/v1/admin/referrals/campaigns
internal/referral/campaigns/service.go,GET,/v1/admin/referrals/campaigns/:id,/v1/admin/referrals/campaigns
internal/referral/campaigns/service.go,PUT,/v1/admin/referrals/campaigns/:id,/v1/admin/referrals/campaigns
internal/referral/campaigns/service.go,POST,/v1/admin/referrals/campaigns/:id/activate,/v1/admin/referrals/campaigns
internal/referral/campaigns/service.go,GET,/v1/admin/referrals/campaigns/:id/analytics,/v1/admin/referrals/campaigns
internal/referral/campaigns/service.go,PUT,/v1/admin/referrals/campaigns/:id/budget,/v1/admin/referrals/campaigns
internal/referral/campaigns/service.go,POST,/v1/admin/referrals/campaigns/:id/end,/v1/admin/referrals/campaigns
internal/referral/campaigns/service.go,POST,/v1/admin/referrals/campaigns/:id/evaluate,/v1/admin/referrals/campaigns
internal/referral/campaigns/service.go,POST,/v1/admin/referrals/campaigns/:id/pause,/v1/admin/referrals/campaigns
internal/referral/campaigns/service.go,POST,/v1/admin/referrals/campaigns/:id/throttle,/v1/admin/referrals/campaigns
internal/referral/compliance/handlers.go,GET,/api/finance/referral/compliance/consents,/api/finance/referral/compliance
internal/referral/compliance/handlers.go,POST,/api/finance/referral/compliance/consents,/api/finance/referral/compliance
internal/referral/compliance/handlers.go,GET,/api/finance/referral/compliance/disclosures/:slug,/api/finance/referral/compliance
internal/referral/compliance/handlers.go,GET,/v1/admin/referrals/compliance/aml,/v1/admin/referrals/compliance
internal/referral/compliance/handlers.go,POST,/v1/admin/referrals/compliance/aml,/v1/admin/referrals/compliance
internal/referral/compliance/handlers.go,POST,/v1/admin/referrals/compliance/aml/:id/status,/v1/admin/referrals/compliance
internal/referral/compliance/handlers.go,GET,/v1/admin/referrals/compliance/claims,/v1/admin/referrals/compliance
internal/referral/compliance/handlers.go,GET,/v1/admin/referrals/compliance/disclosures,/v1/admin/referrals/compliance
internal/referral/compliance/handlers.go,POST,/v1/admin/referrals/compliance/disclosures,/v1/admin/referrals/compliance
internal/referral/compliance/handlers.go,GET,/v1/admin/referrals/compliance/policy,/v1/admin/referrals/compliance
internal/referral/compliance/handlers.go,PUT,/v1/admin/referrals/compliance/policy,/v1/admin/referrals/compliance
internal/referral/compliance/handlers.go,GET,/v1/admin/referrals/compliance/regulatory-export,/v1/admin/referrals/compliance
internal/referral/compliance/handlers.go,GET,/v1/admin/referrals/compliance/users/:id/consents,/v1/admin/referrals/compliance
internal/referral/finance/service.go,GET,/v1/admin/referrals/finance/budgets,/v1/admin/referrals/finance
internal/referral/finance/service.go,PUT,/v1/admin/referrals/finance/budgets,/v1/admin/referrals/finance
internal/referral/finance/service.go,GET,/v1/admin/referrals/finance/float,/v1/admin/referrals/finance
internal/referral/finance/service.go,POST,/v1/admin/referrals/finance/float,/v1/admin/referrals/finance
internal/referral/finance/service.go,GET,/v1/admin/referrals/finance/payouts,/v1/admin/referrals/finance
internal/referral/finance/service.go,POST,/v1/admin/referrals/finance/payouts,/v1/admin/referrals/finance
internal/referral/finance/service.go,POST,/v1/admin/referrals/finance/payouts/:id/approve,/v1/admin/referrals/finance
internal/referral/finance/service.go,POST,/v1/admin/referrals/finance/payouts/:id/reject,/v1/admin/referrals/finance
internal/referral/finance/service.go,GET,/v1/admin/referrals/finance/reconciliation,/v1/admin/referrals/finance
internal/referral/finance/service.go,POST,/v1/admin/referrals/finance/reconciliation,/v1/admin/referrals/finance
internal/referral/finance/service.go,GET,/v1/admin/referrals/finance/reward-to-ltv,/v1/admin/referrals/finance
internal/referral/gamification/handlers.go,GET,/api/finance/referral/gamification/badges,/api/finance/referral/gamification
internal/referral/gamification/handlers.go,GET,/api/finance/referral/gamification/contests,/api/finance/referral/gamification
internal/referral/gamification/handlers.go,GET,/api/finance/referral/gamification/leaderboard,/api/finance/referral/gamification
internal/referral/gamification/handlers.go,GET,/api/finance/referral/gamification/missions,/api/finance/referral/gamification
internal/referral/gamification/handlers.go,POST,/api/finance/referral/gamification/missions/:id/claim,/api/finance/referral/gamification
internal/referral/gamification/handlers.go,GET,/api/finance/referral/gamification/missions/progress,/api/finance/referral/gamification
internal/referral/gamification/handlers.go,GET,/api/finance/referral/gamification/my-rank,/api/finance/referral/gamification
internal/referral/gamification/handlers.go,GET,/api/finance/referral/gamification/ranks,/api/finance/referral/gamification
internal/referral/gamification/handlers.go,GET,/v1/admin/referrals/gamification/contests,/v1/admin/referrals/gamification
internal/referral/gamification/handlers.go,GET,/v1/admin/referrals/gamification/missions,/v1/admin/referrals/gamification
internal/referral/gamification/handlers.go,POST,/v1/admin/referrals/gamification/missions,/v1/admin/referrals/gamification
internal/referral/gamification/handlers.go,GET,/v1/admin/referrals/gamification/ranks,/v1/admin/referrals/gamification
internal/referral/gamification/handlers.go,POST,/v1/admin/referrals/gamification/ranks,/v1/admin/referrals/gamification
internal/referral/merchant/handlers.go,GET,/api/finance/referral/merchant/campaigns/:mcid/performance,/api/finance/referral/merchant
internal/referral/merchant/handlers.go,GET,/api/finance/referral/merchant/dashboard,/api/finance/referral/merchant
internal/referral/merchant/handlers.go,GET,/v1/admin/referrals/merchants,/v1/admin/referrals/merchants
internal/referral/merchant/handlers.go,POST,/v1/admin/referrals/merchants,/v1/admin/referrals/merchants
internal/referral/merchant/handlers.go,GET,/v1/admin/referrals/merchants/:id,/v1/admin/referrals/merchants
internal/referral/merchant/handlers.go,GET,/v1/admin/referrals/merchants/:id/campaigns,/v1/admin/referrals/merchants
internal/referral/merchant/handlers.go,GET,/v1/admin/referrals/merchants/:id/keys,/v1/admin/referrals/merchants
internal/referral/merchant/handlers.go,POST,/v1/admin/referrals/merchants/campaigns,/v1/admin/referrals/merchants
internal/referral/merchant/handlers.go,POST,/v1/admin/referrals/merchants/campaigns/:mcid/fund,/v1/admin/referrals/merchants
internal/referral/merchant/handlers.go,POST,/v1/admin/referrals/merchants/campaigns/:mcid/settle,/v1/admin/referrals/merchants
internal/referral/merchant/handlers.go,POST,/v1/admin/referrals/merchants/keys,/v1/admin/referrals/merchants
internal/referral/merchant/handlers.go,POST,/v1/admin/referrals/merchants/keys/:keyid/revoke,/v1/admin/referrals/merchants
internal/referral/network/handlers.go,GET,/api/finance/referral/network/ambassador,/api/finance/referral/network
internal/referral/network/handlers.go,POST,/api/finance/referral/network/ambassador/apply,/api/finance/referral/network
internal/referral/network/handlers.go,GET,/api/finance/referral/network/overrides,/api/finance/referral/network
internal/referral/network/handlers.go,GET,/api/finance/referral/network/teams,/api/finance/referral/network
internal/referral/network/handlers.go,GET,/api/finance/referral/network/teams/:id/members,/api/finance/referral/network
internal/referral/network/handlers.go,GET,/v1/admin/referrals/network/ambassadors,/v1/admin/referrals/network
internal/referral/network/handlers.go,POST,/v1/admin/referrals/network/ambassadors/:id/status,/v1/admin/referrals/network
internal/referral/network/handlers.go,GET,/v1/admin/referrals/network/networks,/v1/admin/referrals/network
internal/referral/network/handlers.go,GET,/v1/admin/referrals/network/override-policies,/v1/admin/referrals/network
internal/referral/network/handlers.go,PUT,/v1/admin/referrals/network/override-policies,/v1/admin/referrals/network
internal/referral/network/handlers.go,POST,/v1/admin/referrals/network/overrides/accrue,/v1/admin/referrals/network
internal/referral/risk/handlers.go,GET,/api/finance/referral/risk/my-status,/api/finance/referral/risk
internal/referral/risk/handlers.go,POST,/api/finance/referral/risk/report-abuse,/api/finance/referral/risk
internal/referral/risk/handlers.go,GET,/v1/admin/referrals/risk/alerts,/v1/admin/referrals/risk
internal/referral/risk/handlers.go,POST,/v1/admin/referrals/risk/alerts/:id/status,/v1/admin/referrals/risk
internal/referral/risk/handlers.go,GET,/v1/admin/referrals/risk/blocklist,/v1/admin/referrals/risk
internal/referral/risk/handlers.go,POST,/v1/admin/referrals/risk/blocklist,/v1/admin/referrals/risk
internal/referral/risk/handlers.go,POST,/v1/admin/referrals/risk/blocklist/:id/deactivate,/v1/admin/referrals/risk
internal/referral/risk/handlers.go,GET,/v1/admin/referrals/risk/cases,/v1/admin/referrals/risk
internal/referral/risk/handlers.go,POST,/v1/admin/referrals/risk/cases,/v1/admin/referrals/risk
internal/referral/risk/handlers.go,GET,/v1/admin/referrals/risk/cases/:id,/v1/admin/referrals/risk
internal/referral/risk/handlers.go,POST,/v1/admin/referrals/risk/cases/:id/status,/v1/admin/referrals/risk
internal/referral/risk/handlers.go,POST,/v1/admin/referrals/risk/clawbacks,/v1/admin/referrals/risk
internal/referral/risk/handlers.go,GET,/v1/admin/referrals/risk/clawbacks,/v1/admin/referrals/risk
internal/referral/risk/handlers.go,GET,/v1/admin/referrals/risk/dashboard,/v1/admin/referrals/risk
internal/referral/risk/handlers.go,POST,/v1/admin/referrals/risk/evaluate,/v1/admin/referrals/risk
internal/referral/risk/handlers.go,GET,/v1/admin/referrals/risk/review-queue,/v1/admin/referrals/risk
internal/referral/risk/handlers.go,POST,/v1/admin/referrals/risk/review-queue/:id/approve,/v1/admin/referrals/risk
internal/referral/risk/handlers.go,POST,/v1/admin/referrals/risk/review-queue/:id/reject,/v1/admin/referrals/risk
internal/referral/risk/handlers.go,GET,/v1/admin/referrals/risk/rules,/v1/admin/referrals/risk
internal/referral/risk/handlers.go,PUT,/v1/admin/referrals/risk/rules,/v1/admin/referrals/risk
internal/referral/risk/handlers.go,POST,/v1/admin/referrals/risk/rules/:id/enabled,/v1/admin/referrals/risk
internal/restaurant/paystackcheckout/service.go,POST,/api/finance/restaurant/:id/orders/paystack/initiate,/api/finance/restaurant
internal/restaurant/paystackcheckout/service.go,GET,/api/finance/restaurant/orders/paystack/:reference/status,/api/finance/restaurant
internal/savings/handler.go,GET,/api/finance/savings/circles,/api/finance/savings
internal/savings/handler.go,POST,/api/finance/savings/circles,/api/finance/savings
internal/savings/handler.go,GET,/api/finance/savings/circles/:id,/api/finance/savings
internal/savings/handler.go,POST,/api/finance/savings/circles/:id/activate,/api/finance/savings
internal/savings/handler.go,POST,/api/finance/savings/circles/:id/contribute,/api/finance/savings
internal/savings/handler.go,POST,/api/finance/savings/circles/:id/join,/api/finance/savings
internal/savings/handler.go,POST,/api/finance/savings/circles/:id/make-good,/api/finance/savings
internal/savings/handler.go,GET,/api/finance/savings/circles/discover,/api/finance/savings
internal/savings/handler.go,GET,/api/finance/savings/summary,/api/finance/savings
internal/savings/handler.go,GET,/api/finance/savings/targets,/api/finance/savings
internal/savings/handler.go,POST,/api/finance/savings/targets,/api/finance/savings
internal/savings/handler.go,GET,/api/finance/savings/targets/:id,/api/finance/savings
internal/savings/handler.go,POST,/api/finance/savings/targets/:id/approve,/api/finance/savings
internal/savings/handler.go,GET,/api/finance/savings/targets/:id/balance,/api/finance/savings
internal/savings/handler.go,POST,/api/finance/savings/targets/:id/contribute,/api/finance/savings
internal/savings/handler.go,POST,/api/finance/savings/targets/:id/join,/api/finance/savings
internal/savings/handler.go,POST,/api/finance/savings/targets/:id/release,/api/finance/savings
internal/savings/handler.go,POST,/api/finance/savings/vaults,/api/finance/savings
internal/savings/handler.go,GET,/api/finance/savings/vaults,/api/finance/savings
internal/savings/handler.go,GET,/api/finance/savings/vaults/:id,/api/finance/savings
internal/savings/handler.go,POST,/api/finance/savings/vaults/:id/autosave,/api/finance/savings
internal/savings/handler.go,GET,/api/finance/savings/vaults/:id/balance,/api/finance/savings
internal/savings/handler.go,POST,/api/finance/savings/vaults/:id/deposit,/api/finance/savings
internal/savings/handler.go,POST,/api/finance/savings/vaults/:id/early-withdraw,/api/finance/savings
internal/savings/handler.go,GET,/api/finance/savings/vaults/:id/early-withdraw/quote,/api/finance/savings
internal/savings/handler.go,POST,/api/finance/savings/vaults/:id/withdraw,/api/finance/savings
internal/savings/handler.go,GET,/api/savings/admin/circles/:id,/api/savings/admin
internal/social/handler.go,GET,/api/finance/social/social/activity,/api/finance/social/social
internal/social/handler.go,POST,/api/finance/social/social/handle,/api/finance/social/social
internal/social/handler.go,GET,/api/finance/social/social/handle/:handle,/api/finance/social/social
internal/social/handler.go,GET,/api/finance/social/social/handle/me,/api/finance/social/social
internal/social/handler.go,GET,/api/finance/social/social/pools,/api/finance/social/social
internal/social/handler.go,POST,/api/finance/social/social/pools,/api/finance/social/social
internal/social/handler.go,GET,/api/finance/social/social/pools/:id/balance,/api/finance/social/social
internal/social/handler.go,POST,/api/finance/social/social/pools/:id/contribute,/api/finance/social/social
internal/social/handler.go,POST,/api/finance/social/social/pools/:id/payout,/api/finance/social/social
internal/social/handler.go,GET,/api/finance/social/social/requests,/api/finance/social/social
internal/social/handler.go,POST,/api/finance/social/social/requests,/api/finance/social/social
internal/social/handler.go,POST,/api/finance/social/social/requests/:id/cancel,/api/finance/social/social
internal/social/handler.go,POST,/api/finance/social/social/requests/:id/decline,/api/finance/social/social
internal/social/handler.go,POST,/api/finance/social/social/requests/:id/pay,/api/finance/social/social
internal/social/handler.go,POST,/api/finance/social/social/send,/api/finance/social/social
internal/social/handler.go,GET,/api/finance/social/social/splits,/api/finance/social/social
internal/social/handler.go,POST,/api/finance/social/social/splits,/api/finance/social/social
internal/social/handler.go,GET,/api/finance/social/social/splits/:id,/api/finance/social/social
internal/social/handler.go,POST,/api/finance/social/social/splits/:id/shares/:shareId/pay,/api/finance/social/social
internal/social/handler.go,GET,/api/social/admin/splits/:id,/api/social/admin
internal/spotlightwealth/admin.go,POST,/api/placement/admin/campaigns,/api/placement/admin
internal/spotlightwealth/admin.go,PUT,/api/placement/admin/campaigns/:id,/api/placement/admin
internal/spotlightwealth/admin.go,DELETE,/api/placement/admin/campaigns/:id,/api/placement/admin
internal/spotlightwealth/admin.go,POST,/api/placement/admin/challenges,/api/placement/admin
internal/spotlightwealth/admin.go,PUT,/api/placement/admin/challenges/:id,/api/placement/admin
internal/spotlightwealth/admin.go,DELETE,/api/placement/admin/challenges/:id,/api/placement/admin
internal/spotlightwealth/admin.go,POST,/api/placement/admin/videos,/api/placement/admin
internal/spotlightwealth/admin.go,PUT,/api/placement/admin/videos/:id,/api/placement/admin
internal/spotlightwealth/admin.go,DELETE,/api/placement/admin/videos/:id,/api/placement/admin
internal/spotlightwealth/service.go,GET,/api/v1/spotlight/campaigns,/api/v1/spotlight
internal/spotlightwealth/service.go,GET,/api/v1/spotlight/campaigns/:id,/api/v1/spotlight
internal/spotlightwealth/service.go,GET,/api/v1/spotlight/challenges,/api/v1/spotlight
internal/spotlightwealth/service.go,GET,/api/v1/spotlight/challenges/:id,/api/v1/spotlight
internal/spotlightwealth/service.go,POST,/api/v1/spotlight/challenges/:id/complete,/api/v1/spotlight
internal/spotlightwealth/service.go,POST,/api/v1/spotlight/challenges/:id/join,/api/v1/spotlight
internal/spotlightwealth/service.go,GET,/api/v1/spotlight/leaderboard,/api/v1/spotlight
internal/spotlightwealth/service.go,GET,/api/v1/spotlight/reward-wallet,/api/v1/spotlight
internal/spotlightwealth/service.go,GET,/api/v1/spotlight/videos,/api/v1/spotlight
internal/spray/service.go,POST,/api/finance/p2p/spray,/api/finance/p2p
internal/spray/service.go,GET,/api/finance/p2p/spray/leaderboard/:contextRef,/api/finance/p2p
internal/spray/service.go,GET,/api/p2p/admin/spray/leaderboard/:contextRef,/api/p2p/admin
internal/stays/agent/handler.go,POST,/api/finance/stays/agent/book,/api/finance/stays/agent
internal/stays/agent/handler.go,GET,/api/finance/stays/agent/bookings,/api/finance/stays/agent
internal/stays/agent/handler.go,GET,/api/finance/stays/agent/commissions,/api/finance/stays/agent
internal/stays/agent/handler.go,POST,/api/finance/stays/agent/quote,/api/finance/stays/agent
internal/stays/ari/handler.go,GET,/api/stays/extranet/properties/:propertyId/promotions,/api/stays/extranet
internal/stays/ari/handler.go,POST,/api/stays/extranet/properties/:propertyId/promotions,/api/stays/extranet
internal/stays/ari/handler.go,POST,/api/stays/extranet/properties/:propertyId/promotions/:promoId/active,/api/stays/extranet
internal/stays/ari/handler.go,GET,/api/stays/extranet/rate-plans/:ratePlanId/calendar,/api/stays/extranet
internal/stays/ari/handler.go,PUT,/api/stays/extranet/rate-plans/:ratePlanId/calendar,/api/stays/extranet
internal/stays/ari/handler.go,POST,/api/stays/extranet/rate-plans/:ratePlanId/calendar/bulk,/api/stays/extranet
internal/stays/ari/handler.go,POST,/api/stays/extranet/rate-plans/:ratePlanId/derive,/api/stays/extranet
internal/stays/ari/handler.go,POST,/api/stays/extranet/rate-plans/:ratePlanId/restrictions,/api/stays/extranet
internal/stays/ari/handler.go,GET,/api/stays/extranet/room-types/:roomTypeId/availability,/api/stays/extranet
internal/stays/ari/handler.go,PUT,/api/stays/extranet/room-types/:roomTypeId/availability,/api/stays/extranet
internal/stays/ari/handler.go,POST,/api/stays/extranet/room-types/:roomTypeId/availability/bulk,/api/stays/extranet
internal/stays/extranet/handler.go,GET,/api/stays/extranet/me/properties,/api/stays/extranet
internal/stays/extranet/handler.go,POST,/api/stays/extranet/properties,/api/stays/extranet
internal/stays/extranet/handler.go,GET,/api/stays/extranet/properties/:propertyId,/api/stays/extranet
internal/stays/extranet/handler.go,PATCH,/api/stays/extranet/properties/:propertyId,/api/stays/extranet
internal/stays/extranet/handler.go,GET,/api/stays/extranet/properties/:propertyId/analytics,/api/stays/extranet
internal/stays/extranet/handler.go,GET,/api/stays/extranet/properties/:propertyId/arrivals,/api/stays/extranet
internal/stays/extranet/handler.go,GET,/api/stays/extranet/properties/:propertyId/commission,/api/stays/extranet
internal/stays/extranet/handler.go,GET,/api/stays/extranet/properties/:propertyId/departures,/api/stays/extranet
internal/stays/extranet/handler.go,PATCH,/api/stays/extranet/properties/:propertyId/details,/api/stays/extranet
internal/stays/extranet/handler.go,GET,/api/stays/extranet/properties/:propertyId/in-house,/api/stays/extranet
internal/stays/extranet/handler.go,GET,/api/stays/extranet/properties/:propertyId/payouts,/api/stays/extranet
internal/stays/extranet/handler.go,GET,/api/stays/extranet/properties/:propertyId/photos,/api/stays/extranet
internal/stays/extranet/handler.go,POST,/api/stays/extranet/properties/:propertyId/photos,/api/stays/extranet
internal/stays/extranet/handler.go,PATCH,/api/stays/extranet/properties/:propertyId/photos/:photoId,/api/stays/extranet
internal/stays/extranet/handler.go,DELETE,/api/stays/extranet/properties/:propertyId/photos/:photoId,/api/stays/extranet
internal/stays/extranet/handler.go,POST,/api/stays/extranet/properties/:propertyId/photos/presign,/api/stays/extranet
internal/stays/extranet/handler.go,GET,/api/stays/extranet/properties/:propertyId/rate-plans,/api/stays/extranet
internal/stays/extranet/handler.go,POST,/api/stays/extranet/properties/:propertyId/rate-plans,/api/stays/extranet
internal/stays/extranet/handler.go,GET,/api/stays/extranet/properties/:propertyId/reservations,/api/stays/extranet
internal/stays/extranet/handler.go,GET,/api/stays/extranet/properties/:propertyId/reservations/:reservationId,/api/stays/extranet
internal/stays/extranet/handler.go,POST,/api/stays/extranet/properties/:propertyId/reservations/:reservationId/cancel,/api/stays/extranet
internal/stays/extranet/handler.go,POST,/api/stays/extranet/properties/:propertyId/reservations/:reservationId/messages,/api/stays/extranet
internal/stays/extranet/handler.go,GET,/api/stays/extranet/properties/:propertyId/reservations/:reservationId/messages,/api/stays/extranet
internal/stays/extranet/handler.go,POST,/api/stays/extranet/properties/:propertyId/reservations/:reservationId/no-show,/api/stays/extranet
internal/stays/extranet/handler.go,GET,/api/stays/extranet/properties/:propertyId/room-types,/api/stays/extranet
internal/stays/extranet/handler.go,POST,/api/stays/extranet/properties/:propertyId/room-types,/api/stays/extranet
internal/stays/extranet/handler.go,GET,/api/stays/extranet/properties/:propertyId/staff,/api/stays/extranet
internal/stays/extranet/handler.go,POST,/api/stays/extranet/properties/:propertyId/staff,/api/stays/extranet
internal/stays/extranet/handler.go,POST,/api/stays/extranet/properties/:propertyId/staff/invite,/api/stays/extranet
internal/stays/extranet/handler.go,POST,/api/stays/extranet/staff/invite/accept,/api/stays/extranet
internal/stays/extranet/handler.go,GET,/api/stays/extranet/verification,/api/stays/extranet
internal/stays/extranet/handler.go,GET,/api/stays/extranet/verification/business,/api/stays/extranet
internal/stays/extranet/handler.go,POST,/api/stays/extranet/verification/submit,/api/stays/extranet
internal/stays/extranet/verification.go,POST,/api/stays/admin/hoteliers/:propertyId/kyb/decision,/api/stays/admin
internal/stays/reviews/handler.go,POST,/api/finance/stays/reservations/:id/review,/api/finance/stays
internal/stays/reviews/handler.go,GET,/api/finance/stays/reservations/:id/review-eligibility,/api/finance/stays
internal/stays/reviews/handler.go,GET,/api/finance/stays/review-response,/api/finance/stays
internal/stays/reviews/handler.go,GET,/api/finance/stays/reviews,/api/finance/stays
internal/stays/reviews/handler.go,GET,/api/finance/stays/reviews-mine,/api/finance/stays
internal/stays/reviews/handler.go,GET,/api/stays/admin/reviews,/api/stays/admin
internal/stays/reviews/handler.go,POST,/api/stays/admin/reviews/:reviewId/moderate,/api/stays/admin
internal/stays/reviews/handler.go,GET,/api/stays/extranet/properties/:propertyId/reviews,/api/stays/extranet
internal/stays/reviews/handler.go,POST,/api/stays/extranet/reviews/:reviewId/flag,/api/stays/extranet
internal/stays/reviews/handler.go,POST,/api/stays/extranet/reviews/:reviewId/response,/api/stays/extranet
internal/stays/settlement/service.go,GET,/api/stays/admin/commission,/api/stays/admin
internal/stays/settlement/service.go,POST,/api/stays/admin/commission/accrue,/api/stays/admin
internal/stays/settlement/service.go,POST,/api/stays/admin/commission/reverse,/api/stays/admin
internal/stays/settlement/service.go,GET,/api/stays/admin/payouts,/api/stays/admin
internal/stays/settlement/service.go,POST,/api/stays/admin/payouts/:id/release,/api/stays/admin
internal/stays/settlement/service.go,POST,/api/stays/admin/payouts/queue,/api/stays/admin
internal/stays/settlement/service.go,GET,/api/stays/admin/remittances,/api/stays/admin
internal/stays/settlement/service.go,POST,/api/stays/admin/remittances/:id/resolve,/api/stays/admin
internal/stays/settlement/service.go,POST,/api/stays/admin/remittances/ingest,/api/stays/admin
internal/stays/supplierwebhooks/service.go,POST,/internal/webhooks/stays-supplier,/internal/webhooks
internal/top5events/handler.go,POST,/api/events/admin/:id/approve,/api/events/admin
internal/top5events/handler.go,POST,/api/events/admin/:id/suspend,/api/events/admin
internal/top5events/handler.go,POST,/api/events/admin/:id/vendors/:vendorId/settle,/api/events/admin
internal/top5events/handler.go,GET,/api/events/admin/cashless,/api/events/admin
internal/top5events/handler.go,GET,/api/events/admin/dashboard,/api/events/admin
internal/top5events/handler.go,GET,/api/events/admin/events,/api/events/admin
internal/top5events/handler.go,GET,/api/events/admin/events/:id,/api/events/admin
internal/top5events/handler.go,GET,/api/events/admin/settlement,/api/events/admin
internal/top5events/handler.go,GET,/api/events/admin/tickets,/api/events/admin
internal/top5events/handler.go,GET,/api/events/admin/vendors,/api/events/admin
internal/top5events/handler.go,GET,/api/finance/events,/api/finance/events
internal/top5events/handler.go,POST,/api/finance/events,/api/finance/events
internal/top5events/handler.go,GET,/api/finance/events/:id,/api/finance/events
internal/top5events/handler.go,GET,/api/finance/events/:id/attendees,/api/finance/events
internal/top5events/handler.go,POST,/api/finance/events/:id/close,/api/finance/events
internal/top5events/handler.go,POST,/api/finance/events/:id/golive,/api/finance/events
internal/top5events/handler.go,POST,/api/finance/events/:id/promos,/api/finance/events
internal/top5events/handler.go,POST,/api/finance/events/:id/purchase,/api/finance/events
internal/top5events/handler.go,POST,/api/finance/events/:id/stewards,/api/finance/events
internal/top5events/handler.go,GET,/api/finance/events/:id/stewards,/api/finance/events
internal/top5events/handler.go,DELETE,/api/finance/events/:id/stewards/:userId,/api/finance/events
internal/top5events/handler.go,POST,/api/finance/events/:id/submit,/api/finance/events
internal/top5events/handler.go,POST,/api/finance/events/:id/tiers,/api/finance/events
internal/top5events/handler.go,POST,/api/finance/events/:id/vendors,/api/finance/events
internal/top5events/handler.go,GET,/api/finance/events/:id/vendors,/api/finance/events
internal/top5events/handler.go,POST,/api/finance/events/:id/wallet,/api/finance/events
internal/top5events/handler.go,GET,/api/finance/events/my/tickets,/api/finance/events
internal/top5events/handler.go,GET,/api/finance/events/organiser/mine,/api/finance/events
internal/top5events/handler.go,POST,/api/finance/events/scan,/api/finance/events
internal/top5events/handler.go,POST,/api/finance/events/tickets/:ticketId/gift,/api/finance/events
internal/top5events/handler.go,GET,/api/finance/events/tickets/:ticketId/token,/api/finance/events
internal/top5events/handler.go,POST,/api/finance/events/vendors/:vendorId/charge,/api/finance/events
internal/top5events/handler.go,GET,/api/finance/events/wallet/:walletId,/api/finance/events
internal/top5events/handler.go,POST,/api/finance/events/wallet/:walletId/close,/api/finance/events
internal/top5events/handler.go,GET,/api/finance/events/wallet/:walletId/entries,/api/finance/events
internal/top5events/handler.go,POST,/api/finance/events/wallet/:walletId/topup,/api/finance/events
internal/trading/handler.go,GET,/api/v1/admin/trading/kyc/:id,/api/v1/admin/trading
internal/trading/handler.go,POST,/api/v1/admin/trading/kyc/:id/approve,/api/v1/admin/trading
internal/trading/handler.go,POST,/api/v1/admin/trading/kyc/:id/bypass,/api/v1/admin/trading
internal/trading/handler.go,POST,/api/v1/admin/trading/kyc/:id/reject,/api/v1/admin/trading
internal/trading/handler.go,POST,/api/v1/admin/trading/kyc/:id/review,/api/v1/admin/trading
internal/trading/handler.go,GET,/api/v1/admin/trading/kyc/bypass-register,/api/v1/admin/trading
internal/trading/handler.go,GET,/api/v1/admin/trading/kyc/queue,/api/v1/admin/trading
internal/trading/handler.go,GET,/api/v1/admin/trading/promotions,/api/v1/admin/trading
internal/trading/handler.go,GET,/api/v1/admin/trading/promotions/:id,/api/v1/admin/trading
internal/trading/handler.go,POST,/api/v1/admin/trading/promotions/:id/demote,/api/v1/admin/trading
internal/trading/handler.go,POST,/api/v1/admin/trading/promotions/:id/halt,/api/v1/admin/trading
internal/trading/handler.go,POST,/api/v1/admin/trading/promotions/:id/promote,/api/v1/admin/trading
internal/trading/handler.go,POST,/api/v1/admin/trading/promotions/:id/readiness,/api/v1/admin/trading
internal/trading/handler.go,POST,/api/v1/admin/trading/promotions/:id/register,/api/v1/admin/trading
internal/trading/handler.go,POST,/api/v1/trading/evaluate,/api/v1/trading
internal/trading/handler.go,GET,/api/v1/trading/kyc/status,/api/v1/trading
internal/trading/handler.go,POST,/api/v1/trading/kyc/submit,/api/v1/trading
internal/trading/handler.go,GET,/api/v1/trading/strategies,/api/v1/trading
internal/trading/handler.go,GET,/api/v1/trading/wallet,/api/v1/trading
internal/trading/handler.go,POST,/api/v1/trading/wallet/redeem,/api/v1/trading
internal/trading/handler.go,POST,/api/v1/trading/wallet/subscribe,/api/v1/trading
internal/transport/paystackcheckout/service.go,GET,/api/finance/mobility/rides/paystack/:reference/status,/api/finance/mobility
internal/transport/paystackcheckout/service.go,POST,/api/finance/mobility/rides/paystack/initiate,/api/finance/mobility
