app,screen_name,file
reactnative,/,mobile-app/reactnative/app/index.tsx
reactnative,/,mobile-app/reactnative/app/(merchant)/index.tsx
reactnative,/,mobile-app/reactnative/app/(doctor)/(tabs)/index.tsx
reactnative,/account-status,mobile-app/reactnative/app/(doctor)/account-status/index.tsx
reactnative,/account-status/access-denied,mobile-app/reactnative/app/(doctor)/account-status/access-denied.tsx
reactnative,/account-status/session-expired,mobile-app/reactnative/app/(doctor)/account-status/session-expired.tsx
reactnative,/admin,mobile-app/reactnative/app/admin/index.tsx
reactnative,/admin/approvals,mobile-app/reactnative/app/admin/approvals/index.tsx
reactnative,/admin/assets,mobile-app/reactnative/app/admin/assets/index.tsx
reactnative,/admin/audit,mobile-app/reactnative/app/admin/audit/index.tsx
reactnative,/admin/fees,mobile-app/reactnative/app/admin/fees/index.tsx
reactnative,/admin/flags,mobile-app/reactnative/app/admin/flags/index.tsx
reactnative,/admin/kyc,mobile-app/reactnative/app/admin/kyc/index.tsx
reactnative,/admin/kyc/[id],mobile-app/reactnative/app/admin/kyc/[id].tsx
reactnative,/admin/orders,mobile-app/reactnative/app/admin/orders/index.tsx
reactnative,/admin/providers,mobile-app/reactnative/app/admin/providers/index.tsx
reactnative,/admin/reconciliation,mobile-app/reactnative/app/admin/reconciliation.tsx
reactnative,/admin/risk,mobile-app/reactnative/app/admin/risk/index.tsx
reactnative,/admin/settings,mobile-app/reactnative/app/admin/settings.tsx
reactnative,/admin/users,mobile-app/reactnative/app/admin/users/index.tsx
reactnative,/admin/users/[id],mobile-app/reactnative/app/admin/users/[id].tsx
reactnative,/admin/withdrawals,mobile-app/reactnative/app/admin/withdrawals/index.tsx
reactnative,/ai-notes,mobile-app/reactnative/app/ai-notes/index.tsx
reactnative,/ai-notes/[id],mobile-app/reactnative/app/ai-notes/[id].tsx
reactnative,/ai-notes/generate,mobile-app/reactnative/app/ai-notes/generate.tsx
reactnative,/ai-trading,mobile-app/reactnative/app/ai-trading/index.tsx
reactnative,/ai-trading/fund,mobile-app/reactnative/app/ai-trading/fund.tsx
reactnative,/ai-trading/kyc,mobile-app/reactnative/app/ai-trading/kyc.tsx
reactnative,/ai-trading/redeem,mobile-app/reactnative/app/ai-trading/redeem.tsx
reactnative,/ai-trading/strategies,mobile-app/reactnative/app/ai-trading/strategies.tsx
reactnative,/ai/lab-explanation,mobile-app/reactnative/app/(doctor)/ai/lab-explanation.tsx
reactnative,/ai/note-summary,mobile-app/reactnative/app/(doctor)/ai/note-summary.tsx
reactnative,/ai/rx-safety,mobile-app/reactnative/app/(doctor)/ai/rx-safety.tsx
reactnative,/analytics,mobile-app/reactnative/app/(doctor)/analytics/index.tsx
reactnative,/announcement,mobile-app/reactnative/app/(doctor)/announcement.tsx
reactnative,/announcements,mobile-app/reactnative/app/announcements/index.tsx
reactnative,/announcements/[id],mobile-app/reactnative/app/announcements/[id].tsx
reactnative,/announcements/create,mobile-app/reactnative/app/announcements/create.tsx
reactnative,/app-status,mobile-app/reactnative/app/(doctor)/app-status.tsx
reactnative,/application/[id],mobile-app/reactnative/app/(merchant)/application/[id].tsx
reactnative,/apply/[typeId],mobile-app/reactnative/app/(merchant)/apply/[typeId].tsx
reactnative,/appointments,mobile-app/reactnative/app/(doctor)/(tabs)/appointments.tsx
reactnative,/appointments/[id],mobile-app/reactnative/app/(doctor)/appointments/[id].tsx
reactnative,/appointments/requests,mobile-app/reactnative/app/(doctor)/appointments/requests/index.tsx
reactnative,/appointments/requests/[id],mobile-app/reactnative/app/(doctor)/appointments/requests/[id].tsx
reactnative,/arena,mobile-app/reactnative/app/arena/index.tsx
reactnative,/arena/apply,mobile-app/reactnative/app/arena/apply.tsx
reactnative,/arena/compete,mobile-app/reactnative/app/arena/compete.tsx
reactnative,/arena/credentials,mobile-app/reactnative/app/arena/credentials.tsx
reactnative,/arena/driver,mobile-app/reactnative/app/arena/driver.tsx
reactnative,/arena/enter,mobile-app/reactnative/app/arena/enter.tsx
reactnative,/arena/exam,mobile-app/reactnative/app/arena/exam.tsx
reactnative,/arena/exam-result,mobile-app/reactnative/app/arena/exam-result.tsx
reactnative,/arena/finale,mobile-app/reactnative/app/arena/finale.tsx
reactnative,/arena/pot,mobile-app/reactnative/app/arena/pot.tsx
reactnative,/arena/predict,mobile-app/reactnative/app/arena/predict.tsx
reactnative,/arena/quiz,mobile-app/reactnative/app/arena/quiz.tsx
reactnative,/arena/quiz-results,mobile-app/reactnative/app/arena/quiz-results.tsx
reactnative,/arena/state-pride,mobile-app/reactnative/app/arena/state-pride.tsx
reactnative,/arena/verify,mobile-app/reactnative/app/arena/verify.tsx
reactnative,/association,mobile-app/reactnative/app/association/index.tsx
reactnative,/association/admin,mobile-app/reactnative/app/association/admin/index.tsx
reactnative,/association/admin/announcements,mobile-app/reactnative/app/association/admin/announcements/index.tsx
reactnative,/association/admin/announcements/[id],mobile-app/reactnative/app/association/admin/announcements/[id].tsx
reactnative,/association/admin/announcements/new,mobile-app/reactnative/app/association/admin/announcements/new.tsx
reactnative,/association/admin/approvals,mobile-app/reactnative/app/association/admin/approvals/index.tsx
reactnative,/association/admin/approvals/[id],mobile-app/reactnative/app/association/admin/approvals/[id].tsx
reactnative,/association/admin/audit,mobile-app/reactnative/app/association/admin/audit.tsx
reactnative,/association/admin/documents,mobile-app/reactnative/app/association/admin/documents/index.tsx
reactnative,/association/admin/documents/[id],mobile-app/reactnative/app/association/admin/documents/[id].tsx
reactnative,/association/admin/documents/new,mobile-app/reactnative/app/association/admin/documents/new.tsx
reactnative,/association/admin/dues,mobile-app/reactnative/app/association/admin/dues/index.tsx
reactnative,/association/admin/dues/run,mobile-app/reactnative/app/association/admin/dues/run.tsx
reactnative,/association/admin/events,mobile-app/reactnative/app/association/admin/events/index.tsx
reactnative,/association/admin/events/[id],mobile-app/reactnative/app/association/admin/events/[id].tsx
reactnative,/association/admin/events/new,mobile-app/reactnative/app/association/admin/events/new.tsx
reactnative,/association/admin/finance,mobile-app/reactnative/app/association/admin/finance/index.tsx
reactnative,/association/admin/finance/offline,mobile-app/reactnative/app/association/admin/finance/offline.tsx
reactnative,/association/admin/import,mobile-app/reactnative/app/association/admin/import/index.tsx
reactnative,/association/admin/import/preview,mobile-app/reactnative/app/association/admin/import/preview.tsx
reactnative,/association/admin/meetings,mobile-app/reactnative/app/association/admin/meetings/index.tsx
reactnative,/association/admin/meetings/[id],mobile-app/reactnative/app/association/admin/meetings/[id].tsx
reactnative,/association/admin/meetings/new,mobile-app/reactnative/app/association/admin/meetings/new.tsx
reactnative,/association/admin/members,mobile-app/reactnative/app/association/admin/members/index.tsx
reactnative,/association/admin/members/[id],mobile-app/reactnative/app/association/admin/members/[id].tsx
reactnative,/association/admin/tasks,mobile-app/reactnative/app/association/admin/tasks/index.tsx
reactnative,/association/admin/tasks/[id],mobile-app/reactnative/app/association/admin/tasks/[id].tsx
reactnative,/association/admin/tasks/new,mobile-app/reactnative/app/association/admin/tasks/new.tsx
reactnative,/association/ai-notes,mobile-app/reactnative/app/association/ai-notes/index.tsx
reactnative,/association/ai-notes/[id],mobile-app/reactnative/app/association/ai-notes/[id]/index.tsx
reactnative,/association/ai-notes/[id]/processing,mobile-app/reactnative/app/association/ai-notes/[id]/processing.tsx
reactnative,/association/ai-notes/new,mobile-app/reactnative/app/association/ai-notes/new.tsx
reactnative,/association/announcements,mobile-app/reactnative/app/association/announcements/index.tsx
reactnative,/association/announcements/[id],mobile-app/reactnative/app/association/announcements/[id].tsx
reactnative,/association/card,mobile-app/reactnative/app/association/card.tsx
reactnative,/association/chat,mobile-app/reactnative/app/association/chat/index.tsx
reactnative,/association/chat/[id],mobile-app/reactnative/app/association/chat/[id].tsx
reactnative,/association/committees,mobile-app/reactnative/app/association/committees/index.tsx
reactnative,/association/committees/[id],mobile-app/reactnative/app/association/committees/[id].tsx
reactnative,/association/create,mobile-app/reactnative/app/association/create/index.tsx
reactnative,/association/create/access,mobile-app/reactnative/app/association/create/access.tsx
reactnative,/association/create/basics,mobile-app/reactnative/app/association/create/basics.tsx
reactnative,/association/create/branding,mobile-app/reactnative/app/association/create/branding.tsx
reactnative,/association/create/membership,mobile-app/reactnative/app/association/create/membership.tsx
reactnative,/association/create/preview,mobile-app/reactnative/app/association/create/preview.tsx
reactnative,/association/create/structure,mobile-app/reactnative/app/association/create/structure.tsx
reactnative,/association/create/success,mobile-app/reactnative/app/association/create/success.tsx
reactnative,/association/directory,mobile-app/reactnative/app/association/directory.tsx
reactnative,/association/documents,mobile-app/reactnative/app/association/documents/index.tsx
reactnative,/association/documents/[id],mobile-app/reactnative/app/association/documents/[id].tsx
reactnative,/association/documents/new,mobile-app/reactnative/app/association/documents/new.tsx
reactnative,/association/dues,mobile-app/reactnative/app/association/dues/index.tsx
reactnative,/association/edge/[type],mobile-app/reactnative/app/association/edge/[type].tsx
reactnative,/association/elections/[id],mobile-app/reactnative/app/association/elections/[id].tsx
reactnative,/association/event-pay/[id],mobile-app/reactnative/app/association/event-pay/[id].tsx
reactnative,/association/events,mobile-app/reactnative/app/association/events/index.tsx
reactnative,/association/events/[id],mobile-app/reactnative/app/association/events/[id].tsx
reactnative,/association/events/invite/[id],mobile-app/reactnative/app/association/events/invite/[id].tsx
reactnative,/association/events/new,mobile-app/reactnative/app/association/events/new.tsx
reactnative,/association/governance,mobile-app/reactnative/app/association/governance.tsx
reactnative,/association/home,mobile-app/reactnative/app/association/home.tsx
reactnative,/association/join/[id],mobile-app/reactnative/app/association/join/[id]/index.tsx
reactnative,/association/join/[id]/documents,mobile-app/reactnative/app/association/join/[id]/documents.tsx
reactnative,/association/join/[id]/submitted,mobile-app/reactnative/app/association/join/[id]/submitted.tsx
reactnative,/association/join/access-code,mobile-app/reactnative/app/association/join/access-code.tsx
reactnative,/association/join/invite,mobile-app/reactnative/app/association/join/invite.tsx
reactnative,/association/join/scan,mobile-app/reactnative/app/association/join/scan.tsx
reactnative,/association/meetings,mobile-app/reactnative/app/association/meetings/index.tsx
reactnative,/association/meetings/[id],mobile-app/reactnative/app/association/meetings/[id].tsx
reactnative,/association/meetings/propose,mobile-app/reactnative/app/association/meetings/propose.tsx
reactnative,/association/member/[id],mobile-app/reactnative/app/association/member/[id].tsx
reactnative,/association/notifications,mobile-app/reactnative/app/association/notifications.tsx
reactnative,/association/organisation/[id],mobile-app/reactnative/app/association/organisation/[id].tsx
reactnative,/association/pay/[invoiceId],mobile-app/reactnative/app/association/pay/[invoiceId].tsx
reactnative,/association/profile,mobile-app/reactnative/app/association/profile/index.tsx
reactnative,/association/profile/activity,mobile-app/reactnative/app/association/profile/activity.tsx
reactnative,/association/profile/edit,mobile-app/reactnative/app/association/profile/edit.tsx
reactnative,/association/profile/privacy,mobile-app/reactnative/app/association/profile/privacy.tsx
reactnative,/association/receipt/[receiptId],mobile-app/reactnative/app/association/receipt/[receiptId].tsx
reactnative,/association/settings,mobile-app/reactnative/app/association/settings/index.tsx
reactnative,/association/settings/devices,mobile-app/reactnative/app/association/settings/devices.tsx
reactnative,/association/settings/language,mobile-app/reactnative/app/association/settings/language.tsx
reactnative,/association/settings/notifications,mobile-app/reactnative/app/association/settings/notifications.tsx
reactnative,/association/settings/security,mobile-app/reactnative/app/association/settings/security.tsx
reactnative,/association/settings/theme,mobile-app/reactnative/app/association/settings/theme.tsx
reactnative,/association/support,mobile-app/reactnative/app/association/support/index.tsx
reactnative,/association/support/[id],mobile-app/reactnative/app/association/support/[id].tsx
reactnative,/association/support/new,mobile-app/reactnative/app/association/support/new.tsx
reactnative,/association/support/tickets,mobile-app/reactnative/app/association/support/tickets.tsx
reactnative,/association/tasks,mobile-app/reactnative/app/association/tasks/index.tsx
reactnative,/association/tasks/[id],mobile-app/reactnative/app/association/tasks/[id].tsx
reactnative,/association/tasks/new,mobile-app/reactnative/app/association/tasks/new.tsx
reactnative,/association/verify-card,mobile-app/reactnative/app/association/verify-card.tsx
reactnative,/availability,mobile-app/reactnative/app/(doctor)/availability.tsx
reactnative,/care-plans,mobile-app/reactnative/app/(doctor)/care-plans/index.tsx
reactnative,/care-plans/new,mobile-app/reactnative/app/(doctor)/care-plans/new.tsx
reactnative,/claims,mobile-app/reactnative/app/(doctor)/claims/index.tsx
reactnative,/claims/[id],mobile-app/reactnative/app/(doctor)/claims/[id].tsx
reactnative,/clinics,mobile-app/reactnative/app/(doctor)/clinics/index.tsx
reactnative,/compliance,mobile-app/reactnative/app/(doctor)/compliance/index.tsx
reactnative,/compliance/account-review,mobile-app/reactnative/app/(doctor)/compliance/account-review.tsx
reactnative,/compliance/audit/[scope],mobile-app/reactnative/app/(doctor)/compliance/audit/[scope].tsx
reactnative,/compliance/privacy,mobile-app/reactnative/app/(doctor)/compliance/privacy.tsx
reactnative,/compliance/safety-issue,mobile-app/reactnative/app/(doctor)/compliance/safety-issue.tsx
reactnative,/compliance/training,mobile-app/reactnative/app/(doctor)/compliance/training.tsx
reactnative,/connect,mobile-app/reactnative/app/connect/index.tsx
reactnative,/connect/create,mobile-app/reactnative/app/connect/(tabs)/create.tsx
reactnative,/connect/discover,mobile-app/reactnative/app/connect/(tabs)/discover.tsx
reactnative,/connect/discovery/boost,mobile-app/reactnative/app/connect/discovery/boost.tsx
reactnative,/connect/discovery/daily-picks,mobile-app/reactnative/app/connect/discovery/daily-picks.tsx
reactnative,/connect/discovery/filters,mobile-app/reactnative/app/connect/discovery/filters.tsx
reactnative,/connect/discovery/likes-you,mobile-app/reactnative/app/connect/discovery/likes-you.tsx
reactnative,/connect/discovery/map-nearby,mobile-app/reactnative/app/connect/discovery/map-nearby.tsx
reactnative,/connect/discovery/match-modal,mobile-app/reactnative/app/connect/discovery/match-modal.tsx
reactnative,/connect/discovery/profile-detail,mobile-app/reactnative/app/connect/discovery/profile-detail.tsx
reactnative,/connect/discovery/rewind,mobile-app/reactnative/app/connect/discovery/rewind.tsx
reactnative,/connect/discovery/stack,mobile-app/reactnative/app/connect/discovery/stack.tsx
reactnative,/connect/edge/[type],mobile-app/reactnative/app/connect/edge/[type].tsx
reactnative,/connect/gamification/badges,mobile-app/reactnative/app/connect/gamification/badges.tsx
reactnative,/connect/gamification/home,mobile-app/reactnative/app/connect/gamification/home.tsx
reactnative,/connect/gamification/leaderboards,mobile-app/reactnative/app/connect/gamification/leaderboards.tsx
reactnative,/connect/gamification/missions,mobile-app/reactnative/app/connect/gamification/missions.tsx
reactnative,/connect/gamification/rewards,mobile-app/reactnative/app/connect/gamification/rewards.tsx
reactnative,/connect/gamification/seasons,mobile-app/reactnative/app/connect/gamification/seasons.tsx
reactnative,/connect/gamification/streaks,mobile-app/reactnative/app/connect/gamification/streaks.tsx
reactnative,/connect/gamification/xp-history,mobile-app/reactnative/app/connect/gamification/xp-history.tsx
reactnative,/connect/inbox,mobile-app/reactnative/app/connect/(tabs)/inbox.tsx
reactnative,/connect/live,mobile-app/reactnative/app/connect/(tabs)/live.tsx
reactnative,/connect/livestream/broadcaster/earnings,mobile-app/reactnative/app/connect/livestream/broadcaster/earnings.tsx
reactnative,/connect/livestream/broadcaster/ended-summary,mobile-app/reactnative/app/connect/livestream/broadcaster/ended-summary.tsx
reactnative,/connect/livestream/broadcaster/invite-cohost,mobile-app/reactnative/app/connect/livestream/broadcaster/invite-cohost.tsx
reactnative,/connect/livestream/broadcaster/live-console,mobile-app/reactnative/app/connect/livestream/broadcaster/live-console.tsx
reactnative,/connect/livestream/broadcaster/moderation,mobile-app/reactnative/app/connect/livestream/broadcaster/moderation.tsx
reactnative,/connect/livestream/broadcaster/pk-invite,mobile-app/reactnative/app/connect/livestream/broadcaster/pk-invite.tsx
reactnative,/connect/livestream/broadcaster/preflight,mobile-app/reactnative/app/connect/livestream/broadcaster/preflight.tsx
reactnative,/connect/livestream/broadcaster/setup,mobile-app/reactnative/app/connect/livestream/broadcaster/setup.tsx
reactnative,/connect/livestream/co-host-request,mobile-app/reactnative/app/connect/livestream/co-host-request.tsx
reactnative,/connect/livestream/discover,mobile-app/reactnative/app/connect/livestream/discover.tsx
reactnative,/connect/livestream/gifts-sheet,mobile-app/reactnative/app/connect/livestream/gifts-sheet.tsx
reactnative,/connect/livestream/leaderboard,mobile-app/reactnative/app/connect/livestream/leaderboard.tsx
reactnative,/connect/livestream/pk-battle-view,mobile-app/reactnative/app/connect/livestream/pk-battle-view.tsx
reactnative,/connect/livestream/replay,mobile-app/reactnative/app/connect/livestream/replay.tsx
reactnative,/connect/livestream/report-stream,mobile-app/reactnative/app/connect/livestream/report-stream.tsx
reactnative,/connect/livestream/viewer,mobile-app/reactnative/app/connect/livestream/viewer.tsx
reactnative,/connect/me,mobile-app/reactnative/app/connect/(tabs)/me.tsx
reactnative,/connect/mehub,mobile-app/reactnative/app/connect/mehub/index.tsx
reactnative,/connect/messaging/connection-requests,mobile-app/reactnative/app/connect/messaging/connection-requests.tsx
reactnative,/connect/messaging/icebreakers,mobile-app/reactnative/app/connect/messaging/icebreakers.tsx
reactnative,/connect/messaging/inbox,mobile-app/reactnative/app/connect/messaging/inbox.tsx
reactnative,/connect/messaging/requests,mobile-app/reactnative/app/connect/messaging/requests.tsx
reactnative,/connect/messaging/safety,mobile-app/reactnative/app/connect/messaging/safety.tsx
reactnative,/connect/messaging/thread,mobile-app/reactnative/app/connect/messaging/thread.tsx
reactnative,/connect/messaging/video-call,mobile-app/reactnative/app/connect/messaging/video-call.tsx
reactnative,/connect/messaging/voice-call,mobile-app/reactnative/app/connect/messaging/voice-call.tsx
reactnative,/connect/networking/assessments,mobile-app/reactnative/app/connect/networking/assessments/index.tsx
reactnative,/connect/networking/assessments/[id]/cooldown,mobile-app/reactnative/app/connect/networking/assessments/[id]/cooldown.tsx
reactnative,/connect/networking/assessments/[id]/result,mobile-app/reactnative/app/connect/networking/assessments/[id]/result.tsx
reactnative,/connect/networking/assessments/[id]/run,mobile-app/reactnative/app/connect/networking/assessments/[id]/run.tsx
reactnative,/connect/networking/communities,mobile-app/reactnative/app/connect/networking/communities.tsx
reactnative,/connect/networking/community-detail,mobile-app/reactnative/app/connect/networking/community-detail.tsx
reactnative,/connect/networking/connect-request,mobile-app/reactnative/app/connect/networking/connect-request.tsx
reactnative,/connect/networking/content/[postId],mobile-app/reactnative/app/connect/networking/content/[postId].tsx
reactnative,/connect/networking/content/compose,mobile-app/reactnative/app/connect/networking/content/compose.tsx
reactnative,/connect/networking/create-community,mobile-app/reactnative/app/connect/networking/create-community.tsx
reactnative,/connect/networking/create-event,mobile-app/reactnative/app/connect/networking/create-event.tsx
reactnative,/connect/networking/endorsements,mobile-app/reactnative/app/connect/networking/endorsements.tsx
reactnative,/connect/networking/event-detail,mobile-app/reactnative/app/connect/networking/event-detail.tsx
reactnative,/connect/networking/events,mobile-app/reactnative/app/connect/networking/events.tsx
reactnative,/connect/networking/feed,mobile-app/reactnative/app/connect/networking/feed.tsx
reactnative,/connect/networking/filters,mobile-app/reactnative/app/connect/networking/filters.tsx
reactnative,/connect/networking/jobs,mobile-app/reactnative/app/connect/networking/jobs/index.tsx
reactnative,/connect/networking/jobs/[id],mobile-app/reactnative/app/connect/networking/jobs/[id].tsx
reactnative,/connect/networking/jobs/apply,mobile-app/reactnative/app/connect/networking/jobs/apply.tsx
reactnative,/connect/networking/jobs/my-applications,mobile-app/reactnative/app/connect/networking/jobs/my-applications.tsx
reactnative,/connect/networking/jobs/open-to-work,mobile-app/reactnative/app/connect/networking/jobs/open-to-work.tsx
reactnative,/connect/networking/mentorship/discovery,mobile-app/reactnative/app/connect/networking/mentorship/discovery.tsx
reactnative,/connect/networking/mentorship/match/[mentorId],mobile-app/reactnative/app/connect/networking/mentorship/match/[mentorId].tsx
reactnative,/connect/networking/mentorship/opt-in,mobile-app/reactnative/app/connect/networking/mentorship/opt-in.tsx
reactnative,/connect/networking/profile,mobile-app/reactnative/app/connect/networking/profile.tsx
reactnative,/connect/networking/profile/about,mobile-app/reactnative/app/connect/networking/profile/about.tsx
reactnative,/connect/networking/profile/education,mobile-app/reactnative/app/connect/networking/profile/education.tsx
reactnative,/connect/networking/profile/experience,mobile-app/reactnative/app/connect/networking/profile/experience.tsx
reactnative,/connect/networking/profile/strength,mobile-app/reactnative/app/connect/networking/profile/strength.tsx
reactnative,/connect/networking/recommendations/[userId],mobile-app/reactnative/app/connect/networking/recommendations/[userId].tsx
reactnative,/connect/networking/recommendations/inbox,mobile-app/reactnative/app/connect/networking/recommendations/inbox.tsx
reactnative,/connect/onboarding/bio,mobile-app/reactnative/app/connect/onboarding/bio.tsx
reactnative,/connect/onboarding/complete,mobile-app/reactnative/app/connect/onboarding/complete.tsx
reactnative,/connect/onboarding/intent,mobile-app/reactnative/app/connect/onboarding/intent.tsx
reactnative,/connect/onboarding/photos,mobile-app/reactnative/app/connect/onboarding/photos.tsx
reactnative,/connect/onboarding/preferences,mobile-app/reactnative/app/connect/onboarding/preferences.tsx
reactnative,/connect/onboarding/profile-basics,mobile-app/reactnative/app/connect/onboarding/profile-basics.tsx
reactnative,/connect/onboarding/underage,mobile-app/reactnative/app/connect/onboarding/underage.tsx
reactnative,/connect/onboarding/welcome,mobile-app/reactnative/app/connect/onboarding/welcome.tsx
reactnative,/connect/profile/badges,mobile-app/reactnative/app/connect/profile/badges.tsx
reactnative,/connect/profile/edit,mobile-app/reactnative/app/connect/profile/edit.tsx
reactnative,/connect/profile/mode-toggle,mobile-app/reactnative/app/connect/profile/mode-toggle.tsx
reactnative,/connect/profile/photos,mobile-app/reactnative/app/connect/profile/photos.tsx
reactnative,/connect/profile/privacy,mobile-app/reactnative/app/connect/profile/privacy.tsx
reactnative,/connect/profile/view,mobile-app/reactnative/app/connect/profile/view.tsx
reactnative,/connect/settings,mobile-app/reactnative/app/connect/settings/index.tsx
reactnative,/connect/settings/account,mobile-app/reactnative/app/connect/settings/account.tsx
reactnative,/connect/settings/appeal,mobile-app/reactnative/app/connect/settings/appeal.tsx
reactnative,/connect/settings/data-saver,mobile-app/reactnative/app/connect/settings/data-saver.tsx
reactnative,/connect/settings/date-safety-sos,mobile-app/reactnative/app/connect/settings/date-safety-sos.tsx
reactnative,/connect/settings/delete-account,mobile-app/reactnative/app/connect/settings/delete-account.tsx
reactnative,/connect/settings/help,mobile-app/reactnative/app/connect/settings/help.tsx
reactnative,/connect/settings/language,mobile-app/reactnative/app/connect/settings/language.tsx
reactnative,/connect/settings/legal,mobile-app/reactnative/app/connect/settings/legal.tsx
reactnative,/connect/settings/notifications,mobile-app/reactnative/app/connect/settings/notifications.tsx
reactnative,/connect/settings/premium,mobile-app/reactnative/app/connect/settings/premium.tsx
reactnative,/connect/settings/privacy,mobile-app/reactnative/app/connect/settings/privacy.tsx
reactnative,/connect/settings/report,mobile-app/reactnative/app/connect/settings/report.tsx
reactnative,/connect/settings/safety-center,mobile-app/reactnative/app/connect/settings/safety-center.tsx
reactnative,/connect/voting/contest-detail,mobile-app/reactnative/app/connect/voting/contest-detail.tsx
reactnative,/connect/voting/contests,mobile-app/reactnative/app/connect/voting/contests.tsx
reactnative,/connect/voting/leaderboard,mobile-app/reactnative/app/connect/voting/leaderboard.tsx
reactnative,/connect/voting/my-votes,mobile-app/reactnative/app/connect/voting/my-votes.tsx
reactnative,/connect/voting/paid-vote,mobile-app/reactnative/app/connect/voting/paid-vote.tsx
reactnative,/connect/voting/results,mobile-app/reactnative/app/connect/voting/results.tsx
reactnative,/connect/voting/vote-modal,mobile-app/reactnative/app/connect/voting/vote-modal.tsx
reactnative,/connect/wallet/fund,mobile-app/reactnative/app/connect/wallet/fund.tsx
reactnative,/connect/wallet/gifting/catalog,mobile-app/reactnative/app/connect/wallet/gifting/catalog.tsx
reactnative,/connect/wallet/gifting/confirm,mobile-app/reactnative/app/connect/wallet/gifting/confirm.tsx
reactnative,/connect/wallet/gifting/gift-detail,mobile-app/reactnative/app/connect/wallet/gifting/gift-detail.tsx
reactnative,/connect/wallet/gifting/received,mobile-app/reactnative/app/connect/wallet/gifting/received.tsx
reactnative,/connect/wallet/gifting/send,mobile-app/reactnative/app/connect/wallet/gifting/send.tsx
reactnative,/connect/wallet/gifting/sent,mobile-app/reactnative/app/connect/wallet/gifting/sent.tsx
reactnative,/connect/wallet/history,mobile-app/reactnative/app/connect/wallet/history.tsx
reactnative,/connect/wallet/home,mobile-app/reactnative/app/connect/wallet/home.tsx
reactnative,/connect/wallet/payouts/history,mobile-app/reactnative/app/connect/wallet/payouts/history.tsx
reactnative,/connect/wallet/payouts/intro,mobile-app/reactnative/app/connect/wallet/payouts/intro.tsx
reactnative,/connect/wallet/payouts/request,mobile-app/reactnative/app/connect/wallet/payouts/request.tsx
reactnative,/connect/wallet/tier/limits,mobile-app/reactnative/app/connect/wallet/tier/limits.tsx
reactnative,/connect/wallet/tier/pending,mobile-app/reactnative/app/connect/wallet/tier/pending.tsx
reactnative,/connect/wallet/tier/rejected,mobile-app/reactnative/app/connect/wallet/tier/rejected.tsx
reactnative,/connect/wallet/tier/status,mobile-app/reactnative/app/connect/wallet/tier/status.tsx
reactnative,/connect/wallet/tier/tier1-bvn-nin,mobile-app/reactnative/app/connect/wallet/tier/tier1-bvn-nin.tsx
reactnative,/connect/wallet/tier/tier2-id-address,mobile-app/reactnative/app/connect/wallet/tier/tier2-id-address.tsx
reactnative,/connect/wallet/tier/tier3-liveness-edd,mobile-app/reactnative/app/connect/wallet/tier/tier3-liveness-edd.tsx
reactnative,/connect/wallet/tier/upgrade-intro,mobile-app/reactnative/app/connect/wallet/tier/upgrade-intro.tsx
reactnative,/connect/wallet/transaction-detail,mobile-app/reactnative/app/connect/wallet/transaction-detail.tsx
reactnative,/consult/[id]/call,mobile-app/reactnative/app/(doctor)/consult/[id]/call.tsx
reactnative,/consult/[id]/chat,mobile-app/reactnative/app/(doctor)/consult/[id]/chat.tsx
reactnative,/consult/[id]/hmo,mobile-app/reactnative/app/(doctor)/consult/[id]/hmo.tsx
reactnative,/consult/[id]/lab-order,mobile-app/reactnative/app/(doctor)/consult/[id]/lab-order.tsx
reactnative,/consult/[id]/notes,mobile-app/reactnative/app/(doctor)/consult/[id]/notes.tsx
reactnative,/consult/[id]/pre-call,mobile-app/reactnative/app/(doctor)/consult/[id]/pre-call.tsx
reactnative,/consult/[id]/prescription,mobile-app/reactnative/app/(doctor)/consult/[id]/prescription.tsx
reactnative,/creators,mobile-app/reactnative/app/creators/index.tsx
reactnative,/creators/become-creator,mobile-app/reactnative/app/creators/become-creator.tsx
reactnative,/creators/content/manage,mobile-app/reactnative/app/creators/content/manage.tsx
reactnative,/creators/earnings,mobile-app/reactnative/app/creators/earnings.tsx
reactnative,/creators/gated/[id],mobile-app/reactnative/app/creators/gated/[id].tsx
reactnative,/creators/my-subscriptions,mobile-app/reactnative/app/creators/my-subscriptions.tsx
reactnative,/creators/payout,mobile-app/reactnative/app/creators/payout.tsx
reactnative,/creators/storefront/[id],mobile-app/reactnative/app/creators/storefront/[id].tsx
reactnative,/creators/subscribe,mobile-app/reactnative/app/creators/subscribe.tsx
reactnative,/creators/tip,mobile-app/reactnative/app/creators/tip.tsx
reactnative,/credentialing,mobile-app/reactnative/app/(doctor)/credentialing/index.tsx
reactnative,/credentialing/pending,mobile-app/reactnative/app/(doctor)/credentialing/pending.tsx
reactnative,/crowdfunding,mobile-app/reactnative/app/crowdfunding/index.tsx
reactnative,/crowdfunding/campaign/[id],mobile-app/reactnative/app/crowdfunding/campaign/[id]/index.tsx
reactnative,/crowdfunding/campaign/[id]/broadcast,mobile-app/reactnative/app/crowdfunding/campaign/[id]/broadcast.tsx
reactnative,/crowdfunding/campaign/[id]/budget,mobile-app/reactnative/app/crowdfunding/campaign/[id]/budget.tsx
reactnative,/crowdfunding/campaign/[id]/comments,mobile-app/reactnative/app/crowdfunding/campaign/[id]/comments.tsx
reactnative,/crowdfunding/campaign/[id]/contributors,mobile-app/reactnative/app/crowdfunding/campaign/[id]/contributors.tsx
reactnative,/crowdfunding/campaign/[id]/creator,mobile-app/reactnative/app/crowdfunding/campaign/[id]/creator.tsx
reactnative,/crowdfunding/campaign/[id]/documents,mobile-app/reactnative/app/crowdfunding/campaign/[id]/documents.tsx
reactnative,/crowdfunding/campaign/[id]/faq,mobile-app/reactnative/app/crowdfunding/campaign/[id]/faq.tsx
reactnative,/crowdfunding/campaign/[id]/media,mobile-app/reactnative/app/crowdfunding/campaign/[id]/media.tsx
reactnative,/crowdfunding/campaign/[id]/milestones,mobile-app/reactnative/app/crowdfunding/campaign/[id]/milestones.tsx
reactnative,/crowdfunding/campaign/[id]/post-update,mobile-app/reactnative/app/crowdfunding/campaign/[id]/post-update.tsx
reactnative,/crowdfunding/campaign/[id]/report,mobile-app/reactnative/app/crowdfunding/campaign/[id]/report.tsx
reactnative,/crowdfunding/campaign/[id]/rewards,mobile-app/reactnative/app/crowdfunding/campaign/[id]/rewards.tsx
reactnative,/crowdfunding/campaign/[id]/share,mobile-app/reactnative/app/crowdfunding/campaign/[id]/share.tsx
reactnative,/crowdfunding/campaign/[id]/story,mobile-app/reactnative/app/crowdfunding/campaign/[id]/story.tsx
reactnative,/crowdfunding/campaign/[id]/updates,mobile-app/reactnative/app/crowdfunding/campaign/[id]/updates.tsx
reactnative,/crowdfunding/campaigns,mobile-app/reactnative/app/crowdfunding/campaigns.tsx
reactnative,/crowdfunding/categories,mobile-app/reactnative/app/crowdfunding/categories.tsx
reactnative,/crowdfunding/contribute/[id],mobile-app/reactnative/app/crowdfunding/contribute/[id]/index.tsx
reactnative,/crowdfunding/contribute/[id]/failed,mobile-app/reactnative/app/crowdfunding/contribute/[id]/failed.tsx
reactnative,/crowdfunding/contribute/[id]/processing,mobile-app/reactnative/app/crowdfunding/contribute/[id]/processing.tsx
reactnative,/crowdfunding/contribute/[id]/receipt,mobile-app/reactnative/app/crowdfunding/contribute/[id]/receipt.tsx
reactnative,/crowdfunding/contribute/[id]/success,mobile-app/reactnative/app/crowdfunding/contribute/[id]/success.tsx
reactnative,/crowdfunding/contribute/[id]/summary,mobile-app/reactnative/app/crowdfunding/contribute/[id]/summary.tsx
reactnative,/crowdfunding/contributions,mobile-app/reactnative/app/crowdfunding/contributions/index.tsx
reactnative,/crowdfunding/contributions/[id],mobile-app/reactnative/app/crowdfunding/contributions/[id]/index.tsx
reactnative,/crowdfunding/contributions/[id]/refund,mobile-app/reactnative/app/crowdfunding/contributions/[id]/refund.tsx
reactnative,/crowdfunding/create,mobile-app/reactnative/app/crowdfunding/create/index.tsx
reactnative,/crowdfunding/create/beneficiary,mobile-app/reactnative/app/crowdfunding/create/beneficiary.tsx
reactnative,/crowdfunding/create/budget,mobile-app/reactnative/app/crowdfunding/create/budget.tsx
reactnative,/crowdfunding/create/category,mobile-app/reactnative/app/crowdfunding/create/category.tsx
reactnative,/crowdfunding/create/details,mobile-app/reactnative/app/crowdfunding/create/details.tsx
reactnative,/crowdfunding/create/funding,mobile-app/reactnative/app/crowdfunding/create/funding.tsx
reactnative,/crowdfunding/create/media,mobile-app/reactnative/app/crowdfunding/create/media.tsx
reactnative,/crowdfunding/create/preview,mobile-app/reactnative/app/crowdfunding/create/preview.tsx
reactnative,/crowdfunding/create/story,mobile-app/reactnative/app/crowdfunding/create/story.tsx
reactnative,/crowdfunding/create/success,mobile-app/reactnative/app/crowdfunding/create/success.tsx
reactnative,/crowdfunding/creator,mobile-app/reactnative/app/crowdfunding/creator/index.tsx
reactnative,/crowdfunding/creator/campaign/[id],mobile-app/reactnative/app/crowdfunding/creator/campaign/[id]/index.tsx
reactnative,/crowdfunding/creator/campaign/[id]/edit,mobile-app/reactnative/app/crowdfunding/creator/campaign/[id]/edit.tsx
reactnative,/crowdfunding/creator/campaigns,mobile-app/reactnative/app/crowdfunding/creator/campaigns.tsx
reactnative,/crowdfunding/creator/notifications,mobile-app/reactnative/app/crowdfunding/creator/notifications.tsx
reactnative,/crowdfunding/creator/performance/[id],mobile-app/reactnative/app/crowdfunding/creator/performance/[id].tsx
reactnative,/crowdfunding/creator/withdrawals,mobile-app/reactnative/app/crowdfunding/creator/withdrawals.tsx
reactnative,/crowdfunding/csr,mobile-app/reactnative/app/crowdfunding/csr/index.tsx
reactnative,/crowdfunding/csr/campaign/[id],mobile-app/reactnative/app/crowdfunding/csr/campaign/[id].tsx
reactnative,/crowdfunding/csr/campaigns,mobile-app/reactnative/app/crowdfunding/csr/campaigns.tsx
reactnative,/crowdfunding/csr/employee-giving,mobile-app/reactnative/app/crowdfunding/csr/employee-giving.tsx
reactnative,/crowdfunding/csr/invoices,mobile-app/reactnative/app/crowdfunding/csr/invoices.tsx
reactnative,/crowdfunding/csr/match/[id],mobile-app/reactnative/app/crowdfunding/csr/match/[id].tsx
reactnative,/crowdfunding/csr/matches,mobile-app/reactnative/app/crowdfunding/csr/matches.tsx
reactnative,/crowdfunding/csr/reports,mobile-app/reactnative/app/crowdfunding/csr/reports.tsx
reactnative,/crowdfunding/edge/[type],mobile-app/reactnative/app/crowdfunding/edge/[type].tsx
reactnative,/crowdfunding/filter,mobile-app/reactnative/app/crowdfunding/filter.tsx
reactnative,/crowdfunding/investment,mobile-app/reactnative/app/crowdfunding/investment/index.tsx
reactnative,/crowdfunding/investment/certificate,mobile-app/reactnative/app/crowdfunding/investment/certificate.tsx
reactnative,/crowdfunding/investment/education,mobile-app/reactnative/app/crowdfunding/investment/education.tsx
reactnative,/crowdfunding/investment/invest/[id],mobile-app/reactnative/app/crowdfunding/investment/invest/[id].tsx
reactnative,/crowdfunding/investment/offer/[id],mobile-app/reactnative/app/crowdfunding/investment/offer/[id].tsx
reactnative,/crowdfunding/investment/offers,mobile-app/reactnative/app/crowdfunding/investment/offers.tsx
reactnative,/crowdfunding/investment/portfolio,mobile-app/reactnative/app/crowdfunding/investment/portfolio.tsx
reactnative,/crowdfunding/investment/quiz,mobile-app/reactnative/app/crowdfunding/investment/quiz.tsx
reactnative,/crowdfunding/investment/risk-profile,mobile-app/reactnative/app/crowdfunding/investment/risk-profile.tsx
reactnative,/crowdfunding/milestones/[id],mobile-app/reactnative/app/crowdfunding/milestones/[id]/index.tsx
reactnative,/crowdfunding/milestones/[id]/[milestoneId],mobile-app/reactnative/app/crowdfunding/milestones/[id]/[milestoneId].tsx
reactnative,/crowdfunding/milestones/[id]/impact,mobile-app/reactnative/app/crowdfunding/milestones/[id]/impact.tsx
reactnative,/crowdfunding/notifications,mobile-app/reactnative/app/crowdfunding/notifications.tsx
reactnative,/crowdfunding/recently-viewed,mobile-app/reactnative/app/crowdfunding/recently-viewed.tsx
reactnative,/crowdfunding/rewards,mobile-app/reactnative/app/crowdfunding/rewards/index.tsx
reactnative,/crowdfunding/rewards/[backerId],mobile-app/reactnative/app/crowdfunding/rewards/[backerId].tsx
reactnative,/crowdfunding/saved,mobile-app/reactnative/app/crowdfunding/saved.tsx
reactnative,/crowdfunding/search,mobile-app/reactnative/app/crowdfunding/search.tsx
reactnative,/crowdfunding/settings,mobile-app/reactnative/app/crowdfunding/settings/index.tsx
reactnative,/crowdfunding/settings/add-bank,mobile-app/reactnative/app/crowdfunding/settings/add-bank.tsx
reactnative,/crowdfunding/settings/add-card,mobile-app/reactnative/app/crowdfunding/settings/add-card.tsx
reactnative,/crowdfunding/settings/bank-accounts,mobile-app/reactnative/app/crowdfunding/settings/bank-accounts.tsx
reactnative,/crowdfunding/settings/change-password,mobile-app/reactnative/app/crowdfunding/settings/change-password.tsx
reactnative,/crowdfunding/settings/data-export,mobile-app/reactnative/app/crowdfunding/settings/data-export.tsx
reactnative,/crowdfunding/settings/delete,mobile-app/reactnative/app/crowdfunding/settings/delete.tsx
reactnative,/crowdfunding/settings/language,mobile-app/reactnative/app/crowdfunding/settings/language.tsx
reactnative,/crowdfunding/settings/notifications,mobile-app/reactnative/app/crowdfunding/settings/notifications.tsx
reactnative,/crowdfunding/settings/payment,mobile-app/reactnative/app/crowdfunding/settings/payment.tsx
reactnative,/crowdfunding/settings/privacy,mobile-app/reactnative/app/crowdfunding/settings/privacy.tsx
reactnative,/crowdfunding/settings/profile,mobile-app/reactnative/app/crowdfunding/settings/profile.tsx
reactnative,/crowdfunding/settings/security,mobile-app/reactnative/app/crowdfunding/settings/security.tsx
reactnative,/crowdfunding/settings/theme,mobile-app/reactnative/app/crowdfunding/settings/theme.tsx
reactnative,/crowdfunding/settings/verification,mobile-app/reactnative/app/crowdfunding/settings/verification.tsx
reactnative,/crowdfunding/sort,mobile-app/reactnative/app/crowdfunding/sort.tsx
reactnative,/crowdfunding/support,mobile-app/reactnative/app/crowdfunding/support/index.tsx
reactnative,/crowdfunding/support/create,mobile-app/reactnative/app/crowdfunding/support/create.tsx
reactnative,/crowdfunding/support/ticket/[id],mobile-app/reactnative/app/crowdfunding/support/ticket/[id].tsx
reactnative,/crowdfunding/support/tickets,mobile-app/reactnative/app/crowdfunding/support/tickets.tsx
reactnative,/crowdfunding/wallet,mobile-app/reactnative/app/crowdfunding/wallet/index.tsx
reactnative,/crowdfunding/wallet/ledger,mobile-app/reactnative/app/crowdfunding/wallet/ledger.tsx
reactnative,/crowdfunding/wallet/transaction/[id],mobile-app/reactnative/app/crowdfunding/wallet/transaction/[id].tsx
reactnative,/crowdfunding/wallet/withdraw,mobile-app/reactnative/app/crowdfunding/wallet/withdraw.tsx
reactnative,/crypto,mobile-app/reactnative/app/crypto/index.tsx
reactnative,/crypto/addresses,mobile-app/reactnative/app/crypto/addresses/index.tsx
reactnative,/crypto/addresses/new,mobile-app/reactnative/app/crypto/addresses/new.tsx
reactnative,/crypto/alerts,mobile-app/reactnative/app/crypto/alerts/index.tsx
reactnative,/crypto/alerts/new,mobile-app/reactnative/app/crypto/alerts/new.tsx
reactnative,/crypto/asset/[symbol],mobile-app/reactnative/app/crypto/asset/[symbol].tsx
reactnative,/crypto/assets,mobile-app/reactnative/app/crypto/assets.tsx
reactnative,/crypto/buy,mobile-app/reactnative/app/crypto/buy/index.tsx
reactnative,/crypto/buy/failed,mobile-app/reactnative/app/crypto/buy/failed.tsx
reactnative,/crypto/buy/processing,mobile-app/reactnative/app/crypto/buy/processing.tsx
reactnative,/crypto/buy/review,mobile-app/reactnative/app/crypto/buy/review.tsx
reactnative,/crypto/buy/success,mobile-app/reactnative/app/crypto/buy/success.tsx
reactnative,/crypto/deposit,mobile-app/reactnative/app/crypto/deposit/index.tsx
reactnative,/crypto/deposit/pending,mobile-app/reactnative/app/crypto/deposit/pending.tsx
reactnative,/crypto/portfolio,mobile-app/reactnative/app/crypto/portfolio.tsx
reactnative,/crypto/sell,mobile-app/reactnative/app/crypto/sell/index.tsx
reactnative,/crypto/sell/failed,mobile-app/reactnative/app/crypto/sell/failed.tsx
reactnative,/crypto/sell/processing,mobile-app/reactnative/app/crypto/sell/processing.tsx
reactnative,/crypto/sell/review,mobile-app/reactnative/app/crypto/sell/review.tsx
reactnative,/crypto/sell/success,mobile-app/reactnative/app/crypto/sell/success.tsx
reactnative,/crypto/swap,mobile-app/reactnative/app/crypto/swap/index.tsx
reactnative,/crypto/swap/failed,mobile-app/reactnative/app/crypto/swap/failed.tsx
reactnative,/crypto/swap/processing,mobile-app/reactnative/app/crypto/swap/processing.tsx
reactnative,/crypto/swap/review,mobile-app/reactnative/app/crypto/swap/review.tsx
reactnative,/crypto/swap/success,mobile-app/reactnative/app/crypto/swap/success.tsx
reactnative,/crypto/transactions,mobile-app/reactnative/app/crypto/transactions/index.tsx
reactnative,/crypto/transactions/[id],mobile-app/reactnative/app/crypto/transactions/[id].tsx
reactnative,/crypto/watchlist,mobile-app/reactnative/app/crypto/watchlist.tsx
reactnative,/crypto/withdraw,mobile-app/reactnative/app/crypto/withdraw/index.tsx
reactnative,/crypto/withdraw/failed,mobile-app/reactnative/app/crypto/withdraw/failed.tsx
reactnative,/crypto/withdraw/otp,mobile-app/reactnative/app/crypto/withdraw/otp.tsx
reactnative,/crypto/withdraw/pending,mobile-app/reactnative/app/crypto/withdraw/pending.tsx
reactnative,/crypto/withdraw/processing,mobile-app/reactnative/app/crypto/withdraw/processing.tsx
reactnative,/crypto/withdraw/review,mobile-app/reactnative/app/crypto/withdraw/review.tsx
reactnative,/documents,mobile-app/reactnative/app/documents/index.tsx
reactnative,/documents/upload,mobile-app/reactnative/app/documents/upload.tsx
reactnative,/dues,mobile-app/reactnative/app/dues/index.tsx
reactnative,/earnings,mobile-app/reactnative/app/(doctor)/(tabs)/earnings.tsx
reactnative,/earnings/bank-account,mobile-app/reactnative/app/(doctor)/earnings/bank-account.tsx
reactnative,/earnings/invoice/[id],mobile-app/reactnative/app/(doctor)/earnings/invoice/[id].tsx
reactnative,/earnings/payout/[id],mobile-app/reactnative/app/(doctor)/earnings/payout/[id].tsx
reactnative,/earnings/report,mobile-app/reactnative/app/(doctor)/earnings/report.tsx
reactnative,/election,mobile-app/reactnative/app/election/index.tsx
reactnative,/election/admin/setup,mobile-app/reactnative/app/election/admin/setup.tsx
reactnative,/election/candidate/[id],mobile-app/reactnative/app/election/candidate/[id].tsx
reactnative,/election/list,mobile-app/reactnative/app/election/list.tsx
reactnative,/election/observer,mobile-app/reactnative/app/election/observer.tsx
reactnative,/election/receipt,mobile-app/reactnative/app/election/receipt.tsx
reactnative,/emergencies,mobile-app/reactnative/app/emergencies/index.tsx
reactnative,/emergencies/report,mobile-app/reactnative/app/emergencies/report.tsx
reactnative,/emergency,mobile-app/reactnative/app/(doctor)/emergency/index.tsx
reactnative,/emergency/[caseId],mobile-app/reactnative/app/(doctor)/emergency/[caseId].tsx
reactnative,/estate-admin,mobile-app/reactnative/app/estate-admin/index.tsx
reactnative,/estate-admin/residents,mobile-app/reactnative/app/estate-admin/residents.tsx
reactnative,/estate-notifications,mobile-app/reactnative/app/estate-notifications/index.tsx
reactnative,/estate-settings,mobile-app/reactnative/app/estate-settings/index.tsx
reactnative,/events,mobile-app/reactnative/app/events/index.tsx
reactnative,/events/[id],mobile-app/reactnative/app/events/[id].tsx
reactnative,/events/checkout/review,mobile-app/reactnative/app/events/checkout/review.tsx
reactnative,/events/checkout/success,mobile-app/reactnative/app/events/checkout/success.tsx
reactnative,/events/checkout/tiers,mobile-app/reactnative/app/events/checkout/tiers.tsx
reactnative,/events/my-tickets,mobile-app/reactnative/app/events/my-tickets.tsx
reactnative,/events/organiser/attendees,mobile-app/reactnative/app/events/organiser/attendees.tsx
reactnative,/events/organiser/create,mobile-app/reactnative/app/events/organiser/create.tsx
reactnative,/events/organiser/dashboard,mobile-app/reactnative/app/events/organiser/dashboard.tsx
reactnative,/events/steward/scan,mobile-app/reactnative/app/events/steward/scan.tsx
reactnative,/events/ticket/[id],mobile-app/reactnative/app/events/ticket/[id].tsx
reactnative,/events/wallet/history,mobile-app/reactnative/app/events/wallet/history.tsx
reactnative,/events/wallet/tap-pay,mobile-app/reactnative/app/events/wallet/tap-pay.tsx
reactnative,/events/wallet/top-up,mobile-app/reactnative/app/events/wallet/top-up.tsx
reactnative,/events/wallet/venue-map,mobile-app/reactnative/app/events/wallet/venue-map.tsx
reactnative,/events/wallet/withdraw,mobile-app/reactnative/app/events/wallet/withdraw.tsx
reactnative,/facilities,mobile-app/reactnative/app/facilities/index.tsx
reactnative,/facilities/book,mobile-app/reactnative/app/facilities/book.tsx
reactnative,/featured/new,mobile-app/reactnative/app/featured/new.tsx
reactnative,/featured/promotions,mobile-app/reactnative/app/featured/promotions/index.tsx
reactnative,/featured/promotions/[id],mobile-app/reactnative/app/featured/promotions/[id].tsx
reactnative,/film-academy,mobile-app/reactnative/app/film-academy/index.tsx
reactnative,/film-academy/apply,mobile-app/reactnative/app/film-academy/apply.tsx
reactnative,/film-academy/assignments,mobile-app/reactnative/app/film-academy/assignments.tsx
reactnative,/film-academy/learn,mobile-app/reactnative/app/film-academy/learn.tsx
reactnative,/film-academy/lesson/[lessonId],mobile-app/reactnative/app/film-academy/lesson/[lessonId].tsx
reactnative,/film-academy/status,mobile-app/reactnative/app/film-academy/status.tsx
reactnative,/film-academy/tuition,mobile-app/reactnative/app/film-academy/tuition.tsx
reactnative,/finance,mobile-app/reactnative/app/finance/index.tsx
reactnative,/follow-ups,mobile-app/reactnative/app/(doctor)/follow-ups/index.tsx
reactnative,/follow-ups/new,mobile-app/reactnative/app/(doctor)/follow-ups/new.tsx
reactnative,/food,mobile-app/reactnative/app/food/index.tsx
reactnative,/food/checkout,mobile-app/reactnative/app/food/checkout.tsx
reactnative,/food/orders,mobile-app/reactnative/app/food/orders/index.tsx
reactnative,/food/orders/[orderId],mobile-app/reactnative/app/food/orders/[orderId].tsx
reactnative,/food/orders/[orderId]/rate,mobile-app/reactnative/app/food/orders/[orderId]/rate.tsx
reactnative,/food/paystack/[reference],mobile-app/reactnative/app/food/paystack/[reference].tsx
reactnative,/food/restaurant,mobile-app/reactnative/app/food/restaurant/index.tsx
reactnative,/food/restaurant/[id],mobile-app/reactnative/app/food/restaurant/[id].tsx
reactnative,/food/restaurant/earnings,mobile-app/reactnative/app/food/restaurant/earnings.tsx
reactnative,/food/restaurant/kyb,mobile-app/reactnative/app/food/restaurant/kyb.tsx
reactnative,/food/restaurant/manage,mobile-app/reactnative/app/food/restaurant/manage.tsx
reactnative,/food/restaurant/order/[orderId],mobile-app/reactnative/app/food/restaurant/order/[orderId].tsx
reactnative,/food/restaurant/staff,mobile-app/reactnative/app/food/restaurant/staff.tsx
reactnative,/food/rider,mobile-app/reactnative/app/food/rider/index.tsx
reactnative,/food/rider/[orderId],mobile-app/reactnative/app/food/rider/[orderId].tsx
reactnative,/forgot-password,mobile-app/reactnative/app/(auth)/forgot-password.tsx
reactnative,/fractionalre,mobile-app/reactnative/app/fractionalre/index.tsx
reactnative,/fractionalre/[id],mobile-app/reactnative/app/fractionalre/[id]/index.tsx
reactnative,/fractionalre/[id]/authorize,mobile-app/reactnative/app/fractionalre/[id]/authorize.tsx
reactnative,/fractionalre/[id]/calculator,mobile-app/reactnative/app/fractionalre/[id]/calculator.tsx
reactnative,/fractionalre/[id]/certificate,mobile-app/reactnative/app/fractionalre/[id]/certificate.tsx
reactnative,/fractionalre/[id]/invest,mobile-app/reactnative/app/fractionalre/[id]/invest.tsx
reactnative,/fractionalre/[id]/processing,mobile-app/reactnative/app/fractionalre/[id]/processing.tsx
reactnative,/fractionalre/[id]/sign,mobile-app/reactnative/app/fractionalre/[id]/sign.tsx
reactnative,/fractionalre/account,mobile-app/reactnative/app/fractionalre/account/index.tsx
reactnative,/fractionalre/account/beneficiaries,mobile-app/reactnative/app/fractionalre/account/beneficiaries.tsx
reactnative,/fractionalre/account/documents,mobile-app/reactnative/app/fractionalre/account/documents.tsx
reactnative,/fractionalre/account/legal,mobile-app/reactnative/app/fractionalre/account/legal.tsx
reactnative,/fractionalre/account/profile,mobile-app/reactnative/app/fractionalre/account/profile.tsx
reactnative,/fractionalre/account/referrals,mobile-app/reactnative/app/fractionalre/account/referrals.tsx
reactnative,/fractionalre/learn,mobile-app/reactnative/app/fractionalre/learn/index.tsx
reactnative,/fractionalre/market,mobile-app/reactnative/app/fractionalre/market/index.tsx
reactnative,/fractionalre/market/buy/[listingId],mobile-app/reactnative/app/fractionalre/market/buy/[listingId].tsx
reactnative,/fractionalre/market/list,mobile-app/reactnative/app/fractionalre/market/list.tsx
reactnative,/fractionalre/market/listings,mobile-app/reactnative/app/fractionalre/market/listings.tsx
reactnative,/fractionalre/market/map,mobile-app/reactnative/app/fractionalre/market/map.tsx
reactnative,/fractionalre/market/orders,mobile-app/reactnative/app/fractionalre/market/orders.tsx
reactnative,/fractionalre/onboarding,mobile-app/reactnative/app/fractionalre/onboarding/index.tsx
reactnative,/fractionalre/onboarding/activate,mobile-app/reactnative/app/fractionalre/onboarding/activate.tsx
reactnative,/fractionalre/onboarding/success,mobile-app/reactnative/app/fractionalre/onboarding/success.tsx
reactnative,/fractionalre/onboarding/suitability,mobile-app/reactnative/app/fractionalre/onboarding/suitability.tsx
reactnative,/fractionalre/portfolio,mobile-app/reactnative/app/fractionalre/portfolio/index.tsx
reactnative,/fractionalre/portfolio/[holdingId],mobile-app/reactnative/app/fractionalre/portfolio/[holdingId].tsx
reactnative,/fractionalre/portfolio/auto-invest,mobile-app/reactnative/app/fractionalre/portfolio/auto-invest.tsx
reactnative,/fractionalre/portfolio/payouts,mobile-app/reactnative/app/fractionalre/portfolio/payouts.tsx
reactnative,/fractionalre/portfolio/statements,mobile-app/reactnative/app/fractionalre/portfolio/statements.tsx
reactnative,/fractionalre/watchlist,mobile-app/reactnative/app/fractionalre/watchlist.tsx
reactnative,/fx,mobile-app/reactnative/app/fx/index.tsx
reactnative,/fx/add-wallet,mobile-app/reactnative/app/fx/add-wallet.tsx
reactnative,/fx/beneficiaries,mobile-app/reactnative/app/fx/beneficiaries/index.tsx
reactnative,/fx/beneficiaries/[id],mobile-app/reactnative/app/fx/beneficiaries/[id].tsx
reactnative,/fx/business,mobile-app/reactnative/app/fx/business/index.tsx
reactnative,/fx/business/activity,mobile-app/reactnative/app/fx/business/activity.tsx
reactnative,/fx/business/approvals,mobile-app/reactnative/app/fx/business/approvals.tsx
reactnative,/fx/business/developer,mobile-app/reactnative/app/fx/business/developer.tsx
reactnative,/fx/business/team,mobile-app/reactnative/app/fx/business/team.tsx
reactnative,/fx/business/thresholds,mobile-app/reactnative/app/fx/business/thresholds.tsx
reactnative,/fx/cards,mobile-app/reactnative/app/fx/cards/index.tsx
reactnative,/fx/cards/[id],mobile-app/reactnative/app/fx/cards/[id]/index.tsx
reactnative,/fx/cards/[id]/controls,mobile-app/reactnative/app/fx/cards/[id]/controls.tsx
reactnative,/fx/cards/[id]/fund,mobile-app/reactnative/app/fx/cards/[id]/fund.tsx
reactnative,/fx/cards/[id]/transactions,mobile-app/reactnative/app/fx/cards/[id]/transactions.tsx
reactnative,/fx/cards/new,mobile-app/reactnative/app/fx/cards/new.tsx
reactnative,/fx/convert,mobile-app/reactnative/app/fx/convert/index.tsx
reactnative,/fx/convert/confirm,mobile-app/reactnative/app/fx/convert/confirm.tsx
reactnative,/fx/convert/failed,mobile-app/reactnative/app/fx/convert/failed.tsx
reactnative,/fx/convert/processing,mobile-app/reactnative/app/fx/convert/processing.tsx
reactnative,/fx/convert/success,mobile-app/reactnative/app/fx/convert/success.tsx
reactnative,/fx/kyc,mobile-app/reactnative/app/fx/kyc/index.tsx
reactnative,/fx/kyc/business,mobile-app/reactnative/app/fx/kyc/business.tsx
reactnative,/fx/kyc/consents,mobile-app/reactnative/app/fx/kyc/consents.tsx
reactnative,/fx/kyc/directors,mobile-app/reactnative/app/fx/kyc/directors.tsx
reactnative,/fx/kyc/documents,mobile-app/reactnative/app/fx/kyc/documents.tsx
reactnative,/fx/kyc/identity,mobile-app/reactnative/app/fx/kyc/identity.tsx
reactnative,/fx/kyc/permissions,mobile-app/reactnative/app/fx/kyc/permissions.tsx
reactnative,/fx/kyc/selfie,mobile-app/reactnative/app/fx/kyc/selfie.tsx
reactnative,/fx/kyc/status,mobile-app/reactnative/app/fx/kyc/status.tsx
reactnative,/fx/kyc/submitted,mobile-app/reactnative/app/fx/kyc/submitted.tsx
reactnative,/fx/notifications,mobile-app/reactnative/app/fx/notifications.tsx
reactnative,/fx/rate-alerts,mobile-app/reactnative/app/fx/rate-alerts/index.tsx
reactnative,/fx/rate-alerts/new,mobile-app/reactnative/app/fx/rate-alerts/new.tsx
reactnative,/fx/receive,mobile-app/reactnative/app/fx/receive/index.tsx
reactnative,/fx/receive/[id],mobile-app/reactnative/app/fx/receive/[id].tsx
reactnative,/fx/send,mobile-app/reactnative/app/fx/send/index.tsx
reactnative,/fx/send/amount,mobile-app/reactnative/app/fx/send/amount.tsx
reactnative,/fx/send/bulk,mobile-app/reactnative/app/fx/send/bulk.tsx
reactnative,/fx/send/failed,mobile-app/reactnative/app/fx/send/failed.tsx
reactnative,/fx/send/new-beneficiary,mobile-app/reactnative/app/fx/send/new-beneficiary.tsx
reactnative,/fx/send/processing,mobile-app/reactnative/app/fx/send/processing.tsx
reactnative,/fx/send/recurring,mobile-app/reactnative/app/fx/send/recurring.tsx
reactnative,/fx/send/review,mobile-app/reactnative/app/fx/send/review.tsx
reactnative,/fx/send/success,mobile-app/reactnative/app/fx/send/success.tsx
reactnative,/fx/settings,mobile-app/reactnative/app/fx/settings/index.tsx
reactnative,/fx/settings/limits,mobile-app/reactnative/app/fx/settings/limits.tsx
reactnative,/fx/settings/notifications,mobile-app/reactnative/app/fx/settings/notifications.tsx
reactnative,/fx/settings/security,mobile-app/reactnative/app/fx/settings/security.tsx
reactnative,/fx/settings/stablecoin,mobile-app/reactnative/app/fx/settings/stablecoin.tsx
reactnative,/fx/states/[kind],mobile-app/reactnative/app/fx/states/[kind].tsx
reactnative,/fx/transactions,mobile-app/reactnative/app/fx/transactions/index.tsx
reactnative,/fx/transactions/[id],mobile-app/reactnative/app/fx/transactions/[id].tsx
reactnative,/fx/transactions/dispute/[id],mobile-app/reactnative/app/fx/transactions/dispute/[id].tsx
reactnative,/guard,mobile-app/reactnative/app/guard/index.tsx
reactnative,/guard/analytics,mobile-app/reactnative/app/guard/analytics.tsx
reactnative,/guard/blacklist,mobile-app/reactnative/app/guard/blacklist.tsx
reactnative,/guard/checkout,mobile-app/reactnative/app/guard/checkout.tsx
reactnative,/guard/confirm/[code],mobile-app/reactnative/app/guard/confirm/[code].tsx
reactnative,/guard/expected,mobile-app/reactnative/app/guard/expected.tsx
reactnative,/guard/handover,mobile-app/reactnative/app/guard/handover.tsx
reactnative,/guard/incident,mobile-app/reactnative/app/guard/incident.tsx
reactnative,/guard/log,mobile-app/reactnative/app/guard/log.tsx
reactnative,/guard/lookup,mobile-app/reactnative/app/guard/lookup.tsx
reactnative,/guard/overstay,mobile-app/reactnative/app/guard/overstay.tsx
reactnative,/guard/scan,mobile-app/reactnative/app/guard/scan.tsx
reactnative,/guard/suspicious,mobile-app/reactnative/app/guard/suspicious.tsx
reactnative,/guard/vehicles,mobile-app/reactnative/app/guard/vehicles.tsx
reactnative,/guard/walkin,mobile-app/reactnative/app/guard/walkin.tsx
reactnative,/health,mobile-app/reactnative/app/health/index.tsx
reactnative,/health/consent,mobile-app/reactnative/app/health/consent/index.tsx
reactnative,/health/consent/grant,mobile-app/reactnative/app/health/consent/grant.tsx
reactnative,/health/consult/lobby,mobile-app/reactnative/app/health/consult/lobby.tsx
reactnative,/health/consult/room,mobile-app/reactnative/app/health/consult/room.tsx
reactnative,/health/intake/[schemaId],mobile-app/reactnative/app/health/intake/[schemaId].tsx
reactnative,/health/lab,mobile-app/reactnative/app/health/lab/index.tsx
reactnative,/health/lab/book,mobile-app/reactnative/app/health/lab/book.tsx
reactnative,/health/lab/catalog,mobile-app/reactnative/app/health/lab/catalog.tsx
reactnative,/health/lab/checkout,mobile-app/reactnative/app/health/lab/checkout.tsx
reactnative,/health/lab/collection-confirm,mobile-app/reactnative/app/health/lab/collection-confirm.tsx
reactnative,/health/lab/home-collection,mobile-app/reactnative/app/health/lab/home-collection.tsx
reactnative,/health/lab/lab-select,mobile-app/reactnative/app/health/lab/lab-select.tsx
reactnative,/health/lab/packages,mobile-app/reactnative/app/health/lab/packages.tsx
reactnative,/health/lab/phlebotomist-tracking,mobile-app/reactnative/app/health/lab/phlebotomist-tracking.tsx
reactnative,/health/lab/phlebotomist/assignments,mobile-app/reactnative/app/health/lab/phlebotomist/assignments.tsx
reactnative,/health/lab/phlebotomist/chain-of-custody,mobile-app/reactnative/app/health/lab/phlebotomist/chain-of-custody.tsx
reactnative,/health/lab/phlebotomist/collection-checklist,mobile-app/reactnative/app/health/lab/phlebotomist/collection-checklist.tsx
reactnative,/health/lab/phlebotomist/drop-off,mobile-app/reactnative/app/health/lab/phlebotomist/drop-off.tsx
reactnative,/health/lab/phlebotomist/onboarding,mobile-app/reactnative/app/health/lab/phlebotomist/onboarding.tsx
reactnative,/health/lab/provider/accessioning,mobile-app/reactnative/app/health/lab/provider/accessioning.tsx
reactnative,/health/lab/provider/catalog,mobile-app/reactnative/app/health/lab/provider/catalog.tsx
reactnative,/health/lab/provider/earnings,mobile-app/reactnative/app/health/lab/provider/earnings.tsx
reactnative,/health/lab/provider/onboarding,mobile-app/reactnative/app/health/lab/provider/onboarding.tsx
reactnative,/health/lab/provider/orders,mobile-app/reactnative/app/health/lab/provider/orders.tsx
reactnative,/health/lab/provider/result-entry,mobile-app/reactnative/app/health/lab/provider/result-entry.tsx
reactnative,/health/lab/provider/result-release,mobile-app/reactnative/app/health/lab/provider/result-release.tsx
reactnative,/health/lab/provider/reviews,mobile-app/reactnative/app/health/lab/provider/reviews.tsx
reactnative,/health/lab/ratings,mobile-app/reactnative/app/health/lab/ratings.tsx
reactnative,/health/lab/reorder,mobile-app/reactnative/app/health/lab/reorder.tsx
reactnative,/health/lab/reports,mobile-app/reactnative/app/health/lab/reports.tsx
reactnative,/health/lab/results-interpretation,mobile-app/reactnative/app/health/lab/results-interpretation.tsx
reactnative,/health/lab/results/[id],mobile-app/reactnative/app/health/lab/results/[id].tsx
reactnative,/health/lab/share-results,mobile-app/reactnative/app/health/lab/share-results.tsx
reactnative,/health/lab/test-status,mobile-app/reactnative/app/health/lab/test-status.tsx
reactnative,/health/lab/test/[id],mobile-app/reactnative/app/health/lab/test/[id].tsx
reactnative,/health/pharmacy,mobile-app/reactnative/app/health/pharmacy/index.tsx
reactnative,/health/pharmacy/bnpl,mobile-app/reactnative/app/health/pharmacy/bnpl.tsx
reactnative,/health/pharmacy/cart,mobile-app/reactnative/app/health/pharmacy/cart.tsx
reactnative,/health/pharmacy/checkout,mobile-app/reactnative/app/health/pharmacy/checkout.tsx
reactnative,/health/pharmacy/delivery-tracking,mobile-app/reactnative/app/health/pharmacy/delivery-tracking.tsx
reactnative,/health/pharmacy/medication-list,mobile-app/reactnative/app/health/pharmacy/medication-list.tsx
reactnative,/health/pharmacy/orders,mobile-app/reactnative/app/health/pharmacy/orders.tsx
reactnative,/health/pharmacy/pharmacist-consult,mobile-app/reactnative/app/health/pharmacy/pharmacist-consult.tsx
reactnative,/health/pharmacy/pharmacy-select,mobile-app/reactnative/app/health/pharmacy/pharmacy-select.tsx
reactnative,/health/pharmacy/pickup-code,mobile-app/reactnative/app/health/pharmacy/pickup-code.tsx
reactnative,/health/pharmacy/product/[id],mobile-app/reactnative/app/health/pharmacy/product/[id].tsx
reactnative,/health/pharmacy/provider/catalog,mobile-app/reactnative/app/health/pharmacy/provider/catalog.tsx
reactnative,/health/pharmacy/provider/consult,mobile-app/reactnative/app/health/pharmacy/provider/consult.tsx
reactnative,/health/pharmacy/provider/controlled-log,mobile-app/reactnative/app/health/pharmacy/provider/controlled-log.tsx
reactnative,/health/pharmacy/provider/dispense,mobile-app/reactnative/app/health/pharmacy/provider/dispense.tsx
reactnative,/health/pharmacy/provider/earnings,mobile-app/reactnative/app/health/pharmacy/provider/earnings.tsx
reactnative,/health/pharmacy/provider/handoff,mobile-app/reactnative/app/health/pharmacy/provider/handoff.tsx
reactnative,/health/pharmacy/provider/onboarding,mobile-app/reactnative/app/health/pharmacy/provider/onboarding.tsx
reactnative,/health/pharmacy/provider/orders,mobile-app/reactnative/app/health/pharmacy/provider/orders.tsx
reactnative,/health/pharmacy/provider/reviews,mobile-app/reactnative/app/health/pharmacy/provider/reviews.tsx
reactnative,/health/pharmacy/provider/rx-verify,mobile-app/reactnative/app/health/pharmacy/provider/rx-verify.tsx
reactnative,/health/pharmacy/provider/stock-alerts,mobile-app/reactnative/app/health/pharmacy/provider/stock-alerts.tsx
reactnative,/health/pharmacy/ratings,mobile-app/reactnative/app/health/pharmacy/ratings.tsx
reactnative,/health/pharmacy/refills,mobile-app/reactnative/app/health/pharmacy/refills.tsx
reactnative,/health/pharmacy/reorder,mobile-app/reactnative/app/health/pharmacy/reorder.tsx
reactnative,/health/pharmacy/rx-status,mobile-app/reactnative/app/health/pharmacy/rx-status.tsx
reactnative,/health/pharmacy/rx-wallet,mobile-app/reactnative/app/health/pharmacy/rx-wallet.tsx
reactnative,/health/pharmacy/search,mobile-app/reactnative/app/health/pharmacy/search.tsx
reactnative,/health/pharmacy/symptom,mobile-app/reactnative/app/health/pharmacy/symptom/index.tsx
reactnative,/health/pharmacy/symptom/escalation,mobile-app/reactnative/app/health/pharmacy/symptom/escalation.tsx
reactnative,/health/pharmacy/symptom/refine,mobile-app/reactnative/app/health/pharmacy/symptom/refine.tsx
reactnative,/health/pharmacy/symptom/results,mobile-app/reactnative/app/health/pharmacy/symptom/results.tsx
reactnative,/health/pharmacy/upload-rx,mobile-app/reactnative/app/health/pharmacy/upload-rx.tsx
reactnative,/health/profile,mobile-app/reactnative/app/health/profile/index.tsx
reactnative,/health/provider-onboarding,mobile-app/reactnative/app/health/provider-onboarding.tsx
reactnative,/health/provider/[id],mobile-app/reactnative/app/health/provider/[id].tsx
reactnative,/health/records,mobile-app/reactnative/app/health/records/index.tsx
reactnative,/health/records/[id],mobile-app/reactnative/app/health/records/[id].tsx
reactnative,/health/records/share,mobile-app/reactnative/app/health/records/share.tsx
reactnative,/health/triage,mobile-app/reactnative/app/health/triage/index.tsx
reactnative,/health/triage/checkout,mobile-app/reactnative/app/health/triage/checkout.tsx
reactnative,/health/triage/emergency,mobile-app/reactnative/app/health/triage/emergency.tsx
reactnative,/health/triage/intake,mobile-app/reactnative/app/health/triage/intake.tsx
reactnative,/health/triage/interview,mobile-app/reactnative/app/health/triage/interview.tsx
reactnative,/health/triage/result,mobile-app/reactnative/app/health/triage/result.tsx
reactnative,/health/triage/saved,mobile-app/reactnative/app/health/triage/saved.tsx
reactnative,/health/vet,mobile-app/reactnative/app/health/vet/index.tsx
reactnative,/health/vet/appointments,mobile-app/reactnative/app/health/vet/appointments.tsx
reactnative,/health/vet/book,mobile-app/reactnative/app/health/vet/book.tsx
reactnative,/health/vet/checkout,mobile-app/reactnative/app/health/vet/checkout.tsx
reactnative,/health/vet/consult-summary,mobile-app/reactnative/app/health/vet/consult-summary.tsx
reactnative,/health/vet/emergency-sos,mobile-app/reactnative/app/health/vet/emergency-sos.tsx
reactnative,/health/vet/eprescription/[id],mobile-app/reactnative/app/health/vet/eprescription/[id].tsx
reactnative,/health/vet/find-vet,mobile-app/reactnative/app/health/vet/find-vet.tsx
reactnative,/health/vet/follow-up,mobile-app/reactnative/app/health/vet/follow-up.tsx
reactnative,/health/vet/home-visit-tracking,mobile-app/reactnative/app/health/vet/home-visit-tracking.tsx
reactnative,/health/vet/order-lab,mobile-app/reactnative/app/health/vet/order-lab.tsx
reactnative,/health/vet/pet-add,mobile-app/reactnative/app/health/vet/pet-add.tsx
reactnative,/health/vet/pet-meds,mobile-app/reactnative/app/health/vet/pet-meds.tsx
reactnative,/health/vet/pet/[id],mobile-app/reactnative/app/health/vet/pet/[id].tsx
reactnative,/health/vet/provider/availability,mobile-app/reactnative/app/health/vet/provider/availability.tsx
reactnative,/health/vet/provider/earnings,mobile-app/reactnative/app/health/vet/provider/earnings.tsx
reactnative,/health/vet/provider/eprescribe,mobile-app/reactnative/app/health/vet/provider/eprescribe.tsx
reactnative,/health/vet/provider/home-nav,mobile-app/reactnative/app/health/vet/provider/home-nav.tsx
reactnative,/health/vet/provider/onboarding,mobile-app/reactnative/app/health/vet/provider/onboarding.tsx
reactnative,/health/vet/provider/order-lab,mobile-app/reactnative/app/health/vet/provider/order-lab.tsx
reactnative,/health/vet/provider/pet-chart,mobile-app/reactnative/app/health/vet/provider/pet-chart.tsx
reactnative,/health/vet/provider/profile,mobile-app/reactnative/app/health/vet/provider/profile.tsx
reactnative,/health/vet/provider/referral,mobile-app/reactnative/app/health/vet/provider/referral.tsx
reactnative,/health/vet/provider/requests,mobile-app/reactnative/app/health/vet/provider/requests.tsx
reactnative,/health/vet/provider/reviews,mobile-app/reactnative/app/health/vet/provider/reviews.tsx
reactnative,/health/vet/provider/soap-notes,mobile-app/reactnative/app/health/vet/provider/soap-notes.tsx
reactnative,/health/vet/provider/teleconsult,mobile-app/reactnative/app/health/vet/provider/teleconsult.tsx
reactnative,/health/vet/provider/verification,mobile-app/reactnative/app/health/vet/provider/verification.tsx
reactnative,/health/vet/provider/verification-status,mobile-app/reactnative/app/health/vet/provider/verification-status.tsx
reactnative,/health/vet/ratings,mobile-app/reactnative/app/health/vet/ratings.tsx
reactnative,/health/vet/teleconsult,mobile-app/reactnative/app/health/vet/teleconsult.tsx
reactnative,/health/vet/teleconsult-lobby,mobile-app/reactnative/app/health/vet/teleconsult-lobby.tsx
reactnative,/health/vet/triage,mobile-app/reactnative/app/health/vet/triage.tsx
reactnative,/health/vet/vaccination-scheduler,mobile-app/reactnative/app/health/vet/vaccination-scheduler.tsx
reactnative,/health/vet/vet/[id],mobile-app/reactnative/app/health/vet/vet/[id].tsx
reactnative,/hmo/plan-coverage,mobile-app/reactnative/app/(doctor)/hmo/plan-coverage.tsx
reactnative,/hmo/pre-auth,mobile-app/reactnative/app/(doctor)/hmo/pre-auth.tsx
reactnative,/hmo/pre-auth/[id],mobile-app/reactnative/app/(doctor)/hmo/pre-auth/[id].tsx
reactnative,/hmo/support,mobile-app/reactnative/app/(doctor)/hmo/support.tsx
reactnative,/home,mobile-app/reactnative/app/(tabs)/home.tsx
reactnative,/insurance,mobile-app/reactnative/app/insurance/index.tsx
reactnative,/insurance/agent/assisted-bind,mobile-app/reactnative/app/insurance/agent/assisted-bind.tsx
reactnative,/insurance/agent/assisted-claim,mobile-app/reactnative/app/insurance/agent/assisted-claim.tsx
reactnative,/insurance/agent/assisted-quote,mobile-app/reactnative/app/insurance/agent/assisted-quote.tsx
reactnative,/insurance/agent/book,mobile-app/reactnative/app/insurance/agent/book.tsx
reactnative,/insurance/agent/cash-capture,mobile-app/reactnative/app/insurance/agent/cash-capture.tsx
reactnative,/insurance/agent/commission,mobile-app/reactnative/app/insurance/agent/commission.tsx
reactnative,/insurance/agent/customer-lookup,mobile-app/reactnative/app/insurance/agent/customer-lookup.tsx
reactnative,/insurance/agent/recommend,mobile-app/reactnative/app/insurance/agent/recommend.tsx
reactnative,/insurance/browse,mobile-app/reactnative/app/insurance/browse.tsx
reactnative,/insurance/claims,mobile-app/reactnative/app/insurance/claims/index.tsx
reactnative,/insurance/claims/start,mobile-app/reactnative/app/insurance/claims/start.tsx
reactnative,/insurance/claims/status,mobile-app/reactnative/app/insurance/claims/status.tsx
reactnative,/insurance/components/CoverBadge,mobile-app/reactnative/app/insurance/components/CoverBadge.tsx
reactnative,/insurance/cover/[policyId],mobile-app/reactnative/app/insurance/cover/[policyId].tsx
reactnative,/insurance/disclosure,mobile-app/reactnative/app/insurance/disclosure.tsx
reactnative,/insurance/kyc-gap,mobile-app/reactnative/app/insurance/kyc-gap.tsx
reactnative,/insurance/opt-in/device,mobile-app/reactnative/app/insurance/opt-in/device.tsx
reactnative,/insurance/opt-in/wallet,mobile-app/reactnative/app/insurance/opt-in/wallet.tsx
reactnative,/insurance/partner/claim-status,mobile-app/reactnative/app/insurance/partner/claim-status.tsx
reactnative,/insurance/partner/file-claim,mobile-app/reactnative/app/insurance/partner/file-claim.tsx
reactnative,/insurance/partner/inspection-upload,mobile-app/reactnative/app/insurance/partner/inspection-upload.tsx
reactnative,/insurance/partner/my-policies,mobile-app/reactnative/app/insurance/partner/my-policies.tsx
reactnative,/insurance/partner/onboarding-consent,mobile-app/reactnative/app/insurance/partner/onboarding-consent.tsx
reactnative,/insurance/partner/trip-cover,mobile-app/reactnative/app/insurance/partner/trip-cover.tsx
reactnative,/insurance/pay/failure,mobile-app/reactnative/app/insurance/pay/failure.tsx
reactnative,/insurance/pay/success,mobile-app/reactnative/app/insurance/pay/success.tsx
reactnative,/insurance/policies,mobile-app/reactnative/app/insurance/policies/index.tsx
reactnative,/insurance/policies/[id],mobile-app/reactnative/app/insurance/policies/[id]/index.tsx
reactnative,/insurance/policies/[id]/beneficiaries,mobile-app/reactnative/app/insurance/policies/[id]/beneficiaries.tsx
reactnative,/insurance/policies/[id]/cancel,mobile-app/reactnative/app/insurance/policies/[id]/cancel.tsx
reactnative,/insurance/policies/[id]/certificate,mobile-app/reactnative/app/insurance/policies/[id]/certificate.tsx
reactnative,/insurance/policies/[id]/refund-status,mobile-app/reactnative/app/insurance/policies/[id]/refund-status.tsx
reactnative,/insurance/policies/[id]/renew,mobile-app/reactnative/app/insurance/policies/[id]/renew.tsx
reactnative,/insurance/product/[code],mobile-app/reactnative/app/insurance/product/[code].tsx
reactnative,/insurance/quote/form,mobile-app/reactnative/app/insurance/quote/form.tsx
reactnative,/insurance/quote/review,mobile-app/reactnative/app/insurance/quote/review.tsx
reactnative,/invest,mobile-app/reactnative/app/invest/index.tsx
reactnative,/invest-ai,mobile-app/reactnative/app/invest-ai/index.tsx
reactnative,/invest-ai/chat,mobile-app/reactnative/app/invest-ai/chat.tsx
reactnative,/invest-onboarding,mobile-app/reactnative/app/invest-onboarding/index.tsx
reactnative,/invest-onboarding/agreements,mobile-app/reactnative/app/invest-onboarding/agreements/index.tsx
reactnative,/invest-onboarding/complete,mobile-app/reactnative/app/invest-onboarding/complete.tsx
reactnative,/invest-onboarding/eligibility,mobile-app/reactnative/app/invest-onboarding/eligibility.tsx
reactnative,/invest-onboarding/kyc/identity,mobile-app/reactnative/app/invest-onboarding/kyc/identity.tsx
reactnative,/invest-onboarding/kyc/personal,mobile-app/reactnative/app/invest-onboarding/kyc/personal.tsx
reactnative,/invest-onboarding/kyc/review,mobile-app/reactnative/app/invest-onboarding/kyc/review.tsx
reactnative,/invest-onboarding/kyc/selfie,mobile-app/reactnative/app/invest-onboarding/kyc/selfie.tsx
reactnative,/invest-onboarding/kyc/status,mobile-app/reactnative/app/invest-onboarding/kyc/status.tsx
reactnative,/invest-onboarding/kyc/submitted,mobile-app/reactnative/app/invest-onboarding/kyc/submitted.tsx
reactnative,/invest-onboarding/suitability,mobile-app/reactnative/app/invest-onboarding/suitability/index.tsx
reactnative,/invest-onboarding/suitability/questions,mobile-app/reactnative/app/invest-onboarding/suitability/questions.tsx
reactnative,/invest-onboarding/suitability/result,mobile-app/reactnative/app/invest-onboarding/suitability/result.tsx
reactnative,/invest-settings,mobile-app/reactnative/app/invest-settings/index.tsx
reactnative,/invest-settings/banks,mobile-app/reactnative/app/invest-settings/banks.tsx
reactnative,/invest-settings/fees,mobile-app/reactnative/app/invest-settings/fees.tsx
reactnative,/invest-settings/profile,mobile-app/reactnative/app/invest-settings/profile.tsx
reactnative,/invest-settings/security,mobile-app/reactnative/app/invest-settings/security.tsx
reactnative,/invest-settings/statements,mobile-app/reactnative/app/invest-settings/statements.tsx
reactnative,/invest-settings/support,mobile-app/reactnative/app/invest-settings/support/index.tsx
reactnative,/invest-settings/support/[id],mobile-app/reactnative/app/invest-settings/support/[id].tsx
reactnative,/invest-settings/support/new,mobile-app/reactnative/app/invest-settings/support/new.tsx
reactnative,/invest/buy,mobile-app/reactnative/app/invest/buy.tsx
reactnative,/invest/discover,mobile-app/reactnative/app/invest/discover.tsx
reactnative,/invest/onboarding,mobile-app/reactnative/app/invest/onboarding.tsx
reactnative,/invest/orders,mobile-app/reactnative/app/invest/orders.tsx
reactnative,/invest/portfolio,mobile-app/reactnative/app/invest/portfolio.tsx
reactnative,/invest/security/pin,mobile-app/reactnative/app/invest/security/pin.tsx
reactnative,/invest/sell,mobile-app/reactnative/app/invest/sell.tsx
reactnative,/invest/stock/[symbol],mobile-app/reactnative/app/invest/stock/[symbol].tsx
reactnative,/invest/wallet,mobile-app/reactnative/app/invest/wallet.tsx
reactnative,/investment,mobile-app/reactnative/app/investment/index.tsx
reactnative,/kyc,mobile-app/reactnative/app/kyc.tsx
reactnative,/kyc-verify,mobile-app/reactnative/app/kyc-verify/index.tsx
reactnative,/kyc-verify/address,mobile-app/reactnative/app/kyc-verify/address.tsx
reactnative,/kyc-verify/consent,mobile-app/reactnative/app/kyc-verify/consent.tsx
reactnative,/kyc-verify/document,mobile-app/reactnative/app/kyc-verify/document.tsx
reactnative,/kyc-verify/document-processing,mobile-app/reactnative/app/kyc-verify/document-processing.tsx
reactnative,/kyc-verify/failed,mobile-app/reactnative/app/kyc-verify/failed.tsx
reactnative,/kyc-verify/id-number,mobile-app/reactnative/app/kyc-verify/id-number.tsx
reactnative,/kyc-verify/id-type,mobile-app/reactnative/app/kyc-verify/id-type.tsx
reactnative,/kyc-verify/id-verifying,mobile-app/reactnative/app/kyc-verify/id-verifying.tsx
reactnative,/kyc-verify/pending,mobile-app/reactnative/app/kyc-verify/pending.tsx
reactnative,/kyc-verify/requirements,mobile-app/reactnative/app/kyc-verify/requirements.tsx
reactnative,/kyc-verify/selfie,mobile-app/reactnative/app/kyc-verify/selfie.tsx
reactnative,/kyc-verify/success,mobile-app/reactnative/app/kyc-verify/success.tsx
reactnative,/lab/[orderId],mobile-app/reactnative/app/(doctor)/lab/[orderId].tsx
reactnative,/lab/inbox,mobile-app/reactnative/app/(doctor)/lab/inbox.tsx
reactnative,/lab/order/[orderId],mobile-app/reactnative/app/(doctor)/lab/order/[orderId].tsx
reactnative,/learn,mobile-app/reactnative/app/learn/index.tsx
reactnative,/learn/academy,mobile-app/reactnative/app/learn/academy/index.tsx
reactnative,/learn/academy/announcements,mobile-app/reactnative/app/learn/academy/announcements/index.tsx
reactnative,/learn/academy/bookmarks,mobile-app/reactnative/app/learn/academy/bookmarks/index.tsx
reactnative,/learn/academy/certificates,mobile-app/reactnative/app/learn/academy/certificates/index.tsx
reactnative,/learn/academy/certificates/[id],mobile-app/reactnative/app/learn/academy/certificates/[id].tsx
reactnative,/learn/academy/certificates/verify/[verificationId],mobile-app/reactnative/app/learn/academy/certificates/verify/[verificationId].tsx
reactnative,/learn/academy/class-leaderboard,mobile-app/reactnative/app/learn/academy/class-leaderboard.tsx
reactnative,/learn/academy/community,mobile-app/reactnative/app/learn/academy/community/index.tsx
reactnative,/learn/academy/community/discussions,mobile-app/reactnative/app/learn/academy/community/discussions.tsx
reactnative,/learn/academy/competition,mobile-app/reactnative/app/learn/academy/competition/index.tsx
reactnative,/learn/academy/competition/badges,mobile-app/reactnative/app/learn/academy/competition/badges.tsx
reactnative,/learn/academy/competition/challenge,mobile-app/reactnative/app/learn/academy/competition/challenge.tsx
reactnative,/learn/academy/competition/leaderboard,mobile-app/reactnative/app/learn/academy/competition/leaderboard.tsx
reactnative,/learn/academy/downloads,mobile-app/reactnative/app/learn/academy/downloads/index.tsx
reactnative,/learn/academy/earn,mobile-app/reactnative/app/learn/academy/earn/index.tsx
reactnative,/learn/academy/earn/[id],mobile-app/reactnative/app/learn/academy/earn/[id].tsx
reactnative,/learn/academy/ecce,mobile-app/reactnative/app/learn/academy/ecce/index.tsx
reactnative,/learn/academy/ecce/gate,mobile-app/reactnative/app/learn/academy/ecce/gate.tsx
reactnative,/learn/academy/ecce/play/[id],mobile-app/reactnative/app/learn/academy/ecce/play/[id].tsx
reactnative,/learn/academy/exam,mobile-app/reactnative/app/learn/academy/exam/index.tsx
reactnative,/learn/academy/exam/[arenaId],mobile-app/reactnative/app/learn/academy/exam/[arenaId].tsx
reactnative,/learn/academy/exam/cbt/[attemptId],mobile-app/reactnative/app/learn/academy/exam/cbt/[attemptId].tsx
reactnative,/learn/academy/exam/result/[attemptId],mobile-app/reactnative/app/learn/academy/exam/result/[attemptId].tsx
reactnative,/learn/academy/exam/setup/[arenaId],mobile-app/reactnative/app/learn/academy/exam/setup/[arenaId].tsx
reactnative,/learn/academy/exam/submit/[attemptId],mobile-app/reactnative/app/learn/academy/exam/submit/[attemptId].tsx
reactnative,/learn/academy/fees,mobile-app/reactnative/app/learn/academy/fees/index.tsx
reactnative,/learn/academy/fees/directory,mobile-app/reactnative/app/learn/academy/fees/directory.tsx
reactnative,/learn/academy/fees/disclosure/[invoiceId],mobile-app/reactnative/app/learn/academy/fees/disclosure/[invoiceId].tsx
reactnative,/learn/academy/fees/hardship,mobile-app/reactnative/app/learn/academy/fees/hardship.tsx
reactnative,/learn/academy/fees/installments/[invoiceId],mobile-app/reactnative/app/learn/academy/fees/installments/[invoiceId].tsx
reactnative,/learn/academy/fees/invoice/[invoiceId],mobile-app/reactnative/app/learn/academy/fees/invoice/[invoiceId].tsx
reactnative,/learn/academy/fees/invoices/[childId],mobile-app/reactnative/app/learn/academy/fees/invoices/[childId].tsx
reactnative,/learn/academy/fees/onboarding,mobile-app/reactnative/app/learn/academy/fees/onboarding.tsx
reactnative,/learn/academy/fees/pay/[invoiceId],mobile-app/reactnative/app/learn/academy/fees/pay/[invoiceId].tsx
reactnative,/learn/academy/fees/receipts,mobile-app/reactnative/app/learn/academy/fees/receipts.tsx
reactnative,/learn/academy/fees/sponsor,mobile-app/reactnative/app/learn/academy/fees/sponsor.tsx
reactnative,/learn/academy/fees/vault,mobile-app/reactnative/app/learn/academy/fees/vault/index.tsx
reactnative,/learn/academy/fees/vault/auto-save/[vaultId],mobile-app/reactnative/app/learn/academy/fees/vault/auto-save/[vaultId].tsx
reactnative,/learn/academy/goal,mobile-app/reactnative/app/learn/academy/goal/index.tsx
reactnative,/learn/academy/lesson/[id],mobile-app/reactnative/app/learn/academy/lesson/[id].tsx
reactnative,/learn/academy/lesson/interactive/[id],mobile-app/reactnative/app/learn/academy/lesson/interactive/[id].tsx
reactnative,/learn/academy/lesson/transcript/[id],mobile-app/reactnative/app/learn/academy/lesson/transcript/[id].tsx
reactnative,/learn/academy/live,mobile-app/reactnative/app/learn/academy/live/index.tsx
reactnative,/learn/academy/live/replay/[id],mobile-app/reactnative/app/learn/academy/live/replay/[id].tsx
reactnative,/learn/academy/live/room/[id],mobile-app/reactnative/app/learn/academy/live/room/[id].tsx
reactnative,/learn/academy/mastery/[topicId],mobile-app/reactnative/app/learn/academy/mastery/[topicId].tsx
reactnative,/learn/academy/notes,mobile-app/reactnative/app/learn/academy/notes/index.tsx
reactnative,/learn/academy/notifications,mobile-app/reactnative/app/learn/academy/notifications/index.tsx
reactnative,/learn/academy/onboarding/class,mobile-app/reactnative/app/learn/academy/onboarding/class.tsx
reactnative,/learn/academy/onboarding/placement,mobile-app/reactnative/app/learn/academy/onboarding/placement.tsx
reactnative,/learn/academy/onboarding/role,mobile-app/reactnative/app/learn/academy/onboarding/role.tsx
reactnative,/learn/academy/parent,mobile-app/reactnative/app/learn/academy/parent/index.tsx
reactnative,/learn/academy/parent/add-child,mobile-app/reactnative/app/learn/academy/parent/add-child.tsx
reactnative,/learn/academy/parent/approvals,mobile-app/reactnative/app/learn/academy/parent/approvals.tsx
reactnative,/learn/academy/parent/billing,mobile-app/reactnative/app/learn/academy/parent/billing.tsx
reactnative,/learn/academy/parent/child/[minorId],mobile-app/reactnative/app/learn/academy/parent/child/[minorId].tsx
reactnative,/learn/academy/parent/child/[minorId]/controls,mobile-app/reactnative/app/learn/academy/parent/child/[minorId]/controls.tsx
reactnative,/learn/academy/parent/child/[minorId]/subject/[subjectId],mobile-app/reactnative/app/learn/academy/parent/child/[minorId]/subject/[subjectId].tsx
reactnative,/learn/academy/parent/edupay,mobile-app/reactnative/app/learn/academy/parent/edupay/index.tsx
reactnative,/learn/academy/parent/edupay/pay/[feeId],mobile-app/reactnative/app/learn/academy/parent/edupay/pay/[feeId].tsx
reactnative,/learn/academy/parent/edupay/pots,mobile-app/reactnative/app/learn/academy/parent/edupay/pots.tsx
reactnative,/learn/academy/parent/notifications,mobile-app/reactnative/app/learn/academy/parent/notifications.tsx
reactnative,/learn/academy/parent/reports,mobile-app/reactnative/app/learn/academy/parent/reports.tsx
reactnative,/learn/academy/parent/scholarships,mobile-app/reactnative/app/learn/academy/parent/scholarships.tsx
reactnative,/learn/academy/path,mobile-app/reactnative/app/learn/academy/path/index.tsx
reactnative,/learn/academy/practice/[objectiveId],mobile-app/reactnative/app/learn/academy/practice/[objectiveId].tsx
reactnative,/learn/academy/practice/adaptive,mobile-app/reactnative/app/learn/academy/practice/adaptive.tsx
reactnative,/learn/academy/rewards,mobile-app/reactnative/app/learn/academy/rewards/index.tsx
reactnative,/learn/academy/rewards/redeem,mobile-app/reactnative/app/learn/academy/rewards/redeem.tsx
reactnative,/learn/academy/search,mobile-app/reactnative/app/learn/academy/search/index.tsx
reactnative,/learn/academy/store,mobile-app/reactnative/app/learn/academy/store/index.tsx
reactnative,/learn/academy/store/[bundleId],mobile-app/reactnative/app/learn/academy/store/[bundleId].tsx
reactnative,/learn/academy/store/access-card,mobile-app/reactnative/app/learn/academy/store/access-card.tsx
reactnative,/learn/academy/subject/[id],mobile-app/reactnative/app/learn/academy/subject/[id].tsx
reactnative,/learn/academy/subjects,mobile-app/reactnative/app/learn/academy/subjects.tsx
reactnative,/learn/academy/topic/[id],mobile-app/reactnative/app/learn/academy/topic/[id].tsx
reactnative,/learn/academy/trade,mobile-app/reactnative/app/learn/academy/trade/index.tsx
reactnative,/learn/academy/trade/assessment/[id],mobile-app/reactnative/app/learn/academy/trade/assessment/[id].tsx
reactnative,/learn/academy/trade/mentors,mobile-app/reactnative/app/learn/academy/trade/mentors.tsx
reactnative,/learn/academy/trade/module/[id],mobile-app/reactnative/app/learn/academy/trade/module/[id].tsx
reactnative,/learn/academy/trade/project/[id],mobile-app/reactnative/app/learn/academy/trade/project/[id].tsx
reactnative,/learn/academy/trade/tracks,mobile-app/reactnative/app/learn/academy/trade/tracks.tsx
reactnative,/learn/academy/tutor,mobile-app/reactnative/app/learn/academy/tutor/index.tsx
reactnative,/learn/academy/tutor/assignments,mobile-app/reactnative/app/learn/academy/tutor/assignments.tsx
reactnative,/learn/academy/tutor/earnings,mobile-app/reactnative/app/learn/academy/tutor/earnings.tsx
reactnative,/learn/academy/tutor/grade,mobile-app/reactnative/app/learn/academy/tutor/grade.tsx
reactnative,/learn/academy/tutor/live,mobile-app/reactnative/app/learn/academy/tutor/live.tsx
reactnative,/learn/academy/tutor/onboard,mobile-app/reactnative/app/learn/academy/tutor/onboard.tsx
reactnative,/learn/academy/tutor/profile,mobile-app/reactnative/app/learn/academy/tutor/profile.tsx
reactnative,/learn/academy/tutor/roster,mobile-app/reactnative/app/learn/academy/tutor/roster.tsx
reactnative,/learn/academy/tutor/school,mobile-app/reactnative/app/learn/academy/tutor/school.tsx
reactnative,/learn/academy/tutor/school/[id],mobile-app/reactnative/app/learn/academy/tutor/school/[id].tsx
reactnative,/learn/academy/wallet,mobile-app/reactnative/app/learn/academy/wallet/index.tsx
reactnative,/learn/glossary,mobile-app/reactnative/app/learn/glossary.tsx
reactnative,/learn/lesson/[id],mobile-app/reactnative/app/learn/lesson/[id].tsx
reactnative,/learn/path/[id],mobile-app/reactnative/app/learn/path/[id].tsx
reactnative,/learn/quiz/[lessonId],mobile-app/reactnative/app/learn/quiz/[lessonId].tsx
reactnative,/login,mobile-app/reactnative/app/(auth)/login.tsx
reactnative,/loyalty,mobile-app/reactnative/app/loyalty/index.tsx
reactnative,/loyalty/black,mobile-app/reactnative/app/loyalty/black/index.tsx
reactnative,/loyalty/black/partners,mobile-app/reactnative/app/loyalty/black/partners.tsx
reactnative,/loyalty/black/redeem,mobile-app/reactnative/app/loyalty/black/redeem.tsx
reactnative,/loyalty/black/upgrade,mobile-app/reactnative/app/loyalty/black/upgrade.tsx
reactnative,/loyalty/catalog,mobile-app/reactnative/app/loyalty/catalog.tsx
reactnative,/loyalty/earn-history,mobile-app/reactnative/app/loyalty/earn-history.tsx
reactnative,/loyalty/how-it-works,mobile-app/reactnative/app/loyalty/how-it-works.tsx
reactnative,/loyalty/progress,mobile-app/reactnative/app/loyalty/progress.tsx
reactnative,/loyalty/redeem,mobile-app/reactnative/app/loyalty/redeem.tsx
reactnative,/loyalty/referral,mobile-app/reactnative/app/loyalty/referral.tsx
reactnative,/loyalty/tier-benefits,mobile-app/reactnative/app/loyalty/tier-benefits.tsx
reactnative,/maps,mobile-app/reactnative/app/maps/index.tsx
reactnative,/marketplace,mobile-app/reactnative/app/marketplace/index.tsx
reactnative,/marketplace/account,mobile-app/reactnative/app/marketplace/account.tsx
reactnative,/marketplace/account/blocked,mobile-app/reactnative/app/marketplace/account/blocked.tsx
reactnative,/marketplace/account/following,mobile-app/reactnative/app/marketplace/account/following.tsx
reactnative,/marketplace/account/help,mobile-app/reactnative/app/marketplace/account/help.tsx
reactnative,/marketplace/account/notifications,mobile-app/reactnative/app/marketplace/account/notifications.tsx
reactnative,/marketplace/account/report,mobile-app/reactnative/app/marketplace/account/report.tsx
reactnative,/marketplace/boost/[listingId],mobile-app/reactnative/app/marketplace/boost/[listingId].tsx
reactnative,/marketplace/category/[id],mobile-app/reactnative/app/marketplace/category/[id].tsx
reactnative,/marketplace/deals,mobile-app/reactnative/app/marketplace/deals.tsx
reactnative,/marketplace/deals/[threadId],mobile-app/reactnative/app/marketplace/deals/[threadId].tsx
reactnative,/marketplace/insights/[id],mobile-app/reactnative/app/marketplace/insights/[id].tsx
reactnative,/marketplace/listing/[id],mobile-app/reactnative/app/marketplace/listing/[id].tsx
reactnative,/marketplace/map,mobile-app/reactnative/app/marketplace/map.tsx
reactnative,/marketplace/notifications,mobile-app/reactnative/app/marketplace/notifications.tsx
reactnative,/marketplace/results,mobile-app/reactnative/app/marketplace/results.tsx
reactnative,/marketplace/saved-items,mobile-app/reactnative/app/marketplace/saved-items.tsx
reactnative,/marketplace/saved-searches,mobile-app/reactnative/app/marketplace/saved-searches.tsx
reactnative,/marketplace/search,mobile-app/reactnative/app/marketplace/search.tsx
reactnative,/marketplace/sell,mobile-app/reactnative/app/marketplace/sell.tsx
reactnative,/marketplace/sell/compose,mobile-app/reactnative/app/marketplace/sell/compose.tsx
reactnative,/marketplace/sell/edit/[id],mobile-app/reactnative/app/marketplace/sell/edit/[id].tsx
reactnative,/marketplace/seller/[id],mobile-app/reactnative/app/marketplace/seller/[id].tsx
reactnative,/meetings,mobile-app/reactnative/app/meetings/index.tsx
reactnative,/meetings/[id],mobile-app/reactnative/app/meetings/[id].tsx
reactnative,/meetings/create,mobile-app/reactnative/app/meetings/create.tsx
reactnative,/merchant/[slug],mobile-app/reactnative/app/merchant/[slug].tsx
reactnative,/messages,mobile-app/reactnative/app/(doctor)/(tabs)/messages.tsx
reactnative,/mobility,mobile-app/reactnative/app/mobility/index.tsx
reactnative,/mobility/bus,mobile-app/reactnative/app/mobility/bus/index.tsx
reactnative,/mobility/bus/passenger,mobile-app/reactnative/app/mobility/bus/passenger.tsx
reactnative,/mobility/bus/provider,mobile-app/reactnative/app/mobility/bus/provider/index.tsx
reactnative,/mobility/bus/provider/[id],mobile-app/reactnative/app/mobility/bus/provider/[id].tsx
reactnative,/mobility/bus/provider/manifest/[scheduleId],mobile-app/reactnative/app/mobility/bus/provider/manifest/[scheduleId].tsx
reactnative,/mobility/bus/provider/register,mobile-app/reactnative/app/mobility/bus/provider/register.tsx
reactnative,/mobility/bus/provider/route/[routeId]/schedule,mobile-app/reactnative/app/mobility/bus/provider/route/[routeId]/schedule.tsx
reactnative,/mobility/bus/provider/route/[routeId]/templates,mobile-app/reactnative/app/mobility/bus/provider/route/[routeId]/templates.tsx
reactnative,/mobility/bus/provider/route/new,mobile-app/reactnative/app/mobility/bus/provider/route/new.tsx
reactnative,/mobility/bus/results,mobile-app/reactnative/app/mobility/bus/results.tsx
reactnative,/mobility/bus/review,mobile-app/reactnative/app/mobility/bus/review.tsx
reactnative,/mobility/bus/seats,mobile-app/reactnative/app/mobility/bus/seats.tsx
reactnative,/mobility/bus/ticket/[id],mobile-app/reactnative/app/mobility/bus/ticket/[id].tsx
reactnative,/mobility/bus/tickets,mobile-app/reactnative/app/mobility/bus/tickets.tsx
reactnative,/mobility/business,mobile-app/reactnative/app/mobility/business/index.tsx
reactnative,/mobility/business/batch,mobile-app/reactnative/app/mobility/business/batch.tsx
reactnative,/mobility/business/create,mobile-app/reactnative/app/mobility/business/create.tsx
reactnative,/mobility/business/delivery/[id],mobile-app/reactnative/app/mobility/business/delivery/[id].tsx
reactnative,/mobility/business/invoices,mobile-app/reactnative/app/mobility/business/invoices.tsx
reactnative,/mobility/business/register,mobile-app/reactnative/app/mobility/business/register.tsx
reactnative,/mobility/business/tracking,mobile-app/reactnative/app/mobility/business/tracking.tsx
reactnative,/mobility/carhire,mobile-app/reactnative/app/mobility/carhire/index.tsx
reactnative,/mobility/carhire/[id],mobile-app/reactnative/app/mobility/carhire/[id].tsx
reactnative,/mobility/carhire/gallery,mobile-app/reactnative/app/mobility/carhire/gallery.tsx
reactnative,/mobility/destination,mobile-app/reactnative/app/mobility/destination.tsx
reactnative,/mobility/driver,mobile-app/reactnative/app/mobility/driver/index.tsx
reactnative,/mobility/driver/earnings,mobile-app/reactnative/app/mobility/driver/earnings.tsx
reactnative,/mobility/driver/onboarding,mobile-app/reactnative/app/mobility/driver/onboarding.tsx
reactnative,/mobility/driver/requests,mobile-app/reactnative/app/mobility/driver/requests.tsx
reactnative,/mobility/driver/trip/[id],mobile-app/reactnative/app/mobility/driver/trip/[id].tsx
reactnative,/mobility/driver/trip/[id]/chat,mobile-app/reactnative/app/mobility/driver/trip/[id]/chat.tsx
reactnative,/mobility/estimate,mobile-app/reactnative/app/mobility/estimate.tsx
reactnative,/mobility/events,mobile-app/reactnative/app/mobility/events/index.tsx
reactnative,/mobility/events/book/[id],mobile-app/reactnative/app/mobility/events/book/[id].tsx
reactnative,/mobility/events/bookings,mobile-app/reactnative/app/mobility/events/bookings.tsx
reactnative,/mobility/events/offer/[id],mobile-app/reactnative/app/mobility/events/offer/[id].tsx
reactnative,/mobility/history,mobile-app/reactnative/app/mobility/history.tsx
reactnative,/mobility/movers,mobile-app/reactnative/app/mobility/movers/index.tsx
reactnative,/mobility/movers/[id],mobile-app/reactnative/app/mobility/movers/[id].tsx
reactnative,/mobility/movers/[id]/rate,mobile-app/reactnative/app/mobility/movers/[id]/rate.tsx
reactnative,/mobility/parcel,mobile-app/reactnative/app/mobility/parcel/index.tsx
reactnative,/mobility/parcel/[id],mobile-app/reactnative/app/mobility/parcel/[id].tsx
reactnative,/mobility/parcel/[id]/rate,mobile-app/reactnative/app/mobility/parcel/[id]/rate.tsx
reactnative,/mobility/parcel/courier/[id],mobile-app/reactnative/app/mobility/parcel/courier/[id].tsx
reactnative,/mobility/parcel/courier/earnings,mobile-app/reactnative/app/mobility/parcel/courier/earnings.tsx
reactnative,/mobility/parcel/courier/requests,mobile-app/reactnative/app/mobility/parcel/courier/requests.tsx
reactnative,/mobility/parcel/describe,mobile-app/reactnative/app/mobility/parcel/describe.tsx
reactnative,/mobility/paystack/[reference],mobile-app/reactnative/app/mobility/paystack/[reference].tsx
reactnative,/mobility/safety/contacts,mobile-app/reactnative/app/mobility/safety/contacts.tsx
reactnative,/mobility/scheduled,mobile-app/reactnative/app/mobility/scheduled/index.tsx
reactnative,/mobility/scheduled/[id],mobile-app/reactnative/app/mobility/scheduled/[id].tsx
reactnative,/mobility/scheduled/new,mobile-app/reactnative/app/mobility/scheduled/new.tsx
reactnative,/mobility/searching,mobile-app/reactnative/app/mobility/searching.tsx
reactnative,/mobility/settings,mobile-app/reactnative/app/mobility/settings.tsx
reactnative,/mobility/towing,mobile-app/reactnative/app/mobility/towing/index.tsx
reactnative,/mobility/towing/[id],mobile-app/reactnative/app/mobility/towing/[id].tsx
reactnative,/mobility/towing/[id]/rate,mobile-app/reactnative/app/mobility/towing/[id]/rate.tsx
reactnative,/mobility/trip/[id],mobile-app/reactnative/app/mobility/trip/[id].tsx
reactnative,/mobility/trip/[id]/chat,mobile-app/reactnative/app/mobility/trip/[id]/chat.tsx
reactnative,/mobility/trip/[id]/pin,mobile-app/reactnative/app/mobility/trip/[id]/pin.tsx
reactnative,/mobility/trip/[id]/rate,mobile-app/reactnative/app/mobility/trip/[id]/rate.tsx
reactnative,/module-unavailable,mobile-app/reactnative/app/module-unavailable.tsx
reactnative,/modules,mobile-app/reactnative/app/(merchant)/modules.tsx
reactnative,/notifications,mobile-app/reactnative/app/(tabs)/notifications.tsx
reactnative,/notifications,mobile-app/reactnative/app/(doctor)/notifications.tsx
reactnative,/notifications/preferences,mobile-app/reactnative/app/(doctor)/notifications/preferences.tsx
reactnative,/nutrition/[dishId],mobile-app/reactnative/app/nutrition/[dishId]/index.tsx
reactnative,/nutrition/[dishId]/allergens,mobile-app/reactnative/app/nutrition/[dishId]/allergens.tsx
reactnative,/nutrition/[dishId]/edit,mobile-app/reactnative/app/nutrition/[dishId]/edit.tsx
reactnative,/nutrition/[dishId]/recipe,mobile-app/reactnative/app/nutrition/[dishId]/recipe.tsx
reactnative,/nutrition/menu/[menuId],mobile-app/reactnative/app/nutrition/menu/[menuId].tsx
reactnative,/onboarding,mobile-app/reactnative/app/onboarding.tsx
reactnative,/onboarding,mobile-app/reactnative/app/(doctor)/onboarding/index.tsx
reactnative,/onboarding/builder,mobile-app/reactnative/app/(doctor)/onboarding/builder.tsx
reactnative,/onboarding/consent/[kind],mobile-app/reactnative/app/(doctor)/onboarding/consent/[kind].tsx
reactnative,/onboarding/consents,mobile-app/reactnative/app/(doctor)/onboarding/consents.tsx
reactnative,/onboarding/intro,mobile-app/reactnative/app/(doctor)/onboarding/intro.tsx
reactnative,/onboarding/permissions,mobile-app/reactnative/app/(doctor)/onboarding/permissions/index.tsx
reactnative,/onboarding/permissions/[kind],mobile-app/reactnative/app/(doctor)/onboarding/permissions/[kind].tsx
reactnative,/onboarding/provider-type,mobile-app/reactnative/app/(doctor)/onboarding/provider-type.tsx
reactnative,/onboarding/submit,mobile-app/reactnative/app/(doctor)/onboarding/submit.tsx
reactnative,/onboarding/upgrade-merchant,mobile-app/reactnative/app/(doctor)/onboarding/upgrade-merchant.tsx
reactnative,/patient/[id],mobile-app/reactnative/app/(doctor)/patient/[id].tsx
reactnative,/pharmacy,mobile-app/reactnative/app/(doctor)/pharmacy/index.tsx
reactnative,/pharmacy/[id],mobile-app/reactnative/app/(doctor)/pharmacy/[id].tsx
reactnative,/pharmacy/[id]/chat,mobile-app/reactnative/app/(doctor)/pharmacy/[id]/chat.tsx
reactnative,/pharmacy/[id]/delivery,mobile-app/reactnative/app/(doctor)/pharmacy/[id]/delivery.tsx
reactnative,/pharmacy/catalogue,mobile-app/reactnative/app/pharmacy/catalogue.tsx
reactnative,/pharmacy/directory,mobile-app/reactnative/app/(doctor)/pharmacy/directory.tsx
reactnative,/pharmacy/earnings,mobile-app/reactnative/app/pharmacy/earnings.tsx
reactnative,/pharmacy/order/[id],mobile-app/reactnative/app/pharmacy/order/[id].tsx
reactnative,/pharmacy/orders,mobile-app/reactnative/app/pharmacy/orders.tsx
reactnative,/prescriptions,mobile-app/reactnative/app/(doctor)/prescriptions/index.tsx
reactnative,/prescriptions/[id]/issued,mobile-app/reactnative/app/(doctor)/prescriptions/[id]/issued.tsx
reactnative,/profile,mobile-app/reactnative/app/(tabs)/profile.tsx
reactnative,/profile/business,mobile-app/reactnative/app/profile/business/index.tsx
reactnative,/profile/business/register,mobile-app/reactnative/app/profile/business/register/index.tsx
reactnative,/profile/business/verify,mobile-app/reactnative/app/profile/business/verify.tsx
reactnative,/profile/licence/expiry,mobile-app/reactnative/app/(doctor)/profile/licence/expiry.tsx
reactnative,/profile/licence/renew,mobile-app/reactnative/app/(doctor)/profile/licence/renew.tsx
reactnative,/profile/published,mobile-app/reactnative/app/(doctor)/profile/published.tsx
reactnative,/profile/setup,mobile-app/reactnative/app/(doctor)/profile/setup/index.tsx
reactnative,/profile/setup/affiliations,mobile-app/reactnative/app/(doctor)/profile/setup/affiliations.tsx
reactnative,/profile/setup/association,mobile-app/reactnative/app/(doctor)/profile/setup/association.tsx
reactnative,/profile/setup/bank-account,mobile-app/reactnative/app/(doctor)/profile/setup/bank-account.tsx
reactnative,/profile/setup/bio,mobile-app/reactnative/app/(doctor)/profile/setup/bio.tsx
reactnative,/profile/setup/certificates,mobile-app/reactnative/app/(doctor)/profile/setup/certificates.tsx
reactnative,/profile/setup/education,mobile-app/reactnative/app/(doctor)/profile/setup/education.tsx
reactnative,/profile/setup/experience,mobile-app/reactnative/app/(doctor)/profile/setup/experience.tsx
reactnative,/profile/setup/free-follow-up,mobile-app/reactnative/app/(doctor)/profile/setup/free-follow-up.tsx
reactnative,/profile/setup/government-id,mobile-app/reactnative/app/(doctor)/profile/setup/government-id.tsx
reactnative,/profile/setup/languages,mobile-app/reactnative/app/(doctor)/profile/setup/languages.tsx
reactnative,/profile/setup/licence-number,mobile-app/reactnative/app/(doctor)/profile/setup/licence-number.tsx
reactnative,/profile/setup/licence-upload,mobile-app/reactnative/app/(doctor)/profile/setup/licence-upload.tsx
reactnative,/profile/setup/personal,mobile-app/reactnative/app/(doctor)/profile/setup/personal.tsx
reactnative,/profile/setup/photo,mobile-app/reactnative/app/(doctor)/profile/setup/photo.tsx
reactnative,/profile/setup/preview,mobile-app/reactnative/app/(doctor)/profile/setup/preview.tsx
reactnative,/profile/setup/pricing,mobile-app/reactnative/app/(doctor)/profile/setup/pricing.tsx
reactnative,/profile/setup/specialty,mobile-app/reactnative/app/(doctor)/profile/setup/specialty.tsx
reactnative,/profile/setup/sub-specialty,mobile-app/reactnative/app/(doctor)/profile/setup/sub-specialty.tsx
reactnative,/profile/setup/submit,mobile-app/reactnative/app/(doctor)/profile/setup/submit.tsx
reactnative,/profile/setup/tax-info,mobile-app/reactnative/app/(doctor)/profile/setup/tax-info.tsx
reactnative,/profile/setup/work-experience,mobile-app/reactnative/app/(doctor)/profile/setup/work-experience.tsx
reactnative,/profile/verification/approved,mobile-app/reactnative/app/(doctor)/profile/verification/approved.tsx
reactnative,/profile/verification/failed,mobile-app/reactnative/app/(doctor)/profile/verification/failed.tsx
reactnative,/profile/verification/resubmit,mobile-app/reactnative/app/(doctor)/profile/verification/resubmit.tsx
reactnative,/profile/verification/submitted,mobile-app/reactnative/app/(doctor)/profile/verification/submitted.tsx
reactnative,/properties,mobile-app/reactnative/app/properties/index.tsx
reactnative,/properties/transfer,mobile-app/reactnative/app/properties/transfer.tsx
reactnative,/property,mobile-app/reactnative/app/property/index.tsx
reactnative,/property/estate,mobile-app/reactnative/app/property/estate.tsx
reactnative,/property/rent-passport,mobile-app/reactnative/app/property/rent-passport.tsx
reactnative,/property/roles,mobile-app/reactnative/app/property/roles.tsx
reactnative,/queue,mobile-app/reactnative/app/(doctor)/queue/index.tsx
reactnative,/queue/waiting-room,mobile-app/reactnative/app/(doctor)/queue/waiting-room.tsx
reactnative,/realtor,mobile-app/reactnative/app/realtor/index.tsx
reactnative,/realtor/admin/moderation,mobile-app/reactnative/app/realtor/admin/moderation.tsx
reactnative,/realtor/ai/listing-assistant,mobile-app/reactnative/app/realtor/ai/listing-assistant.tsx
reactnative,/realtor/application,mobile-app/reactnative/app/realtor/application/index.tsx
reactnative,/realtor/application/[id],mobile-app/reactnative/app/realtor/application/[id].tsx
reactnative,/realtor/apply,mobile-app/reactnative/app/realtor/apply/index.tsx
reactnative,/realtor/apply/review,mobile-app/reactnative/app/realtor/apply/review.tsx
reactnative,/realtor/apply/submitted,mobile-app/reactnative/app/realtor/apply/submitted.tsx
reactnative,/realtor/channel-sync,mobile-app/reactnative/app/realtor/channel-sync.tsx
reactnative,/realtor/hotel,mobile-app/reactnative/app/realtor/hotel/index.tsx
reactnative,/realtor/hotel/[id],mobile-app/reactnative/app/realtor/hotel/[id]/index.tsx
reactnative,/realtor/hotel/[id]/book,mobile-app/reactnative/app/realtor/hotel/[id]/book.tsx
reactnative,/realtor/hotel/confirmed,mobile-app/reactnative/app/realtor/hotel/confirmed.tsx
reactnative,/realtor/hotel/desk,mobile-app/reactnative/app/realtor/hotel/desk.tsx
reactnative,/realtor/hotel/reservation/[id],mobile-app/reactnative/app/realtor/hotel/reservation/[id].tsx
reactnative,/realtor/hotel/rooms,mobile-app/reactnative/app/realtor/hotel/rooms.tsx
reactnative,/realtor/inspection,mobile-app/reactnative/app/realtor/inspection/index.tsx
reactnative,/realtor/inspection/[id],mobile-app/reactnative/app/realtor/inspection/[id].tsx
reactnative,/realtor/inspection/book,mobile-app/reactnative/app/realtor/inspection/book.tsx
reactnative,/realtor/inspection/booked,mobile-app/reactnative/app/realtor/inspection/booked.tsx
reactnative,/realtor/lease/[id],mobile-app/reactnative/app/realtor/lease/[id]/index.tsx
reactnative,/realtor/lease/[id]/move-in,mobile-app/reactnative/app/realtor/lease/[id]/move-in.tsx
reactnative,/realtor/lease/[id]/paid,mobile-app/reactnative/app/realtor/lease/[id]/paid.tsx
reactnative,/realtor/lease/[id]/pay,mobile-app/reactnative/app/realtor/lease/[id]/pay.tsx
reactnative,/realtor/lease/[id]/sign,mobile-app/reactnative/app/realtor/lease/[id]/sign.tsx
reactnative,/realtor/listing/[id],mobile-app/reactnative/app/realtor/listing/[id]/index.tsx
reactnative,/realtor/listing/[id]/gallery,mobile-app/reactnative/app/realtor/listing/[id]/gallery.tsx
reactnative,/realtor/maintenance,mobile-app/reactnative/app/realtor/maintenance/index.tsx
reactnative,/realtor/maintenance/[id],mobile-app/reactnative/app/realtor/maintenance/[id].tsx
reactnative,/realtor/maintenance/report,mobile-app/reactnative/app/realtor/maintenance/report.tsx
reactnative,/realtor/owner,mobile-app/reactnative/app/realtor/owner/index.tsx
reactnative,/realtor/owner/create,mobile-app/reactnative/app/realtor/owner/create.tsx
reactnative,/realtor/owner/offering/[unitId],mobile-app/reactnative/app/realtor/owner/offering/[unitId].tsx
reactnative,/realtor/owner/unit/add,mobile-app/reactnative/app/realtor/owner/unit/add.tsx
reactnative,/realtor/owner/void,mobile-app/reactnative/app/realtor/owner/void.tsx
reactnative,/realtor/search,mobile-app/reactnative/app/realtor/search/index.tsx
reactnative,/realtor/search/filters,mobile-app/reactnative/app/realtor/search/filters.tsx
reactnative,/realtor/shortlet/[id]/book,mobile-app/reactnative/app/realtor/shortlet/[id]/book.tsx
reactnative,/realtor/shortlet/booking/[id],mobile-app/reactnative/app/realtor/shortlet/booking/[id].tsx
reactnative,/realtor/shortlet/confirmed,mobile-app/reactnative/app/realtor/shortlet/confirmed.tsx
reactnative,/realtor/vendor/job/[id],mobile-app/reactnative/app/realtor/vendor/job/[id].tsx
reactnative,/realtor/vendor/jobs,mobile-app/reactnative/app/realtor/vendor/jobs.tsx
reactnative,/records,mobile-app/reactnative/app/(doctor)/(tabs)/records.tsx
reactnative,/records/[patientId],mobile-app/reactnative/app/(doctor)/records/[patientId].tsx
reactnative,/records/[patientId]/access-log,mobile-app/reactnative/app/(doctor)/records/[patientId]/access-log.tsx
reactnative,/records/[patientId]/category/[category],mobile-app/reactnative/app/(doctor)/records/[patientId]/category/[category].tsx
reactnative,/referral,mobile-app/reactnative/app/referral/index.tsx
reactnative,/referral/account/earnings-tax,mobile-app/reactnative/app/referral/account/earnings-tax.tsx
reactnative,/referral/account/help-support,mobile-app/reactnative/app/referral/account/help-support.tsx
reactnative,/referral/account/notifications,mobile-app/reactnative/app/referral/account/notifications.tsx
reactnative,/referral/account/report-abuse,mobile-app/reactnative/app/referral/account/report-abuse.tsx
reactnative,/referral/account/responsible-earning,mobile-app/reactnative/app/referral/account/responsible-earning.tsx
reactnative,/referral/account/settings,mobile-app/reactnative/app/referral/account/settings.tsx
reactnative,/referral/account/verification-fraud-status,mobile-app/reactnative/app/referral/account/verification-fraud-status.tsx
reactnative,/referral/agent/dashboard,mobile-app/reactnative/app/referral/agent/dashboard.tsx
reactnative,/referral/agent/disclosure,mobile-app/reactnative/app/referral/agent/disclosure.tsx
reactnative,/referral/agent/member-detail,mobile-app/reactnative/app/referral/agent/member-detail.tsx
reactnative,/referral/agent/onboard-subs,mobile-app/reactnative/app/referral/agent/onboard-subs.tsx
reactnative,/referral/agent/override-ledger,mobile-app/reactnative/app/referral/agent/override-ledger.tsx
reactnative,/referral/agent/team-leaderboard,mobile-app/reactnative/app/referral/agent/team-leaderboard.tsx
reactnative,/referral/agent/training,mobile-app/reactnative/app/referral/agent/training.tsx
reactnative,/referral/ambassador/analytics,mobile-app/reactnative/app/referral/ambassador/analytics.tsx
reactnative,/referral/ambassador/apply,mobile-app/reactnative/app/referral/ambassador/apply.tsx
reactnative,/referral/ambassador/audience,mobile-app/reactnative/app/referral/ambassador/audience.tsx
reactnative,/referral/ambassador/creative-toolkit,mobile-app/reactnative/app/referral/ambassador/creative-toolkit.tsx
reactnative,/referral/ambassador/dashboard,mobile-app/reactnative/app/referral/ambassador/dashboard.tsx
reactnative,/referral/ambassador/payouts,mobile-app/reactnative/app/referral/ambassador/payouts.tsx
reactnative,/referral/ambassador/tier-progression,mobile-app/reactnative/app/referral/ambassador/tier-progression.tsx
reactnative,/referral/campaigns,mobile-app/reactnative/app/referral/(tabs)/campaigns.tsx
reactnative,/referral/campaigns/detail,mobile-app/reactnative/app/referral/campaigns/detail.tsx
reactnative,/referral/campaigns/featured,mobile-app/reactnative/app/referral/campaigns/featured.tsx
reactnative,/referral/earnings,mobile-app/reactnative/app/referral/(tabs)/earnings.tsx
reactnative,/referral/earnings/appeal-clawback,mobile-app/reactnative/app/referral/earnings/appeal-clawback.tsx
reactnative,/referral/earnings/catalog-redeem,mobile-app/reactnative/app/referral/earnings/catalog-redeem.tsx
reactnative,/referral/earnings/clawback-notice,mobile-app/reactnative/app/referral/earnings/clawback-notice.tsx
reactnative,/referral/earnings/currency-selector,mobile-app/reactnative/app/referral/earnings/currency-selector.tsx
reactnative,/referral/earnings/reward-detail,mobile-app/reactnative/app/referral/earnings/reward-detail.tsx
reactnative,/referral/earnings/statement,mobile-app/reactnative/app/referral/earnings/statement.tsx
reactnative,/referral/earnings/vesting-tracker,mobile-app/reactnative/app/referral/earnings/vesting-tracker.tsx
reactnative,/referral/earnings/withdraw,mobile-app/reactnative/app/referral/earnings/withdraw.tsx
reactnative,/referral/gamification/contests,mobile-app/reactnative/app/referral/gamification/contests.tsx
reactnative,/referral/gamification/leaderboards,mobile-app/reactnative/app/referral/gamification/leaderboards.tsx
reactnative,/referral/gamification/mission-detail,mobile-app/reactnative/app/referral/gamification/mission-detail.tsx
reactnative,/referral/gamification/rank-up,mobile-app/reactnative/app/referral/gamification/rank-up.tsx
reactnative,/referral/gamification/ranks-badges,mobile-app/reactnative/app/referral/gamification/ranks-badges.tsx
reactnative,/referral/gamification/streaks,mobile-app/reactnative/app/referral/gamification/streaks.tsx
reactnative,/referral/home,mobile-app/reactnative/app/referral/(tabs)/home.tsx
reactnative,/referral/home/activity-timeline,mobile-app/reactnative/app/referral/home/activity-timeline.tsx
reactnative,/referral/home/my-code,mobile-app/reactnative/app/referral/home/my-code.tsx
reactnative,/referral/home/summary,mobile-app/reactnative/app/referral/home/summary.tsx
reactnative,/referral/invite,mobile-app/reactnative/app/referral/(tabs)/invite.tsx
reactnative,/referral/invite/claim-code,mobile-app/reactnative/app/referral/invite/claim-code.tsx
reactnative,/referral/invite/contact-picker,mobile-app/reactnative/app/referral/invite/contact-picker.tsx
reactnative,/referral/invite/contextual-share,mobile-app/reactnative/app/referral/invite/contextual-share.tsx
reactnative,/referral/invite/nudge,mobile-app/reactnative/app/referral/invite/nudge.tsx
reactnative,/referral/invite/qr-code,mobile-app/reactnative/app/referral/invite/qr-code.tsx
reactnative,/referral/invite/share-by-name,mobile-app/reactnative/app/referral/invite/share-by-name.tsx
reactnative,/referral/invite/tracking,mobile-app/reactnative/app/referral/invite/tracking.tsx
reactnative,/referral/invite/vanity-link,mobile-app/reactnative/app/referral/invite/vanity-link.tsx
reactnative,/referral/invite/vertical-picker,mobile-app/reactnative/app/referral/invite/vertical-picker.tsx
reactnative,/referral/merchant/create-fund-campaign,mobile-app/reactnative/app/referral/merchant/create-fund-campaign.tsx
reactnative,/referral/merchant/dashboard,mobile-app/reactnative/app/referral/merchant/dashboard.tsx
reactnative,/referral/merchant/performance,mobile-app/reactnative/app/referral/merchant/performance.tsx
reactnative,/referral/missions,mobile-app/reactnative/app/referral/(tabs)/missions.tsx
reactnative,/referral/onboarding/become-agent,mobile-app/reactnative/app/referral/onboarding/become-agent.tsx
reactnative,/referral/onboarding/become-ambassador,mobile-app/reactnative/app/referral/onboarding/become-ambassador.tsx
reactnative,/referral/onboarding/become-merchant,mobile-app/reactnative/app/referral/onboarding/become-merchant.tsx
reactnative,/referral/onboarding/code-entry,mobile-app/reactnative/app/referral/onboarding/code-entry.tsx
reactnative,/referral/onboarding/contacts-consent,mobile-app/reactnative/app/referral/onboarding/contacts-consent.tsx
reactnative,/referral/onboarding/disclosure-terms,mobile-app/reactnative/app/referral/onboarding/disclosure-terms.tsx
reactnative,/referral/onboarding/how-earning-works,mobile-app/reactnative/app/referral/onboarding/how-earning-works.tsx
reactnative,/referral/onboarding/hub-entry,mobile-app/reactnative/app/referral/onboarding/hub-entry.tsx
reactnative,/referral/onboarding/role-switcher,mobile-app/reactnative/app/referral/onboarding/role-switcher.tsx
reactnative,/referral/onboarding/step-up-verify,mobile-app/reactnative/app/referral/onboarding/step-up-verify.tsx
reactnative,/referral/rewards,mobile-app/reactnative/app/referral/rewards/index.tsx
reactnative,/referral/rewards/earnings,mobile-app/reactnative/app/referral/rewards/earnings.tsx
reactnative,/referral/rewards/milestone,mobile-app/reactnative/app/referral/rewards/milestone.tsx
reactnative,/referral/rewards/notifications,mobile-app/reactnative/app/referral/rewards/notifications.tsx
reactnative,/referral/rewards/referrals,mobile-app/reactnative/app/referral/rewards/referrals.tsx
reactnative,/referral/rewards/share,mobile-app/reactnative/app/referral/rewards/share.tsx
reactnative,/referral/rewards/tier-upgraded,mobile-app/reactnative/app/referral/rewards/tier-upgraded.tsx
reactnative,/referral/rewards/tiers,mobile-app/reactnative/app/referral/rewards/tiers.tsx
reactnative,/referrals,mobile-app/reactnative/app/(doctor)/referrals/index.tsx
reactnative,/referrals/[id],mobile-app/reactnative/app/(doctor)/referrals/[id].tsx
reactnative,/referrals/[id]/care-team,mobile-app/reactnative/app/(doctor)/referrals/[id]/care-team.tsx
reactnative,/referrals/incoming,mobile-app/reactnative/app/(doctor)/referrals/incoming.tsx
reactnative,/referrals/incoming/[id],mobile-app/reactnative/app/(doctor)/referrals/incoming/[id].tsx
reactnative,/referrals/new,mobile-app/reactnative/app/(doctor)/referrals/new.tsx
reactnative,/refills,mobile-app/reactnative/app/(doctor)/refills/index.tsx
reactnative,/registration,mobile-app/reactnative/app/registration/index.tsx
reactnative,/registration/[id]/payment,mobile-app/reactnative/app/registration/[id]/payment.tsx
reactnative,/registration/[id]/payment-failed,mobile-app/reactnative/app/registration/[id]/payment-failed.tsx
reactnative,/registration/[id]/payment-processing,mobile-app/reactnative/app/registration/[id]/payment-processing.tsx
reactnative,/registration/[id]/status,mobile-app/reactnative/app/registration/[id]/status.tsx
reactnative,/registration/[id]/submit,mobile-app/reactnative/app/registration/[id]/submit.tsx
reactnative,/registration/[id]/success,mobile-app/reactnative/app/registration/[id]/success.tsx
reactnative,/registration/[id]/wizard,mobile-app/reactnative/app/registration/[id]/wizard.tsx
reactnative,/registration/applications,mobile-app/reactnative/app/registration/applications.tsx
reactnative,/repairs,mobile-app/reactnative/app/repairs/index.tsx
reactnative,/repairs/[id],mobile-app/reactnative/app/repairs/[id].tsx
reactnative,/repairs/report,mobile-app/reactnative/app/repairs/report.tsx
reactnative,/reports,mobile-app/reactnative/app/reports/index.tsx
reactnative,/reset-password,mobile-app/reactnative/app/(auth)/reset-password.tsx
reactnative,/reviews,mobile-app/reactnative/app/(doctor)/reviews/index.tsx
reactnative,/reviews/improvements,mobile-app/reactnative/app/(doctor)/reviews/improvements.tsx
reactnative,/reviews/quality-score,mobile-app/reactnative/app/(doctor)/reviews/quality-score.tsx
reactnative,/reviews/ranking,mobile-app/reactnative/app/(doctor)/reviews/ranking.tsx
reactnative,/savings,mobile-app/reactnative/app/savings/index.tsx
reactnative,/savings/ajo/[id],mobile-app/reactnative/app/savings/ajo/[id].tsx
reactnative,/savings/ajo/contribute,mobile-app/reactnative/app/savings/ajo/contribute.tsx
reactnative,/savings/ajo/create,mobile-app/reactnative/app/savings/ajo/create.tsx
reactnative,/savings/ajo/discover,mobile-app/reactnative/app/savings/ajo/discover.tsx
reactnative,/savings/ajo/payout,mobile-app/reactnative/app/savings/ajo/payout.tsx
reactnative,/savings/target/[id],mobile-app/reactnative/app/savings/target/[id].tsx
reactnative,/savings/target/create,mobile-app/reactnative/app/savings/target/create.tsx
reactnative,/savings/vault/[id],mobile-app/reactnative/app/savings/vault/[id].tsx
reactnative,/savings/vault/auto-save,mobile-app/reactnative/app/savings/vault/auto-save.tsx
reactnative,/savings/vault/create,mobile-app/reactnative/app/savings/vault/create.tsx
reactnative,/savings/vault/early-withdraw,mobile-app/reactnative/app/savings/vault/early-withdraw.tsx
reactnative,/schedule/blocked-dates,mobile-app/reactnative/app/(doctor)/schedule/blocked-dates.tsx
reactnative,/schedule/recurring,mobile-app/reactnative/app/(doctor)/schedule/recurring.tsx
reactnative,/schedule/reminders,mobile-app/reactnative/app/(doctor)/schedule/reminders.tsx
reactnative,/schedule/settings,mobile-app/reactnative/app/(doctor)/schedule/settings.tsx
reactnative,/schedule/timezone,mobile-app/reactnative/app/(doctor)/schedule/timezone.tsx
reactnative,/schedule/vacation,mobile-app/reactnative/app/(doctor)/schedule/vacation.tsx
reactnative,/security/set-pin,mobile-app/reactnative/app/security/set-pin.tsx
reactnative,/services,mobile-app/reactnative/app/(tabs)/services.tsx
reactnative,/services/airtime,mobile-app/reactnative/app/services/airtime.tsx
reactnative,/services/beneficiaries,mobile-app/reactnative/app/services/beneficiaries.tsx
reactnative,/services/bills,mobile-app/reactnative/app/services/bills.tsx
reactnative,/services/cable-tv,mobile-app/reactnative/app/services/cable-tv.tsx
reactnative,/services/cards,mobile-app/reactnative/app/services/cards.tsx
reactnative,/services/data,mobile-app/reactnative/app/services/data.tsx
reactnative,/services/education,mobile-app/reactnative/app/services/education.tsx
reactnative,/services/electricity,mobile-app/reactnative/app/services/electricity.tsx
reactnative,/services/food,mobile-app/reactnative/app/services/food.tsx
reactnative,/services/fx,mobile-app/reactnative/app/services/fx.tsx
reactnative,/services/paystack/[reference],mobile-app/reactnative/app/services/paystack/[reference].tsx
reactnative,/services/receipt/[id],mobile-app/reactnative/app/services/receipt/[id].tsx
reactnative,/services/support,mobile-app/reactnative/app/services/support.tsx
reactnative,/services/telemedicine,mobile-app/reactnative/app/services/telemedicine/index.tsx
reactnative,/services/telemedicine/appointment/[id],mobile-app/reactnative/app/services/telemedicine/appointment/[id].tsx
reactnative,/services/telemedicine/appointment/[id]/intake,mobile-app/reactnative/app/services/telemedicine/appointment/[id]/intake/index.tsx
reactnative,/services/telemedicine/appointment/[id]/intake/consent,mobile-app/reactnative/app/services/telemedicine/appointment/[id]/intake/consent.tsx
reactnative,/services/telemedicine/appointment/[id]/review,mobile-app/reactnative/app/services/telemedicine/appointment/[id]/review.tsx
reactnative,/services/telemedicine/appointment/[id]/summary,mobile-app/reactnative/app/services/telemedicine/appointment/[id]/summary.tsx
reactnative,/services/telemedicine/appointments,mobile-app/reactnative/app/services/telemedicine/appointments.tsx
reactnative,/services/telemedicine/book/confirm,mobile-app/reactnative/app/services/telemedicine/book/confirm.tsx
reactnative,/services/telemedicine/book/success,mobile-app/reactnative/app/services/telemedicine/book/success.tsx
reactnative,/services/telemedicine/consult/[id],mobile-app/reactnative/app/services/telemedicine/consult/[id].tsx
reactnative,/services/telemedicine/doctor/[id],mobile-app/reactnative/app/services/telemedicine/doctor/[id].tsx
reactnative,/services/telemedicine/doctor/[id]/book,mobile-app/reactnative/app/services/telemedicine/doctor/[id]/book.tsx
reactnative,/services/telemedicine/doctors,mobile-app/reactnative/app/services/telemedicine/doctors.tsx
reactnative,/services/transactions,mobile-app/reactnative/app/services/transactions/index.tsx
reactnative,/services/transactions/[id],mobile-app/reactnative/app/services/transactions/[id].tsx
reactnative,/services/transfer,mobile-app/reactnative/app/services/transfer.tsx
reactnative,/settings,mobile-app/reactnative/app/(doctor)/settings.tsx
reactnative,/settings/app-preferences,mobile-app/reactnative/app/(doctor)/settings/app-preferences.tsx
reactnative,/settings/delete-account,mobile-app/reactnative/app/(doctor)/settings/delete-account.tsx
reactnative,/settings/devices,mobile-app/reactnative/app/(doctor)/settings/devices.tsx
reactnative,/settings/security,mobile-app/reactnative/app/(doctor)/settings/security.tsx
reactnative,/settings/security/change-password,mobile-app/reactnative/app/(doctor)/settings/security/change-password.tsx
reactnative,/settings/security/two-factor,mobile-app/reactnative/app/(doctor)/settings/security/two-factor.tsx
reactnative,/signup,mobile-app/reactnative/app/(auth)/signup.tsx
reactnative,/social,mobile-app/reactnative/app/social/index.tsx
reactnative,/social/activity,mobile-app/reactnative/app/social/activity.tsx
reactnative,/social/cashtag-setup,mobile-app/reactnative/app/social/cashtag-setup.tsx
reactnative,/social/contacts,mobile-app/reactnative/app/social/contacts.tsx
reactnative,/social/escrow/[id],mobile-app/reactnative/app/social/escrow/[id].tsx
reactnative,/social/escrow/checkout,mobile-app/reactnative/app/social/escrow/checkout.tsx
reactnative,/social/listing/[id],mobile-app/reactnative/app/social/listing/[id].tsx
reactnative,/social/listing/browse,mobile-app/reactnative/app/social/listing/browse.tsx
reactnative,/social/listing/create,mobile-app/reactnative/app/social/listing/create.tsx
reactnative,/social/pay,mobile-app/reactnative/app/social/pay.tsx
reactnative,/social/pool/[id],mobile-app/reactnative/app/social/pool/[id].tsx
reactnative,/social/pool/create,mobile-app/reactnative/app/social/pool/create.tsx
reactnative,/social/request,mobile-app/reactnative/app/social/request.tsx
reactnative,/social/send,mobile-app/reactnative/app/social/send.tsx
reactnative,/social/split/[id],mobile-app/reactnative/app/social/split/[id].tsx
reactnative,/social/split/create,mobile-app/reactnative/app/social/split/create.tsx
reactnative,/social/spray/leaderboard,mobile-app/reactnative/app/social/spray/leaderboard.tsx
reactnative,/social/spray/send,mobile-app/reactnative/app/social/spray/send.tsx
reactnative,/spotlight-wealth,mobile-app/reactnative/app/spotlight-wealth/index.tsx
reactnative,/spotlight-wealth/campaign/[id],mobile-app/reactnative/app/spotlight-wealth/campaign/[id].tsx
reactnative,/spotlight-wealth/challenges/[id],mobile-app/reactnative/app/spotlight-wealth/challenges/[id].tsx
reactnative,/spotlight-wealth/leaderboard,mobile-app/reactnative/app/spotlight-wealth/leaderboard.tsx
reactnative,/spotlight-wealth/rewards,mobile-app/reactnative/app/spotlight-wealth/rewards.tsx
reactnative,/spotlight-wealth/videos,mobile-app/reactnative/app/spotlight-wealth/videos.tsx
reactnative,/stays,mobile-app/reactnative/app/stays/index.tsx
reactnative,/stays/agent/assisted-search,mobile-app/reactnative/app/stays/agent/assisted-search.tsx
reactnative,/stays/agent/assisted-select,mobile-app/reactnative/app/stays/agent/assisted-select.tsx
reactnative,/stays/agent/book,mobile-app/reactnative/app/stays/agent/book.tsx
reactnative,/stays/agent/book-with-agent,mobile-app/reactnative/app/stays/agent/book-with-agent.tsx
reactnative,/stays/agent/cancel-refund,mobile-app/reactnative/app/stays/agent/cancel-refund.tsx
reactnative,/stays/agent/collect-payment,mobile-app/reactnative/app/stays/agent/collect-payment.tsx
reactnative,/stays/agent/commission,mobile-app/reactnative/app/stays/agent/commission.tsx
reactnative,/stays/agent/confirm,mobile-app/reactnative/app/stays/agent/confirm.tsx
reactnative,/stays/agent/confirmation,mobile-app/reactnative/app/stays/agent/confirmation.tsx
reactnative,/stays/agent/customer-lookup,mobile-app/reactnative/app/stays/agent/customer-lookup.tsx
reactnative,/stays/agent/handoff,mobile-app/reactnative/app/stays/agent/handoff.tsx
reactnative,/stays/agent/pay-prepared,mobile-app/reactnative/app/stays/agent/pay-prepared.tsx
reactnative,/stays/agent/quote-hold,mobile-app/reactnative/app/stays/agent/quote-hold.tsx
reactnative,/stays/book/addons,mobile-app/reactnative/app/stays/book/addons.tsx
reactnative,/stays/book/confirm,mobile-app/reactnative/app/stays/book/confirm.tsx
reactnative,/stays/book/deposit-terms,mobile-app/reactnative/app/stays/book/deposit-terms.tsx
reactnative,/stays/book/failure,mobile-app/reactnative/app/stays/book/failure.tsx
reactnative,/stays/book/lead-guest,mobile-app/reactnative/app/stays/book/lead-guest.tsx
reactnative,/stays/book/occupants,mobile-app/reactnative/app/stays/book/occupants.tsx
reactnative,/stays/book/payment-method,mobile-app/reactnative/app/stays/book/payment-method.tsx
reactnative,/stays/book/price-breakdown,mobile-app/reactnative/app/stays/book/price-breakdown.tsx
reactnative,/stays/book/processing,mobile-app/reactnative/app/stays/book/processing.tsx
reactnative,/stays/book/promo,mobile-app/reactnative/app/stays/book/promo.tsx
reactnative,/stays/book/review,mobile-app/reactnative/app/stays/book/review.tsx
reactnative,/stays/book/wallet-pay,mobile-app/reactnative/app/stays/book/wallet-pay.tsx
reactnative,/stays/booking/confirmed,mobile-app/reactnative/app/stays/booking/confirmed.tsx
reactnative,/stays/booking/voucher,mobile-app/reactnative/app/stays/booking/voucher.tsx
reactnative,/stays/dates,mobile-app/reactnative/app/stays/dates.tsx
reactnative,/stays/deals,mobile-app/reactnative/app/stays/deals.tsx
reactnative,/stays/destination,mobile-app/reactnative/app/stays/destination.tsx
reactnative,/stays/empty,mobile-app/reactnative/app/stays/empty.tsx
reactnative,/stays/filters,mobile-app/reactnative/app/stays/filters.tsx
reactnative,/stays/guests,mobile-app/reactnative/app/stays/guests.tsx
reactnative,/stays/host,mobile-app/reactnative/app/stays/host/index.tsx
reactnative,/stays/host/[propertyId]/manage,mobile-app/reactnative/app/stays/host/[propertyId]/manage.tsx
reactnative,/stays/host/create,mobile-app/reactnative/app/stays/host/create.tsx
reactnative,/stays/loyalty,mobile-app/reactnative/app/stays/loyalty/index.tsx
reactnative,/stays/nearby,mobile-app/reactnative/app/stays/nearby.tsx
reactnative,/stays/profile,mobile-app/reactnative/app/stays/profile/index.tsx
reactnative,/stays/profile/saved-guests,mobile-app/reactnative/app/stays/profile/saved-guests.tsx
reactnative,/stays/profile/wallet-overview,mobile-app/reactnative/app/stays/profile/wallet-overview.tsx
reactnative,/stays/property/[id],mobile-app/reactnative/app/stays/property/[id]/index.tsx
reactnative,/stays/property/[id]/amenities,mobile-app/reactnative/app/stays/property/[id]/amenities.tsx
reactnative,/stays/property/[id]/gallery,mobile-app/reactnative/app/stays/property/[id]/gallery.tsx
reactnative,/stays/property/[id]/location,mobile-app/reactnative/app/stays/property/[id]/location.tsx
reactnative,/stays/property/[id]/policies,mobile-app/reactnative/app/stays/property/[id]/policies.tsx
reactnative,/stays/property/[id]/rates,mobile-app/reactnative/app/stays/property/[id]/rates.tsx
reactnative,/stays/property/[id]/reviews,mobile-app/reactnative/app/stays/property/[id]/reviews.tsx
reactnative,/stays/property/[id]/room-detail,mobile-app/reactnative/app/stays/property/[id]/room-detail.tsx
reactnative,/stays/property/[id]/rooms,mobile-app/reactnative/app/stays/property/[id]/rooms.tsx
reactnative,/stays/results/list,mobile-app/reactnative/app/stays/results/list.tsx
reactnative,/stays/results/map,mobile-app/reactnative/app/stays/results/map.tsx
reactnative,/stays/reviews/mine,mobile-app/reactnative/app/stays/reviews/mine.tsx
reactnative,/stays/reviews/write,mobile-app/reactnative/app/stays/reviews/write.tsx
reactnative,/stays/saved,mobile-app/reactnative/app/stays/saved.tsx
reactnative,/stays/sort,mobile-app/reactnative/app/stays/sort.tsx
reactnative,/stays/support/chat,mobile-app/reactnative/app/stays/support/chat.tsx
reactnative,/stays/support/contact,mobile-app/reactnative/app/stays/support/contact.tsx
reactnative,/stays/support/dispute,mobile-app/reactnative/app/stays/support/dispute.tsx
reactnative,/stays/support/help,mobile-app/reactnative/app/stays/support/help.tsx
reactnative,/stays/support/notifications,mobile-app/reactnative/app/stays/support/notifications.tsx
reactnative,/stays/trips,mobile-app/reactnative/app/stays/trips/index.tsx
reactnative,/stays/trips/[id],mobile-app/reactnative/app/stays/trips/[id].tsx
reactnative,/stays/trips/cancel,mobile-app/reactnative/app/stays/trips/cancel.tsx
reactnative,/stays/trips/cancelled,mobile-app/reactnative/app/stays/trips/cancelled.tsx
reactnative,/stays/trips/modify,mobile-app/reactnative/app/stays/trips/modify.tsx
reactnative,/stays/trips/past,mobile-app/reactnative/app/stays/trips/past.tsx
reactnative,/stays/trips/refund-status,mobile-app/reactnative/app/stays/trips/refund-status.tsx
reactnative,/stays/trips/upcoming,mobile-app/reactnative/app/stays/trips/upcoming.tsx
reactnative,/stocks,mobile-app/reactnative/app/stocks/index.tsx
reactnative,/stocks/asset/[symbol],mobile-app/reactnative/app/stocks/asset/[symbol].tsx
reactnative,/stocks/buy,mobile-app/reactnative/app/stocks/buy/index.tsx
reactnative,/stocks/buy/failed,mobile-app/reactnative/app/stocks/buy/failed.tsx
reactnative,/stocks/buy/processing,mobile-app/reactnative/app/stocks/buy/processing.tsx
reactnative,/stocks/buy/review,mobile-app/reactnative/app/stocks/buy/review.tsx
reactnative,/stocks/buy/success,mobile-app/reactnative/app/stocks/buy/success.tsx
reactnative,/stocks/list,mobile-app/reactnative/app/stocks/list.tsx
reactnative,/stocks/offers,mobile-app/reactnative/app/stocks/offers/index.tsx
reactnative,/stocks/offers/[id],mobile-app/reactnative/app/stocks/offers/[id].tsx
reactnative,/stocks/offers/apply,mobile-app/reactnative/app/stocks/offers/apply.tsx
reactnative,/stocks/orders,mobile-app/reactnative/app/stocks/orders/index.tsx
reactnative,/stocks/orders/[id],mobile-app/reactnative/app/stocks/orders/[id].tsx
reactnative,/stocks/portfolio,mobile-app/reactnative/app/stocks/portfolio.tsx
reactnative,/stocks/sell,mobile-app/reactnative/app/stocks/sell/index.tsx
reactnative,/stocks/sell/failed,mobile-app/reactnative/app/stocks/sell/failed.tsx
reactnative,/stocks/sell/processing,mobile-app/reactnative/app/stocks/sell/processing.tsx
reactnative,/stocks/sell/review,mobile-app/reactnative/app/stocks/sell/review.tsx
reactnative,/stocks/sell/success,mobile-app/reactnative/app/stocks/sell/success.tsx
reactnative,/support,mobile-app/reactnative/app/(doctor)/support.tsx
reactnative,/support/chat/[threadId],mobile-app/reactnative/app/(doctor)/support/chat/[threadId].tsx
reactnative,/support/dispute/[id],mobile-app/reactnative/app/(doctor)/support/dispute/[id].tsx
reactnative,/support/disputes,mobile-app/reactnative/app/(doctor)/support/disputes/index.tsx
reactnative,/support/disputes/new,mobile-app/reactnative/app/(doctor)/support/disputes/new.tsx
reactnative,/support/tickets/new,mobile-app/reactnative/app/(doctor)/support/tickets/new.tsx
reactnative,/tasks,mobile-app/reactnative/app/tasks/index.tsx
reactnative,/tasks/[id],mobile-app/reactnative/app/tasks/[id].tsx
reactnative,/tasks/create,mobile-app/reactnative/app/tasks/create.tsx
reactnative,/types,mobile-app/reactnative/app/(merchant)/types.tsx
reactnative,/vendor-portal,mobile-app/reactnative/app/vendor-portal/index.tsx
reactnative,/vendors,mobile-app/reactnative/app/vendors/index.tsx
reactnative,/vendors/onboard,mobile-app/reactnative/app/vendors/onboard.tsx
reactnative,/verify-otp,mobile-app/reactnative/app/(auth)/verify-otp.tsx
reactnative,/vet,mobile-app/reactnative/app/(doctor)/vet/index.tsx
reactnative,/vet/appointments,mobile-app/reactnative/app/(doctor)/vet/appointments.tsx
reactnative,/vet/consult/[id]/call,mobile-app/reactnative/app/(doctor)/vet/consult/[id]/call.tsx
reactnative,/vet/consult/[id]/chat,mobile-app/reactnative/app/(doctor)/vet/consult/[id]/chat.tsx
reactnative,/vet/consult/[id]/summary,mobile-app/reactnative/app/(doctor)/vet/consult/[id]/summary.tsx
reactnative,/vet/fulfilments,mobile-app/reactnative/app/(doctor)/vet/fulfilments.tsx
reactnative,/vet/history,mobile-app/reactnative/app/(doctor)/vet/history.tsx
reactnative,/vet/lab-inbox,mobile-app/reactnative/app/(doctor)/vet/lab-inbox.tsx
reactnative,/vet/lab-result/[orderId],mobile-app/reactnative/app/(doctor)/vet/lab-result/[orderId].tsx
reactnative,/vet/pet-store,mobile-app/reactnative/app/(doctor)/vet/pet-store.tsx
reactnative,/vet/pet/[id],mobile-app/reactnative/app/(doctor)/vet/pet/[id]/index.tsx
reactnative,/vet/pet/[id]/chronic,mobile-app/reactnative/app/(doctor)/vet/pet/[id]/chronic.tsx
reactnative,/vet/pet/[id]/growth,mobile-app/reactnative/app/(doctor)/vet/pet/[id]/growth.tsx
reactnative,/vet/pet/[id]/health-record,mobile-app/reactnative/app/(doctor)/vet/pet/[id]/health-record.tsx
reactnative,/vet/pet/[id]/lab-order,mobile-app/reactnative/app/(doctor)/vet/pet/[id]/lab-order.tsx
reactnative,/vet/pet/[id]/prescription,mobile-app/reactnative/app/(doctor)/vet/pet/[id]/prescription.tsx
reactnative,/vet/pet/[id]/prescription/issue,mobile-app/reactnative/app/(doctor)/vet/pet/[id]/prescription/issue.tsx
reactnative,/vet/pet/[id]/referral,mobile-app/reactnative/app/(doctor)/vet/pet/[id]/referral.tsx
reactnative,/vet/pet/[id]/soap,mobile-app/reactnative/app/(doctor)/vet/pet/[id]/soap.tsx
reactnative,/vet/pet/[id]/vaccinations,mobile-app/reactnative/app/(doctor)/vet/pet/[id]/vaccinations.tsx
reactnative,/vet/prescriptions,mobile-app/reactnative/app/(doctor)/vet/prescriptions.tsx
reactnative,/vet/product/[id],mobile-app/reactnative/app/(doctor)/vet/product/[id].tsx
reactnative,/vet/profile/licence/renew,mobile-app/reactnative/app/(doctor)/vet/profile/licence/renew.tsx
reactnative,/vet/profile/setup,mobile-app/reactnative/app/(doctor)/vet/profile/setup/index.tsx
reactnative,/vet/profile/setup/affiliations,mobile-app/reactnative/app/(doctor)/vet/profile/setup/affiliations.tsx
reactnative,/vet/profile/setup/certificates,mobile-app/reactnative/app/(doctor)/vet/profile/setup/certificates.tsx
reactnative,/vet/profile/setup/experience,mobile-app/reactnative/app/(doctor)/vet/profile/setup/experience.tsx
reactnative,/vet/profile/setup/licence-number,mobile-app/reactnative/app/(doctor)/vet/profile/setup/licence-number.tsx
reactnative,/vet/profile/setup/licence-upload,mobile-app/reactnative/app/(doctor)/vet/profile/setup/licence-upload.tsx
reactnative,/vet/profile/setup/personal,mobile-app/reactnative/app/(doctor)/vet/profile/setup/personal.tsx
reactnative,/vet/profile/setup/preview,mobile-app/reactnative/app/(doctor)/vet/profile/setup/preview.tsx
reactnative,/vet/profile/setup/pricing,mobile-app/reactnative/app/(doctor)/vet/profile/setup/pricing.tsx
reactnative,/vet/profile/setup/specialty,mobile-app/reactnative/app/(doctor)/vet/profile/setup/specialty.tsx
reactnative,/vet/profile/setup/species,mobile-app/reactnative/app/(doctor)/vet/profile/setup/species.tsx
reactnative,/vet/profile/verification,mobile-app/reactnative/app/(doctor)/vet/profile/verification.tsx
reactnative,/vet/refills,mobile-app/reactnative/app/(doctor)/vet/refills.tsx
reactnative,/vet/requests,mobile-app/reactnative/app/(doctor)/vet/requests.tsx
reactnative,/visitor,mobile-app/reactnative/app/visitor/index.tsx
reactnative,/visitor/active,mobile-app/reactnative/app/visitor/active.tsx
reactnative,/visitor/analytics,mobile-app/reactnative/app/visitor/analytics.tsx
reactnative,/visitor/code/[id],mobile-app/reactnative/app/visitor/code/[id].tsx
reactnative,/visitor/create,mobile-app/reactnative/app/visitor/create.tsx
reactnative,/visitor/event-guests,mobile-app/reactnative/app/visitor/event-guests.tsx
reactnative,/visitor/extend/[id],mobile-app/reactnative/app/visitor/extend/[id].tsx
reactnative,/visitor/history,mobile-app/reactnative/app/visitor/history.tsx
reactnative,/visitor/notifications,mobile-app/reactnative/app/visitor/notifications.tsx
reactnative,/visitor/restricted,mobile-app/reactnative/app/visitor/restricted.tsx
reactnative,/visitor/restriction/appeal,mobile-app/reactnative/app/visitor/restriction/appeal.tsx
reactnative,/visitor/restriction/proof,mobile-app/reactnative/app/visitor/restriction/proof.tsx
reactnative,/voting,mobile-app/reactnative/app/voting/index.tsx
reactnative,/voting/buy-votes,mobile-app/reactnative/app/voting/buy-votes.tsx
reactnative,/voting/contest-details,mobile-app/reactnative/app/voting/contest-details.tsx
reactnative,/voting/contestant-dashboard,mobile-app/reactnative/app/voting/contestant-dashboard.tsx
reactnative,/voting/contestant-profile,mobile-app/reactnative/app/voting/contestant-profile.tsx
reactnative,/voting/contestants,mobile-app/reactnative/app/voting/contestants.tsx
reactnative,/voting/contests,mobile-app/reactnative/app/voting/contests.tsx
reactnative,/voting/leaderboard,mobile-app/reactnative/app/voting/leaderboard.tsx
reactnative,/voting/my-votes,mobile-app/reactnative/app/voting/my-votes.tsx
reactnative,/voting/notifications,mobile-app/reactnative/app/voting/notifications.tsx
reactnative,/voting/payment-method,mobile-app/reactnative/app/voting/payment-method.tsx
reactnative,/voting/payment-processing,mobile-app/reactnative/app/voting/payment-processing.tsx
reactnative,/voting/rules,mobile-app/reactnative/app/voting/rules.tsx
reactnative,/voting/support,mobile-app/reactnative/app/voting/support.tsx
reactnative,/voting/vote-failed,mobile-app/reactnative/app/voting/vote-failed.tsx
reactnative,/voting/vote-receipt,mobile-app/reactnative/app/voting/vote-receipt.tsx
reactnative,/voting/vote-success,mobile-app/reactnative/app/voting/vote-success.tsx
reactnative,/wallet,mobile-app/reactnative/app/(tabs)/wallet.tsx
reactnative,/wallet/add,mobile-app/reactnative/app/wallet/add.tsx
reactnative,/wallet/bank-transfer,mobile-app/reactnative/app/wallet/bank-transfer.tsx
reactnative,/wallet/send,mobile-app/reactnative/app/wallet/send.tsx
reactnative,/wallet/topup/[reference],mobile-app/reactnative/app/wallet/topup/[reference].tsx
reactnative,/wallet/transaction/[id],mobile-app/reactnative/app/wallet/transaction/[id].tsx
reactnative,/wallet/withdraw,mobile-app/reactnative/app/wallet/withdraw.tsx
reactnative-src,NearbyMerchantsScreen,mobile-app/reactnative/src/features/mobility/screens/NearbyMerchantsScreen.tsx
vue-quasar,"(none — scaffold only, no src/ directory)",mobile-app/vue-quasar/
